/* SPDX-License-Identifier: (LGPL-2.1 OR BSD-2-Clause) */

/* THIS FILE IS AUTOGENERATED BY BPFTOOL! */
/*
 * Generated by ebpf/gen-skel.sh from bpf/ngx_ebpf.bpf.c and ngx_ebpf.h.
 * Do not edit; rerun the script after changing either file.
 * inputs-sha256: 3a0eaef9acec72dc7189eec3b7e2c13d0b8c9781843ea9d7cf0bf1a8b95dcb03
 */
#ifndef __NGX_EBPF_SKEL_H__
#define __NGX_EBPF_SKEL_H__

#include <errno.h>
#include <stdlib.h>
#include <bpf/libbpf.h>

struct ngx_ebpf {
	struct bpf_object_skeleton *skeleton;
	struct bpf_object *obj;
	struct {
		struct bpf_map *synack_conn;
		struct bpf_map *synack_expect;
		struct bpf_map *synack_scratch;
		struct bpf_map *synack_capture;
		struct bpf_map *synack_stats;
	} maps;
	struct {
		struct bpf_program *synack_out;
		struct bpf_program *synack_in;
	} progs;
	struct {
		struct bpf_link *synack_out;
		struct bpf_link *synack_in;
	} links;

#ifdef __cplusplus
	static inline struct ngx_ebpf *open(const struct bpf_object_open_opts *opts = nullptr);
	static inline struct ngx_ebpf *open_and_load();
	static inline int load(struct ngx_ebpf *skel);
	static inline int attach(struct ngx_ebpf *skel);
	static inline void detach(struct ngx_ebpf *skel);
	static inline void destroy(struct ngx_ebpf *skel);
	static inline const void *elf_bytes(size_t *sz);
#endif /* __cplusplus */
};

static void
ngx_ebpf__destroy(struct ngx_ebpf *obj)
{
	if (!obj)
		return;
	if (obj->skeleton)
		bpf_object__destroy_skeleton(obj->skeleton);
	free(obj);
}

static inline int
ngx_ebpf__create_skeleton(struct ngx_ebpf *obj);

static inline struct ngx_ebpf *
ngx_ebpf__open_opts(const struct bpf_object_open_opts *opts)
{
	struct ngx_ebpf *obj;
	int err;

	obj = (struct ngx_ebpf *)calloc(1, sizeof(*obj));
	if (!obj) {
		errno = ENOMEM;
		return NULL;
	}

	err = ngx_ebpf__create_skeleton(obj);
	if (err)
		goto err_out;

	err = bpf_object__open_skeleton(obj->skeleton, opts);
	if (err)
		goto err_out;

	return obj;
err_out:
	ngx_ebpf__destroy(obj);
	errno = -err;
	return NULL;
}

static inline struct ngx_ebpf *
ngx_ebpf__open(void)
{
	return ngx_ebpf__open_opts(NULL);
}

static inline int
ngx_ebpf__load(struct ngx_ebpf *obj)
{
	return bpf_object__load_skeleton(obj->skeleton);
}

static inline struct ngx_ebpf *
ngx_ebpf__open_and_load(void)
{
	struct ngx_ebpf *obj;
	int err;

	obj = ngx_ebpf__open();
	if (!obj)
		return NULL;
	err = ngx_ebpf__load(obj);
	if (err) {
		ngx_ebpf__destroy(obj);
		errno = -err;
		return NULL;
	}
	return obj;
}

static inline int
ngx_ebpf__attach(struct ngx_ebpf *obj)
{
	return bpf_object__attach_skeleton(obj->skeleton);
}

static inline void
ngx_ebpf__detach(struct ngx_ebpf *obj)
{
	bpf_object__detach_skeleton(obj->skeleton);
}

static inline const void *ngx_ebpf__elf_bytes(size_t *sz);

static inline int
ngx_ebpf__create_skeleton(struct ngx_ebpf *obj)
{
	struct bpf_object_skeleton *s;
	int err;

	s = (struct bpf_object_skeleton *)calloc(1, sizeof(*s));
	if (!s)	{
		err = -ENOMEM;
		goto err;
	}

	s->sz = sizeof(*s);
	s->name = "ngx_ebpf";
	s->obj = &obj->obj;

	/* maps */
	s->map_cnt = 5;
	s->map_skel_sz = sizeof(*s->maps);
	s->maps = (struct bpf_map_skeleton *)calloc(s->map_cnt, s->map_skel_sz);
	if (!s->maps) {
		err = -ENOMEM;
		goto err;
	}

	s->maps[0].name = "synack_conn";
	s->maps[0].map = &obj->maps.synack_conn;

	s->maps[1].name = "synack_expect";
	s->maps[1].map = &obj->maps.synack_expect;

	s->maps[2].name = "synack_scratch";
	s->maps[2].map = &obj->maps.synack_scratch;

	s->maps[3].name = "synack_capture";
	s->maps[3].map = &obj->maps.synack_capture;

	s->maps[4].name = "synack_stats";
	s->maps[4].map = &obj->maps.synack_stats;

	/* programs */
	s->prog_cnt = 2;
	s->prog_skel_sz = sizeof(*s->progs);
	s->progs = (struct bpf_prog_skeleton *)calloc(s->prog_cnt, s->prog_skel_sz);
	if (!s->progs) {
		err = -ENOMEM;
		goto err;
	}

	s->progs[0].name = "synack_out";
	s->progs[0].prog = &obj->progs.synack_out;
	s->progs[0].link = &obj->links.synack_out;

	s->progs[1].name = "synack_in";
	s->progs[1].prog = &obj->progs.synack_in;
	s->progs[1].link = &obj->links.synack_in;

	s->data = ngx_ebpf__elf_bytes(&s->data_sz);

	obj->skeleton = s;
	return 0;
err:
	bpf_object__destroy_skeleton(s);
	return err;
}

static inline const void *ngx_ebpf__elf_bytes(size_t *sz)
{
	static const char data[] __attribute__((__aligned__(8))) = "\
\x7f\x45\x4c\x46\x02\x01\x01\0\0\0\0\0\0\0\0\0\x01\0\xf7\0\x01\0\0\0\0\0\0\0\0\
\0\0\0\0\0\0\0\0\0\0\0\xe0\x43\x01\0\0\0\0\0\0\0\0\0\x40\0\0\0\0\0\x40\0\x09\0\
\x01\0\0\x2e\x73\x74\x72\x74\x61\x62\0\x2e\x73\x79\x6d\x74\x61\x62\0\x6e\x65\
\x74\x66\x69\x6c\x74\x65\x72\0\x2e\x6d\x61\x70\x73\0\x6c\x69\x63\x65\x6e\x73\
\x65\0\x6e\x67\x78\x5f\x65\x62\x70\x66\x2e\x62\x70\x66\x2e\x63\0\x4c\x42\x42\
\x30\x5f\x32\0\x4c\x42\x42\x30\x5f\x37\x35\0\x4c\x42\x42\x30\x5f\x34\0\x4c\x42\
\x42\x30\x5f\x34\x35\0\x4c\x42\x42\x30\x5f\x31\x38\0\x4c\x42\x42\x30\x5f\x33\
\x36\0\x4c\x42\x42\x30\x5f\x32\x33\0\x4c\x42\x42\x30\x5f\x33\x31\0\x4c\x42\x42\
\x30\x5f\x33\x33\0\x4c\x42\x42\x30\x5f\x33\x35\0\x4c\x42\x42\x30\x5f\x34\x36\0\
\x4c\x42\x42\x30\x5f\x33\x30\0\x4c\x42\x42\x30\x5f\x35\x39\0\x4c\x42\x42\x30\
\x5f\x35\x31\0\x4c\x42\x42\x30\x5f\x35\x30\0\x4c\x42\x42\x30\x5f\x35\x36\0\x4c\
\x42\x42\x30\x5f\x35\x38\0\x4c\x42\x42\x30\x5f\x36\x34\0\x4c\x42\x42\x30\x5f\
\x36\x39\0\x4c\x42\x42\x30\x5f\x36\x38\0\x4c\x42\x42\x30\x5f\x37\x31\0\x4c\x42\
\x42\x31\x5f\x37\x36\0\x4c\x42\x42\x31\x5f\x34\0\x4c\x42\x42\x31\x5f\x35\0\x4c\
\x42\x42\x31\x5f\x31\x36\0\x4c\x42\x42\x31\x5f\x31\x31\0\x4c\x42\x42\x31\x5f\
\x31\x38\0\x4c\x42\x42\x31\x5f\x31\x37\0\x4c\x42\x42\x31\x5f\x35\x36\0\x4c\x42\
\x42\x31\x5f\x32\x39\0\x4c\x42\x42\x31\x5f\x34\x37\0\x4c\x42\x42\x31\x5f\x33\
\x34\0\x4c\x42\x42\x31\x5f\x34\x32\0\x4c\x42\x42\x31\x5f\x34\x34\0\x4c\x42\x42\
\x31\x5f\x34\x36\0\x4c\x42\x42\x31\x5f\x35\x37\0\x4c\x42\x42\x31\x5f\x34\x31\0\
\x4c\x42\x42\x31\x5f\x36\x36\0\x4c\x42\x42\x31\x5f\x37\x30\0\x4c\x42\x42\x31\
\x5f\x37\x35\0\x4c\x42\x42\x31\x5f\x37\x34\0\x73\x79\x6e\x61\x63\x6b\x5f\x6f\
\x75\x74\0\x73\x79\x6e\x61\x63\x6b\x5f\x63\x6f\x6e\x6e\0\x73\x79\x6e\x61\x63\
\x6b\x5f\x73\x74\x61\x74\x73\0\x73\x79\x6e\x61\x63\x6b\x5f\x65\x78\x70\x65\x63\
\x74\0\x73\x79\x6e\x61\x63\x6b\x5f\x69\x6e\0\x73\x79\x6e\x61\x63\x6b\x5f\x73\
\x63\x72\x61\x74\x63\x68\0\x73\x79\x6e\x61\x63\x6b\x5f\x63\x61\x70\x74\x75\x72\
\x65\0\x4c\x49\x43\x45\x4e\x53\x45\0\x2e\x72\x65\x6c\x6e\x65\x74\x66\x69\x6c\
\x74\x65\x72\0\x2e\x42\x54\x46\0\x2e\x42\x54\x46\x2e\x65\x78\x74\0\0\0\0\0\0\0\
\0\0\0\0\0\0\0\0\0\0\0\0\0\0\0\0\0\0\0\0\0\0\0\0\x29\0\0\0\x04\0\xf1\xff\0\0\0\
\0\0\0\0\0\0\0\0\0\0\0\0\0\0\0\0\0\x03\0\x03\0\0\0\0\0\0\0\0\0\0\0\0\0\0\0\0\0\
\x38\0\0\0\0\0\x03\0\x90\0\0\0\0\0\0\0\0\0\0\0\0\0\0\0\x3f\0\0\0\0\0\x03\0\xa0\
\x0f\0\0\0\0\0\0\0\0\0\0\0\0\0\0\x47\0\0\0\0\0\x03\0\xa8\0\0\0\0\0\0\0\0\0\0\0\
\0\0\0\0\x4e\0\0\0\0\0\x03\0\xd0\x08\0\0\0\0\0\0\0\0\0\0\0\0\0\0\x56\0\0\0\0\0\
\x03\0\x40\x03\0\0\0\0\0\0\0\0\0\0\0\0\0\0\x5e\0\0\0\0\0\x03\0\xf0\x07\0\0\0\0\
\0\0\0\0\0\0\0\0\0\0\x66\0\0\0\0\0\x03\0\xd8\x08\0\0\0\0\0\0\0\0\0\0\0\0\0\0\
\x6e\0\0\0\0\0\x03\0\x80\x07\0\0\0\0\0\0\0\0\0\0\0\0\0\0\x76\0\0\0\0\0\x03\0\
\xa8\x07\0\0\0\0\0\0\0\0\0\0\0\0\0\0\x7e\0\0\0\0\0\x03\0\xe8\x07\0\0\0\0\0\0\0\
\0\0\0\0\0\0\0\x86\0\0\0\0\0\x03\0\xb0\x09\0\0\0\0\0\0\0\0\0\0\0\0\0\0\x8e\0\0\
\0\0\0\x03\0\x98\x09\0\0\0\0\0\0\0\0\0\0\0\0\0\0\x96\0\0\0\0\0\x03\0\xb0\x0f\0\
\0\0\0\0\0\0\0\0\0\0\0\0\0\x9e\0\0\0\0\0\x03\0\xb8\x0b\0\0\0\0\0\0\0\0\0\0\0\0\
\0\0\xa6\0\0\0\0\0\x03\0\xa8\x0b\0\0\0\0\0\0\0\0\0\0\0\0\0\0\xae\0\0\0\0\0\x03\
\0\x48\x0f\0\0\0\0\0\0\0\0\0\0\0\0\0\0\xb6\0\0\0\0\0\x03\0\x90\x0f\0\0\0\0\0\0\
\0\0\0\0\0\0\0\0\xbe\0\0\0\0\0\x03\0\xb0\x10\0\0\0\0\0\0\0\0\0\0\0\0\0\0\xc6\0\
\0\0\0\0\x03\0\x48\x11\0\0\0\0\0\0\0\0\0\0\0\0\0\0\xce\0\0\0\0\0\x03\0\x40\x11\
\0\0\0\0\0\0\0\0\0\0\0\0\0\0\xd6\0\0\0\0\0\x03\0\x28\x12\0\0\0\0\0\0\0\0\0\0\0\
\0\0\0\xde\0\0\0\0\0\x03\0\xe0\x16\0\0\0\0\0\0\0\0\0\0\0\0\0\0\xe6\0\0\0\0\0\
\x03\0\x80\x13\0\0\0\0\0\0\0\0\0\0\0\0\0\0\xed\0\0\0\0\0\x03\0\xb0\x13\0\0\0\0\
\0\0\0\0\0\0\0\0\0\0\xf4\0\0\0\0\0\x03\0\x68\x14\0\0\0\0\0\0\0\0\0\0\0\0\0\0\
\xfc\0\0\0\0\0\x03\0\x38\x14\0\0\0\0\0\0\0\0\0\0\0\0\0\0\x04\x01\0\0\0\0\x03\0\
\xb0\x16\0\0\0\0\0\0\0\0\0\0\0\0\0\0\x0c\x01\0\0\0\0\x03\0\xa0\x16\0\0\0\0\0\0\
\0\0\0\0\0\0\0\0\x14\x01\0\0\0\0\x03\0\x70\x1c\0\0\0\0\0\0\0\0\0\0\0\0\0\0\x1c\
\x01\0\0\0\0\x03\0\xf0\x16\0\0\0\0\0\0\0\0\0\0\0\0\0\0\x24\x01\0\0\0\0\x03\0\
\xa0\x1b\0\0\0\0\0\0\0\0\0\0\0\0\0\0\x2c\x01\0\0\0\0\x03\0\x78\x1c\0\0\0\0\0\0\
\0\0\0\0\0\0\0\0\x34\x01\0\0\0\0\x03\0\x30\x1b\0\0\0\0\0\0\0\0\0\0\0\0\0\0\x3c\
\x01\0\0\0\0\x03\0\x58\x1b\0\0\0\0\0\0\0\0\0\0\0\0\0\0\x44\x01\0\0\0\0\x03\0\
\x98\x1b\0\0\0\0\0\0\0\0\0\0\0\0\0\0\x4c\x01\0\0\0\0\x03\0\x50\x1d\0\0\0\0\0\0\
\0\0\0\0\0\0\0\0\x54\x01\0\0\0\0\x03\0\x38\x1d\0\0\0\0\0\0\0\0\0\0\0\0\0\0\x5c\
\x01\0\0\0\0\x03\0\x10\x21\0\0\0\0\0\0\0\0\0\0\0\0\0\0\x64\x01\0\0\0\0\x03\0\
\xc8\x21\0\0\0\0\0\0\0\0\0\0\0\0\0\0\x6c\x01\0\0\0\0\x03\0\xb0\x22\0\0\0\0\0\0\
\0\0\0\0\0\0\0\0\x74\x01\0\0\0\0\x03\0\x48\x22\0\0\0\0\0\0\0\0\0\0\0\0\0\0\x7c\
\x01\0\0\x12\0\x03\0\0\0\0\0\0\0\0\0\xb0\x12\0\0\0\0\0\0\x87\x01\0\0\x11\0\x04\
\0\0\0\0\0\0\0\0\0\x20\0\0\0\0\0\0\0\x93\x01\0\0\x11\0\x04\0\x80\0\0\0\0\0\0\0\
\x28\0\0\0\0\0\0\0\xa0\x01\0\0\x11\0\x04\0\x20\0\0\0\0\0\0\0\x20\0\0\0\0\0\0\0\
\xae\x01\0\0\x12\0\x03\0\xb0\x12\0\0\0\0\0\0\x18\x10\0\0\0\0\0\0\xb8\x01\0\0\
\x11\0\x04\0\x40\0\0\0\0\0\0\0\x20\0\0\0\0\0\0\0\xc7\x01\0\0\x11\0\x04\0\x60\0\
\0\0\0\0\0\0\x20\0\0\0\0\0\0\0\xd6\x01\0\0\x11\0\x05\0\0\0\0\0\0\0\0\0\x04\0\0\
\0\0\0\0\0\xb7\x02\0\0\0\0\0\0\x7b\x2a\xa0\xff\0\0\0\0\xb4\x03\0\0\0\0\0\0\x63\
\x3a\xa8\xff\0\0\0\0\x7b\x2a\x90\xff\0\0\0\0\x63\x3a\x98\xff\0\0\0\0\x63\x3a\
\x88\xff\0\0\0\0\x7b\x2a\x80\xff\0\0\0\0\x7b\x2a\x78\xff\0\0\0\0\x7b\x2a\x70\
\xff\0\0\0\0\x7b\x2a\x68\xff\0\0\0\0\x7b\x2a\x60\xff\0\0\0\0\x79\x12\0\0\0\0\0\
\0\x79\x22\x18\0\0\0\0\0\x55\x02\x03\0\0\0\0\0\x79\x12\x08\0\0\0\0\0\x79\x22\
\x18\0\0\0\0\0\x15\x02\xe2\x01\0\0\0\0\x71\x23\x12\0\0\0\0\0\x16\x03\x01\0\x07\
\0\0\0\x56\x03\xdf\x01\x02\0\0\0\x79\x22\x58\0\0\0\0\0\x7b\x2a\xb0\xff\0\0\0\0\
\x15\x02\xdc\x01\0\0\0\0\xbf\xa2\0\0\0\0\0\0\x07\x02\0\0\xb0\xff\xff\xff\xbf\
\x16\0\0\0\0\0\0\x18\x01\0\0\0\0\0\0\0\0\0\0\0\0\0\0\x85\0\0\0\x01\0\0\0\xbf\
\x61\0\0\0\0\0\0\x15\0\xd4\x01\0\0\0\0\x61\x02\0\0\0\0\0\0\x56\x02\xd2\x01\0\0\
\0\0\x79\x11\x08\0\0\0\0\0\x79\x16\xc8\0\0\0\0\0\x79\x19\xd0\0\0\0\0\0\x61\x13\
\x70\0\0\0\0\0\x69\x17\xb8\0\0\0\0\0\x61\x11\xbc\0\0\0\0\0\xae\x71\xf1\0\0\0\0\
\0\xbc\x18\0\0\0\0\0\0\x1c\x78\0\0\0\0\0\0\xa6\x08\xee\0\x14\0\0\0\x1f\x69\0\0\
\0\0\0\0\x2d\x19\xec\0\0\0\0\0\xbf\x91\0\0\0\0\0\0\x0f\x31\0\0\0\0\0\0\xad\x71\
\xe9\0\0\0\0\0\x0f\x76\0\0\0\0\0\0\xbf\xa1\0\0\0\0\0\0\x07\x01\0\0\xd8\xff\xff\
\xff\xb4\x02\0\0\x14\0\0\0\x7b\x3a\x58\xff\0\0\0\0\xbf\x63\0\0\0\0\0\0\x7b\x0a\
\x50\xff\0\0\0\0\x85\0\0\0\x71\0\0\0\x79\xa3\x58\xff\0\0\0\0\x55\0\xdf\0\0\0\0\
\0\x71\xa5\xd8\xff\0\0\0\0\xbc\x51\0\0\0\0\0\0\x74\x01\0\0\x04\0\0\0\x16\x01\
\x29\0\x06\0\0\0\x56\x01\xda\0\x04\0\0\0\x64\x05\0\0\x02\0\0\0\x54\x05\0\0\x3c\
\0\0\0\xa6\x05\xd7\0\x14\0\0\0\x71\xa1\xe1\xff\0\0\0\0\x56\x01\xd5\0\x06\0\0\0\
\x71\xa1\xde\xff\0\0\0\0\x54\x01\0\0\x3f\0\0\0\x71\xa2\xdf\xff\0\0\0\0\x4c\x21\
\0\0\0\0\0\0\x54\x01\0\0\xff\0\0\0\x56\x01\xcf\0\0\0\0\0\x71\xa4\xda\xff\0\0\0\
\0\x64\x04\0\0\x08\0\0\0\x71\xa1\xdb\xff\0\0\0\0\x4c\x14\0\0\0\0\0\0\x71\xa1\
\xe9\xff\0\0\0\0\x64\x01\0\0\x08\0\0\0\x71\xa2\xe8\xff\0\0\0\0\x4c\x21\0\0\0\0\
\0\0\x71\xa2\xea\xff\0\0\0\0\x64\x02\0\0\x10\0\0\0\x71\xa0\xeb\xff\0\0\0\0\x64\
\0\0\0\x18\0\0\0\x4c\x20\0\0\0\0\0\0\x4c\x10\0\0\0\0\0\0\x63\x0a\x20\xff\0\0\0\
\0\x71\xa1\xe5\xff\0\0\0\0\x64\x01\0\0\x08\0\0\0\x71\xa2\xe4\xff\0\0\0\0\x4c\
\x21\0\0\0\0\0\0\x71\xa2\xe6\xff\0\0\0\0\x64\x02\0\0\x10\0\0\0\x71\xa0\xe7\xff\
\0\0\0\0\x64\0\0\0\x18\0\0\0\x4c\x20\0\0\0\0\0\0\x4c\x10\0\0\0\0\0\0\x63\x0a\
\x28\xff\0\0\0\0\xb4\x01\0\0\x02\0\0\0\x63\x1a\x18\xff\0\0\0\0\x05\0\x96\0\0\0\
\0\0\xa6\x08\xb1\0\x28\0\0\0\xbf\xa1\0\0\0\0\0\0\x07\x01\0\0\xd8\xff\xff\xff\
\xb4\x02\0\0\x28\0\0\0\xbf\x63\0\0\0\0\0\0\x85\0\0\0\x71\0\0\0\x55\0\xab\0\0\0\
\0\0\x71\xa2\xdc\xff\0\0\0\0\x64\x02\0\0\x08\0\0\0\x71\xa1\xdd\xff\0\0\0\0\x4c\
\x12\0\0\0\0\0\0\x16\x02\xa6\0\0\0\0\0\x71\xa3\xf9\xff\0\0\0\0\x64\x03\0\0\x08\
\0\0\0\x71\xa1\xf8\xff\0\0\0\0\x4c\x13\0\0\0\0\0\0\x63\x3a\x28\xff\0\0\0\0\x71\
\xa1\xfa\xff\0\0\0\0\x64\x01\0\0\x10\0\0\0\x71\xa3\xfb\xff\0\0\0\0\x64\x03\0\0\
\x18\0\0\0\x4c\x13\0\0\0\0\0\0\x7b\x3a\x48\xff\0\0\0\0\x71\xa1\xf4\xff\0\0\0\0\
\x71\xa5\xf5\xff\0\0\0\0\x67\x05\0\0\x08\0\0\0\x4f\x15\0\0\0\0\0\0\x71\xa1\xf6\
\xff\0\0\0\0\x67\x01\0\0\x10\0\0\0\x71\xa3\xf7\xff\0\0\0\0\x67\x03\0\0\x18\0\0\
\0\x4f\x13\0\0\0\0\0\0\x7b\x3a\x40\xff\0\0\0\0\x7b\x2a\x30\xff\0\0\0\0\x71\xa4\
\xe9\xff\0\0\0\0\x64\x04\0\0\x08\0\0\0\x71\xa2\xe8\xff\0\0\0\0\x4c\x24\0\0\0\0\
\0\0\x71\xa3\xea\xff\0\0\0\0\x64\x03\0\0\x10\0\0\0\x71\xa1\xeb\xff\0\0\0\0\x64\
\x01\0\0\x18\0\0\0\x4c\x31\0\0\0\0\0\0\xbf\x12\0\0\0\0\0\0\x71\xa0\xe4\xff\0\0\
\0\0\x71\xa3\xe5\xff\0\0\0\0\x67\x03\0\0\x08\0\0\0\x4f\x03\0\0\0\0\0\0\x71\xa1\
\xe6\xff\0\0\0\0\x67\x01\0\0\x10\0\0\0\x71\xa0\xe7\xff\0\0\0\0\x67\0\0\0\x18\0\
\0\0\x4f\x10\0\0\0\0\0\0\x4f\x30\0\0\0\0\0\0\x4c\x42\0\0\0\0\0\0\x7b\x2a\x38\
\xff\0\0\0\0\x79\xa1\x40\xff\0\0\0\0\x4f\x51\0\0\0\0\0\0\x7b\x1a\x40\xff\0\0\0\
\0\x79\xa1\x48\xff\0\0\0\0\x61\xa2\x28\xff\0\0\0\0\x4c\x21\0\0\0\0\0\0\x7b\x1a\
\x48\xff\0\0\0\0\x71\xa2\xed\xff\0\0\0\0\x64\x02\0\0\x08\0\0\0\x71\xa1\xec\xff\
\0\0\0\0\x4c\x12\0\0\0\0\0\0\x63\x2a\x28\xff\0\0\0\0\x71\xa1\xee\xff\0\0\0\0\
\x64\x01\0\0\x10\0\0\0\x71\xa4\xef\xff\0\0\0\0\x64\x04\0\0\x18\0\0\0\x4c\x14\0\
\0\0\0\0\0\x71\xa2\xfd\xff\0\0\0\0\x64\x02\0\0\x08\0\0\0\x71\xa5\xfc\xff\0\0\0\
\0\x4c\x52\0\0\0\0\0\0\x71\xa1\xfe\xff\0\0\0\0\x64\x01\0\0\x10\0\0\0\x71\xa5\
\xff\xff\0\0\0\0\x64\x05\0\0\x18\0\0\0\x4c\x15\0\0\0\0\0\0\x79\xa1\x48\xff\0\0\
\0\0\x67\x01\0\0\x20\0\0\0\x79\xa3\x40\xff\0\0\0\0\x4f\x31\0\0\0\0\0\0\x7b\x1a\
\x48\xff\0\0\0\0\x79\xa1\x38\xff\0\0\0\0\x67\x01\0\0\x20\0\0\0\x4f\x01\0\0\0\0\
\0\0\x7b\x1a\x38\xff\0\0\0\0\x4c\x25\0\0\0\0\0\0\x61\xa1\x28\xff\0\0\0\0\x4c\
\x14\0\0\0\0\0\0\x71\xa1\xe1\xff\0\0\0\0\x64\x01\0\0\x08\0\0\0\x71\xa2\xe0\xff\
\0\0\0\0\x4c\x21\0\0\0\0\0\0\x63\x1a\x40\xff\0\0\0\0\x71\xa2\xe2\xff\0\0\0\0\
\x64\x02\0\0\x10\0\0\0\x71\xa0\xe3\xff\0\0\0\0\x64\0\0\0\x18\0\0\0\x4c\x20\0\0\
\0\0\0\0\x71\xa2\xf1\xff\0\0\0\0\x64\x02\0\0\x08\0\0\0\x71\xa3\xf0\xff\0\0\0\0\
\x4c\x32\0\0\0\0\0\0\x71\xa3\xf2\xff\0\0\0\0\x64\x03\0\0\x10\0\0\0\x71\xa1\xf3\
\xff\0\0\0\0\x64\x01\0\0\x18\0\0\0\x4c\x31\0\0\0\0\0\0\x79\xa3\x58\xff\0\0\0\0\
\x63\x4a\xa8\xff\0\0\0\0\x79\xa4\x30\xff\0\0\0\0\x63\x5a\x98\xff\0\0\0\0\x79\
\xa5\x38\xff\0\0\0\0\x7b\x5a\xa0\xff\0\0\0\0\x79\xa5\x48\xff\0\0\0\0\x7b\x5a\
\x90\xff\0\0\0\0\x4c\x21\0\0\0\0\0\0\x63\x1a\x20\xff\0\0\0\0\x61\xa1\x40\xff\0\
\0\0\0\x4c\x10\0\0\0\0\0\0\x63\x0a\x28\xff\0\0\0\0\xb4\x05\0\0\x28\0\0\0\xb4\
\x01\0\0\x0a\0\0\0\x63\x1a\x18\xff\0\0\0\0\x04\x04\0\0\x28\0\0\0\x71\xa2\xde\
\xff\0\0\0\0\x16\x02\x12\0\x06\0\0\0\xb4\x05\0\0\x28\0\0\0\xb4\x01\0\0\0\0\0\0\
\x7b\x4a\x30\xff\0\0\0\0\x05\0\x2b\0\0\0\0\0\x54\x02\0\0\xff\0\0\0\x56\x02\x28\
\0\x33\0\0\0\xb4\x02\0\0\x02\0\0\0\x71\xa1\xbf\xff\0\0\0\0\x16\x01\x25\0\0\0\0\
\0\x6c\x21\0\0\0\0\0\0\x0c\x15\0\0\0\0\0\0\x71\xa2\xbe\xff\0\0\0\0\x04\x05\0\0\
\x08\0\0\0\x61\xa1\x38\xff\0\0\0\0\x26\x01\x02\0\x06\0\0\0\x04\x01\0\0\x01\0\0\
\0\x56\x02\x1e\0\x06\0\0\0\x56\x02\x1c\0\x06\0\0\0\x1f\x79\0\0\0\0\0\0\x0f\x39\
\0\0\0\0\0\0\xad\x49\x19\0\0\0\0\0\x26\x05\x18\0\xec\0\0\0\xbc\x51\0\0\0\0\0\0\
\x04\x01\0\0\x14\0\0\0\x2e\x81\x15\0\0\0\0\0\x2e\x41\x14\0\0\0\0\0\x0f\x56\0\0\
\0\0\0\0\xbf\xa1\0\0\0\0\0\0\x07\x01\0\0\xc0\xff\xff\xff\xb4\x02\0\0\x14\0\0\0\
\xbf\x63\0\0\0\0\0\0\xbf\x46\0\0\0\0\0\0\xbf\x57\0\0\0\0\0\0\x85\0\0\0\x71\0\0\
\0\xbf\x74\0\0\0\0\0\0\xbf\x63\0\0\0\0\0\0\x79\xa1\x50\xff\0\0\0\0\x55\0\x08\0\
\0\0\0\0\x71\xa2\xcc\xff\0\0\0\0\x74\x02\0\0\x02\0\0\0\x54\x02\0\0\x3c\0\0\0\
\xa6\x02\x04\0\x14\0\0\0\x0c\x24\0\0\0\0\0\0\x2e\x84\x02\0\0\0\0\0\x26\x04\x01\
\0\0\x01\0\0\xbe\x34\x1c\0\0\0\0\0\x05\0\xd9\0\0\0\0\0\x63\x1a\x38\xff\0\0\0\0\
\x26\x05\xfd\xff\xec\0\0\0\xbc\x51\0\0\0\0\0\0\x44\x01\0\0\x02\0\0\0\x2e\x81\
\xfa\xff\0\0\0\0\x2e\x41\xf9\xff\0\0\0\0\xbf\x63\0\0\0\0\0\0\x0f\x53\0\0\0\0\0\
\0\xbf\xa1\0\0\0\0\0\0\x07\x01\0\0\xbe\xff\xff\xff\x63\x2a\x40\xff\0\0\0\0\xb4\
\x02\0\0\x02\0\0\0\x7b\x5a\x48\xff\0\0\0\0\x85\0\0\0\x71\0\0\0\x61\xa2\x40\xff\
\0\0\0\0\x79\xa5\x48\xff\0\0\0\0\x79\xa4\x30\xff\0\0\0\0\x79\xa3\x58\xff\0\0\0\
\0\x55\0\xec\xff\0\0\0\0\xbc\x21\0\0\0\0\0\0\x54\x01\0\0\xff\0\0\0\x16\x01\x02\
\0\0\0\0\0\x16\x01\x01\0\x3c\0\0\0\x56\x01\xbd\xff\x2b\0\0\0\xb4\x02\0\0\x03\0\
\0\0\x71\xa1\xbf\xff\0\0\0\0\x05\0\xbf\xff\0\0\0\0\x71\xa2\xcd\xff\0\0\0\0\x54\
\x02\0\0\x16\0\0\0\x56\x02\xbb\0\x02\0\0\0\x69\xa2\xc6\xff\0\0\0\0\x64\x02\0\0\
\x10\0\0\0\x69\xa3\xc4\xff\0\0\0\0\x4c\x32\0\0\0\0\0\0\x69\xa3\xc2\xff\0\0\0\0\
\x69\xa4\xc0\xff\0\0\0\0\x61\xa5\x20\xff\0\0\0\0\x63\x5a\x64\xff\0\0\0\0\xb4\
\x05\0\0\x06\0\0\0\x73\x5a\x62\xff\0\0\0\0\x61\xa5\x18\xff\0\0\0\0\x6b\x5a\x60\
\xff\0\0\0\0\x79\xa5\x90\xff\0\0\0\0\x7b\x5a\x68\xff\0\0\0\0\x61\xa5\x98\xff\0\
\0\0\0\x63\x5a\x70\xff\0\0\0\0\x61\xa5\x28\xff\0\0\0\0\x63\x5a\x74\xff\0\0\0\0\
\x79\xa5\xa0\xff\0\0\0\0\x7b\x5a\x78\xff\0\0\0\0\x61\xa5\xa8\xff\0\0\0\0\x63\
\x5a\x80\xff\0\0\0\0\x6b\x4a\x86\xff\0\0\0\0\x6b\x3a\x84\xff\0\0\0\0\xdc\x02\0\
\0\x20\0\0\0\x04\x02\0\0\x01\0\0\0\xdc\x02\0\0\x20\0\0\0\x63\x2a\x88\xff\0\0\0\
\0\x79\xa7\xb0\xff\0\0\0\0\x7b\x7a\xc0\xff\0\0\0\0\x61\x11\0\0\0\0\0\0\x56\x01\
\x9b\0\0\0\0\0\x79\xa1\x50\xff\0\0\0\0\x61\x11\x04\0\0\0\0\0\x16\x01\x9a\0\0\0\
\0\0\x79\xa1\x50\xff\0\0\0\0\x71\x12\x08\0\0\0\0\0\x71\x13\x09\0\0\0\0\0\x67\
\x03\0\0\x08\0\0\0\x4f\x23\0\0\0\0\0\0\x71\x14\x0a\0\0\0\0\0\x67\x04\0\0\x10\0\
\0\0\x71\x12\x0b\0\0\0\0\0\x67\x02\0\0\x18\0\0\0\x4f\x42\0\0\0\0\0\0\x4f\x32\0\
\0\0\0\0\0\x71\x13\x0d\0\0\0\0\0\x64\x03\0\0\x08\0\0\0\x71\x14\x0c\0\0\0\0\0\
\x4c\x43\0\0\0\0\0\0\x71\x14\x0e\0\0\0\0\0\x64\x04\0\0\x10\0\0\0\x71\x11\x0f\0\
\0\0\0\0\x64\x01\0\0\x18\0\0\0\x4c\x41\0\0\0\0\0\0\x4c\x31\0\0\0\0\0\0\x67\x01\
\0\0\x20\0\0\0\x4f\x21\0\0\0\0\0\0\x79\xa2\x60\xff\0\0\0\0\x1d\x21\x02\0\0\0\0\
\0\xb4\x01\0\0\x01\0\0\0\x05\0\x72\0\0\0\0\0\x79\xa1\x50\xff\0\0\0\0\x71\x12\
\x10\0\0\0\0\0\x71\x13\x11\0\0\0\0\0\x67\x03\0\0\x08\0\0\0\x4f\x23\0\0\0\0\0\0\
\x71\x14\x12\0\0\0\0\0\x67\x04\0\0\x10\0\0\0\x71\x12\x13\0\0\0\0\0\x67\x02\0\0\
\x18\0\0\0\x4f\x42\0\0\0\0\0\0\x4f\x32\0\0\0\0\0\0\x71\x13\x15\0\0\0\0\0\x64\
\x03\0\0\x08\0\0\0\x71\x14\x14\0\0\0\0\0\x4c\x43\0\0\0\0\0\0\x71\x14\x16\0\0\0\
\0\0\x64\x04\0\0\x10\0\0\0\x71\x11\x17\0\0\0\0\0\x64\x01\0\0\x18\0\0\0\x4c\x41\
\0\0\0\0\0\0\x4c\x31\0\0\0\0\0\0\x67\x01\0\0\x20\0\0\0\x4f\x21\0\0\0\0\0\0\x79\
\xa2\x68\xff\0\0\0\0\x5d\x21\xe5\xff\0\0\0\0\x79\xa1\x50\xff\0\0\0\0\x71\x12\
\x18\0\0\0\0\0\x71\x13\x19\0\0\0\0\0\x67\x03\0\0\x08\0\0\0\x4f\x23\0\0\0\0\0\0\
\x71\x14\x1a\0\0\0\0\0\x67\x04\0\0\x10\0\0\0\x71\x12\x1b\0\0\0\0\0\x67\x02\0\0\
\x18\0\0\0\x4f\x42\0\0\0\0\0\0\x4f\x32\0\0\0\0\0\0\x71\x13\x1d\0\0\0\0\0\x64\
\x03\0\0\x08\0\0\0\x71\x14\x1c\0\0\0\0\0\x4c\x43\0\0\0\0\0\0\x71\x14\x1e\0\0\0\
\0\0\x64\x04\0\0\x10\0\0\0\x71\x11\x1f\0\0\0\0\0\x64\x01\0\0\x18\0\0\0\x4c\x41\
\0\0\0\0\0\0\x4c\x31\0\0\0\0\0\0\x67\x01\0\0\x20\0\0\0\x4f\x21\0\0\0\0\0\0\x79\
\xa2\x70\xff\0\0\0\0\x5d\x21\xcc\xff\0\0\0\0\x79\xa1\x50\xff\0\0\0\0\x71\x12\
\x20\0\0\0\0\0\x71\x13\x21\0\0\0\0\0\x67\x03\0\0\x08\0\0\0\x4f\x23\0\0\0\0\0\0\
\x71\x14\x22\0\0\0\0\0\x67\x04\0\0\x10\0\0\0\x71\x12\x23\0\0\0\0\0\x67\x02\0\0\
\x18\0\0\0\x4f\x42\0\0\0\0\0\0\x4f\x32\0\0\0\0\0\0\x71\x13\x25\0\0\0\0\0\x64\
\x03\0\0\x08\0\0\0\x71\x14\x24\0\0\0\0\0\x4c\x43\0\0\0\0\0\0\x71\x14\x26\0\0\0\
\0\0\x64\x04\0\0\x10\0\0\0\x71\x11\x27\0\0\0\0\0\x64\x01\0\0\x18\0\0\0\x4c\x41\
\0\0\0\0\0\0\x4c\x31\0\0\0\0\0\0\x67\x01\0\0\x20\0\0\0\x4f\x21\0\0\0\0\0\0\x79\
\xa2\x78\xff\0\0\0\0\x5d\x21\xb3\xff\0\0\0\0\x79\xa1\x50\xff\0\0\0\0\x71\x12\
\x28\0\0\0\0\0\x71\x13\x29\0\0\0\0\0\x67\x03\0\0\x08\0\0\0\x4f\x23\0\0\0\0\0\0\
\x71\x14\x2a\0\0\0\0\0\x67\x04\0\0\x10\0\0\0\x71\x12\x2b\0\0\0\0\0\x67\x02\0\0\
\x18\0\0\0\x4f\x42\0\0\0\0\0\0\x4f\x32\0\0\0\0\0\0\x71\x13\x2d\0\0\0\0\0\x64\
\x03\0\0\x08\0\0\0\x71\x14\x2c\0\0\0\0\0\x4c\x43\0\0\0\0\0\0\x71\x14\x2e\0\0\0\
\0\0\x64\x04\0\0\x10\0\0\0\x71\x11\x2f\0\0\0\0\0\x64\x01\0\0\x18\0\0\0\x4c\x41\
\0\0\0\0\0\0\x4c\x31\0\0\0\0\0\0\x67\x01\0\0\x20\0\0\0\x4f\x21\0\0\0\0\0\0\x79\
\xa2\x80\xff\0\0\0\0\x5d\x21\x9a\xff\0\0\0\0\x79\xa1\x50\xff\0\0\0\0\x71\x12\
\x31\0\0\0\0\0\x64\x02\0\0\x08\0\0\0\x71\x13\x30\0\0\0\0\0\x4c\x32\0\0\0\0\0\0\
\x71\x13\x32\0\0\0\0\0\x64\x03\0\0\x10\0\0\0\x71\x14\x33\0\0\0\0\0\x64\x04\0\0\
\x18\0\0\0\x4c\x34\0\0\0\0\0\0\x4c\x24\0\0\0\0\0\0\xb4\x01\0\0\0\0\0\0\x61\xa2\
\x88\xff\0\0\0\0\x5e\x24\x8c\xff\0\0\0\0\x16\x01\x0c\0\0\0\0\0\xb4\x01\0\0\x01\
\0\0\0\x63\x1a\xd8\xff\0\0\0\0\xbf\xa2\0\0\0\0\0\0\x07\x02\0\0\xd8\xff\xff\xff\
\x18\x01\0\0\0\0\0\0\0\0\0\0\0\0\0\0\x85\0\0\0\x01\0\0\0\x15\0\x02\0\0\0\0\0\
\xb7\x01\0\0\x01\0\0\0\xdb\x10\0\0\0\0\0\0\xb4\0\0\0\x01\0\0\0\x95\0\0\0\0\0\0\
\0\xbf\xa2\0\0\0\0\0\0\x07\x02\0\0\x60\xff\xff\xff\x18\x01\0\0\0\0\0\0\0\0\0\0\
\0\0\0\0\x85\0\0\0\x01\0\0\0\xbf\x06\0\0\0\0\0\0\x55\x06\x19\0\0\0\0\0\xbf\xa2\
\0\0\0\0\0\0\x07\x02\0\0\x60\xff\xff\xff\xbf\xa3\0\0\0\0\0\0\x07\x03\0\0\xc0\
\xff\xff\xff\x18\x01\0\0\0\0\0\0\0\0\0\0\0\0\0\0\xb7\x04\0\0\x01\0\0\0\x85\0\0\
\0\x02\0\0\0\x15\0\x23\0\0\0\0\0\xbf\xa2\0\0\0\0\0\0\x07\x02\0\0\x60\xff\xff\
\xff\x18\x01\0\0\0\0\0\0\0\0\0\0\0\0\0\0\x85\0\0\0\x01\0\0\0\xbf\x06\0\0\0\0\0\
\0\x55\x06\x09\0\0\0\0\0\xb4\x01\0\0\0\0\0\0\x63\x1a\xd8\xff\0\0\0\0\xbf\xa2\0\
\0\0\0\0\0\x07\x02\0\0\xd8\xff\xff\xff\x18\x01\0\0\0\0\0\0\0\0\0\0\0\0\0\0\x85\
\0\0\0\x01\0\0\0\x15\0\xdf\xff\0\0\0\0\x05\0\xdc\xff\0\0\0\0\x79\x61\0\0\0\0\0\
\0\x1d\x71\x11\0\0\0\0\0\x7b\x1a\xd8\xff\0\0\0\0\xbf\xa2\0\0\0\0\0\0\x07\x02\0\
\0\xd8\xff\xff\xff\x18\x01\0\0\0\0\0\0\0\0\0\0\0\0\0\0\x85\0\0\0\x01\0\0\0\x15\
\0\x09\0\0\0\0\0\xb4\x01\0\0\x02\0\0\0\x63\x1a\xd8\xff\0\0\0\0\xbf\xa2\0\0\0\0\
\0\0\x07\x02\0\0\xd8\xff\xff\xff\x18\x01\0\0\0\0\0\0\0\0\0\0\0\0\0\0\x85\0\0\0\
\x01\0\0\0\x15\0\xcd\xff\0\0\0\0\x05\0\xca\xff\0\0\0\0\x7b\x76\0\0\0\0\0\0\x79\
\xa1\x50\xff\0\0\0\0\x61\x11\x04\0\0\0\0\0\x56\x01\x19\0\0\0\0\0\x61\xa2\x88\
\xff\0\0\0\0\x79\xa1\x50\xff\0\0\0\0\x63\x21\x30\0\0\0\0\0\x79\xa2\x60\xff\0\0\
\0\0\x79\xa3\x68\xff\0\0\0\0\x79\xa4\x70\xff\0\0\0\0\x79\xa5\x78\xff\0\0\0\0\
\x79\xa0\x80\xff\0\0\0\0\xb4\x06\0\0\x01\0\0\0\x63\x61\x04\0\0\0\0\0\x63\x01\
\x28\0\0\0\0\0\x63\x51\x20\0\0\0\0\0\x63\x41\x18\0\0\0\0\0\x63\x31\x10\0\0\0\0\
\0\x63\x21\x08\0\0\0\0\0\x77\0\0\0\x20\0\0\0\x63\x01\x2c\0\0\0\0\0\x77\x05\0\0\
\x20\0\0\0\x63\x51\x24\0\0\0\0\0\x77\x04\0\0\x20\0\0\0\x63\x41\x1c\0\0\0\0\0\
\x77\x03\0\0\x20\0\0\0\x63\x31\x14\0\0\0\0\0\x77\x02\0\0\x20\0\0\0\x63\x21\x0c\
\0\0\0\0\0\x79\xa1\x50\xff\0\0\0\0\x61\x11\0\0\0\0\0\0\x16\x01\xac\xff\0\0\0\0\
\xbf\xa2\0\0\0\0\0\0\x07\x02\0\0\x60\xff\xff\xff\x18\x01\0\0\0\0\0\0\0\0\0\0\0\
\0\0\0\x85\0\0\0\x01\0\0\0\x15\0\xa6\xff\0\0\0\0\x79\x01\0\0\0\0\0\0\x5d\x71\
\xa4\xff\0\0\0\0\xbf\xa2\0\0\0\0\0\0\x07\x02\0\0\x60\xff\xff\xff\x18\x01\0\0\0\
\0\0\0\0\0\0\0\0\0\0\0\x85\0\0\0\x03\0\0\0\x05\0\x9e\xff\0\0\0\0\xb4\x02\0\0\0\
\0\0\0\x63\x2a\xac\xff\0\0\0\0\x63\x2a\xa8\xff\0\0\0\0\xb7\x02\0\0\0\0\0\0\x7b\
\x2a\xa0\xff\0\0\0\0\x7b\x2a\x98\xff\0\0\0\0\x7b\x2a\x90\xff\0\0\0\0\x7b\x2a\
\x88\xff\0\0\0\0\x7b\x2a\x80\xff\0\0\0\0\x79\x12\x08\0\0\0\0\0\x79\x23\xc8\0\0\
\0\0\0\x61\x26\xbc\0\0\0\0\0\x69\x22\xb8\0\0\0\0\0\xae\x26\x78\0\0\0\0\0\x1c\
\x26\0\0\0\0\0\0\xa6\x06\x76\0\x28\0\0\0\xbf\x18\0\0\0\0\0\0\x0f\x23\0\0\0\0\0\
\0\xa6\x06\x07\0\x36\0\0\0\xbf\xa1\0\0\0\0\0\0\x07\x01\0\0\xc8\xff\xff\xff\xb4\
\x02\0\0\x36\0\0\0\x85\0\0\0\x71\0\0\0\xbf\x81\0\0\0\0\0\0\x15\0\x07\0\0\0\0\0\
\x05\0\x1d\0\0\0\0\0\xbf\xa1\0\0\0\0\0\0\x07\x01\0\0\xc8\xff\xff\xff\xb4\x02\0\
\0\x22\0\0\0\x85\0\0\0\x71\0\0\0\xbf\x81\0\0\0\0\0\0\x55\0\x17\0\0\0\0\0\x71\
\xa2\xc8\xff\0\0\0\0\xbc\x23\0\0\0\0\0\0\x74\x03\0\0\x04\0\0\0\x16\x03\x0d\0\
\x06\0\0\0\x56\x03\x61\0\x04\0\0\0\x71\xa3\xd1\xff\0\0\0\0\x56\x03\x5f\0\x06\0\
\0\0\x71\xa3\xce\xff\0\0\0\0\x54\x03\0\0\x3f\0\0\0\x71\xa4\xcf\xff\0\0\0\0\x4c\
\x43\0\0\0\0\0\0\x54\x03\0\0\xff\0\0\0\x56\x03\x59\0\0\0\0\0\xa6\x02\x58\0\x45\
\0\0\0\xb7\x03\0\0\x21\0\0\0\x26\x02\x07\0\x45\0\0\0\x05\0\x4f\0\0\0\0\0\x71\
\xa2\xce\xff\0\0\0\0\x16\x02\x4b\0\x06\0\0\0\x16\x02\x03\0\0\0\0\0\x16\x02\x02\
\0\x2b\0\0\0\x16\x02\x01\0\x3c\0\0\0\x56\x02\x4f\0\x33\0\0\0\x79\x11\x08\0\0\0\
\0\0\x79\x13\xc8\0\0\0\0\0\x79\x19\xd0\0\0\0\0\0\x61\x14\x70\0\0\0\0\0\x69\x16\
\xb8\0\0\0\0\0\x61\x11\xbc\0\0\0\0\0\xae\x61\xfa\0\0\0\0\0\xbc\x17\0\0\0\0\0\0\
\x1c\x67\0\0\0\0\0\0\xa6\x07\xf7\0\x14\0\0\0\x1f\x39\0\0\0\0\0\0\x2d\x19\xf5\0\
\0\0\0\0\xbf\x91\0\0\0\0\0\0\x0f\x41\0\0\0\0\0\0\xad\x61\xf2\0\0\0\0\0\x0f\x63\
\0\0\0\0\0\0\x7b\x3a\x78\xff\0\0\0\0\xbf\xa1\0\0\0\0\0\0\x07\x01\0\0\xc8\xff\
\xff\xff\xb4\x02\0\0\x14\0\0\0\x7b\x4a\x70\xff\0\0\0\0\x85\0\0\0\x71\0\0\0\x79\
\xa3\x78\xff\0\0\0\0\x55\0\xe9\0\0\0\0\0\x71\xa5\xc8\xff\0\0\0\0\xbc\x51\0\0\0\
\0\0\0\x74\x01\0\0\x04\0\0\0\x16\x01\x35\0\x06\0\0\0\x56\x01\xe4\0\x04\0\0\0\
\x64\x05\0\0\x02\0\0\0\x54\x05\0\0\x3c\0\0\0\xa6\x05\xe1\0\x14\0\0\0\x71\xa1\
\xd1\xff\0\0\0\0\x56\x01\xdf\0\x06\0\0\0\x71\xa1\xce\xff\0\0\0\0\x54\x01\0\0\
\x3f\0\0\0\x71\xa2\xcf\xff\0\0\0\0\x4c\x21\0\0\0\0\0\0\x54\x01\0\0\xff\0\0\0\
\x56\x01\xd9\0\0\0\0\0\x71\xa2\xca\xff\0\0\0\0\x64\x02\0\0\x08\0\0\0\x71\xa1\
\xcb\xff\0\0\0\0\x4c\x12\0\0\0\0\0\0\x7b\x2a\x68\xff\0\0\0\0\x71\xa1\xd5\xff\0\
\0\0\0\x64\x01\0\0\x08\0\0\0\x71\xa2\xd4\xff\0\0\0\0\x4c\x21\0\0\0\0\0\0\x71\
\xa2\xd6\xff\0\0\0\0\x64\x02\0\0\x10\0\0\0\x71\xa4\xd7\xff\0\0\0\0\x64\x04\0\0\
\x18\0\0\0\x4c\x24\0\0\0\0\0\0\x4c\x14\0\0\0\0\0\0\xb4\x01\0\0\x02\0\0\0\x6b\
\x1a\x80\xff\0\0\0\0\x63\x4a\x84\xff\0\0\0\0\x71\xa1\xd9\xff\0\0\0\0\x64\x01\0\
\0\x08\0\0\0\x71\xa2\xd8\xff\0\0\0\0\x4c\x21\0\0\0\0\0\0\x71\xa2\xda\xff\0\0\0\
\0\x64\x02\0\0\x10\0\0\0\x71\xa4\xdb\xff\0\0\0\0\x64\x04\0\0\x18\0\0\0\x4c\x24\
\0\0\0\0\0\0\x4c\x14\0\0\0\0\0\0\x63\x4a\x94\xff\0\0\0\0\x79\xa4\x70\xff\0\0\0\
\0\x05\0\xa0\0\0\0\0\0\xb7\x03\0\0\x35\0\0\0\xa6\x06\x06\0\x3c\0\0\0\xbf\xa2\0\
\0\0\0\0\0\x07\x02\0\0\xc8\xff\xff\xff\x0f\x32\0\0\0\0\0\0\x71\x22\0\0\0\0\0\0\
\x54\x02\0\0\x16\0\0\0\x16\x02\xb1\xff\x12\0\0\0\xb4\0\0\0\x01\0\0\0\x95\0\0\0\
\0\0\0\0\xa6\x07\xaf\0\x28\0\0\0\xbf\xa1\0\0\0\0\0\0\x07\x01\0\0\xc8\xff\xff\
\xff\xb4\x02\0\0\x28\0\0\0\x85\0\0\0\x71\0\0\0\x55\0\xaa\0\0\0\0\0\x71\xa2\xcc\
\xff\0\0\0\0\x64\x02\0\0\x08\0\0\0\x71\xa1\xcd\xff\0\0\0\0\x4c\x12\0\0\0\0\0\0\
\x7b\x2a\x68\xff\0\0\0\0\x16\x02\xa4\0\0\0\0\0\x71\xa2\xd5\xff\0\0\0\0\x64\x02\
\0\0\x08\0\0\0\x71\xa1\xd4\xff\0\0\0\0\x4c\x12\0\0\0\0\0\0\x63\x2a\x48\xff\0\0\
\0\0\x71\xa1\xd6\xff\0\0\0\0\x64\x01\0\0\x10\0\0\0\x71\xa2\xd7\xff\0\0\0\0\x64\
\x02\0\0\x18\0\0\0\x4c\x12\0\0\0\0\0\0\x63\x2a\x58\xff\0\0\0\0\x71\xa2\xd1\xff\
\0\0\0\0\x64\x02\0\0\x08\0\0\0\x71\xa1\xd0\xff\0\0\0\0\x4c\x12\0\0\0\0\0\0\x63\
\x2a\x38\xff\0\0\0\0\x71\xa1\xd2\xff\0\0\0\0\x64\x01\0\0\x10\0\0\0\x71\xa2\xd3\
\xff\0\0\0\0\x64\x02\0\0\x18\0\0\0\x4c\x12\0\0\0\0\0\0\x63\x2a\x60\xff\0\0\0\0\
\x71\xa2\xdd\xff\0\0\0\0\x64\x02\0\0\x08\0\0\0\x71\xa3\xdc\xff\0\0\0\0\x4c\x32\
\0\0\0\0\0\0\x71\xa3\xde\xff\0\0\0\0\x64\x03\0\0\x10\0\0\0\x71\xa5\xdf\xff\0\0\
\0\0\x64\x05\0\0\x18\0\0\0\x4c\x35\0\0\0\0\0\0\x71\xa3\xd9\xff\0\0\0\0\x64\x03\
\0\0\x08\0\0\0\x71\xa4\xd8\xff\0\0\0\0\x4c\x43\0\0\0\0\0\0\x71\xa4\xda\xff\0\0\
\0\0\x64\x04\0\0\x10\0\0\0\x71\xa1\xdb\xff\0\0\0\0\x64\x01\0\0\x18\0\0\0\x4c\
\x41\0\0\0\0\0\0\x63\x1a\x50\xff\0\0\0\0\x71\xa4\xe5\xff\0\0\0\0\x64\x04\0\0\
\x08\0\0\0\x71\xa0\xe4\xff\0\0\0\0\x4c\x04\0\0\0\0\0\0\x71\xa1\xe6\xff\0\0\0\0\
\x64\x01\0\0\x10\0\0\0\x71\xa0\xe7\xff\0\0\0\0\x64\0\0\0\x18\0\0\0\x4c\x10\0\0\
\0\0\0\0\x4c\x40\0\0\0\0\0\0\x63\x0a\x40\xff\0\0\0\0\x61\xa1\x50\xff\0\0\0\0\
\x4c\x31\0\0\0\0\0\0\x63\x1a\x50\xff\0\0\0\0\x4c\x25\0\0\0\0\0\0\x63\x5a\x30\
\xff\0\0\0\0\x61\xa1\x60\xff\0\0\0\0\x61\xa2\x38\xff\0\0\0\0\x4c\x21\0\0\0\0\0\
\0\x63\x1a\x60\xff\0\0\0\0\x61\xa1\x58\xff\0\0\0\0\x61\xa2\x48\xff\0\0\0\0\x4c\
\x21\0\0\0\0\0\0\x63\x1a\x58\xff\0\0\0\0\x71\xa2\xe1\xff\0\0\0\0\x64\x02\0\0\
\x08\0\0\0\x71\xa1\xe0\xff\0\0\0\0\x4c\x12\0\0\0\0\0\0\x63\x2a\x48\xff\0\0\0\0\
\x71\xa1\xe2\xff\0\0\0\0\x64\x01\0\0\x10\0\0\0\x71\xa4\xe3\xff\0\0\0\0\x64\x04\
\0\0\x18\0\0\0\x4c\x14\0\0\0\0\0\0\x71\xa3\xed\xff\0\0\0\0\x64\x03\0\0\x08\0\0\
\0\x71\xa1\xec\xff\0\0\0\0\x4c\x13\0\0\0\0\0\0\x71\xa2\xee\xff\0\0\0\0\x64\x02\
\0\0\x10\0\0\0\x71\xa0\xef\xff\0\0\0\0\x64\0\0\0\x18\0\0\0\x4c\x20\0\0\0\0\0\0\
\x71\xa2\xe9\xff\0\0\0\0\x64\x02\0\0\x08\0\0\0\x71\xa5\xe8\xff\0\0\0\0\x4c\x52\
\0\0\0\0\0\0\x71\xa5\xea\xff\0\0\0\0\x64\x05\0\0\x10\0\0\0\x71\xa1\xeb\xff\0\0\
\0\0\x64\x01\0\0\x18\0\0\0\x4c\x51\0\0\0\0\0\0\x4c\x21\0\0\0\0\0\0\x4c\x30\0\0\
\0\0\0\0\x61\xa2\x48\xff\0\0\0\0\x4c\x24\0\0\0\0\0\0\xb4\x02\0\0\x0a\0\0\0\x6b\
\x2a\x80\xff\0\0\0\0\x61\xa2\x58\xff\0\0\0\0\x63\x2a\x88\xff\0\0\0\0\x61\xa2\
\x60\xff\0\0\0\0\x63\x2a\x84\xff\0\0\0\0\x61\xa2\x30\xff\0\0\0\0\x63\x2a\x90\
\xff\0\0\0\0\x61\xa2\x50\xff\0\0\0\0\x63\x2a\x8c\xff\0\0\0\0\x61\xa2\x40\xff\0\
\0\0\0\x63\x2a\x98\xff\0\0\0\0\x63\x4a\x94\xff\0\0\0\0\x79\xa4\x70\xff\0\0\0\0\
\x79\xa3\x78\xff\0\0\0\0\x63\x0a\xa0\xff\0\0\0\0\x63\x1a\x9c\xff\0\0\0\0\xb4\
\x05\0\0\x28\0\0\0\x79\xa1\x68\xff\0\0\0\0\x04\x01\0\0\x28\0\0\0\x7b\x1a\x68\
\xff\0\0\0\0\x71\xa1\xce\xff\0\0\0\0\xbc\x12\0\0\0\0\0\0\x16\x01\x11\0\x06\0\0\
\0\xb4\x05\0\0\x28\0\0\0\xb4\x01\0\0\0\0\0\0\x05\0\x29\0\0\0\0\0\x54\x02\0\0\
\xff\0\0\0\x56\x02\x26\0\x33\0\0\0\xb4\x02\0\0\x02\0\0\0\x71\xa1\xb3\xff\0\0\0\
\0\x16\x01\x23\0\0\0\0\0\x6c\x21\0\0\0\0\0\0\x0c\x15\0\0\0\0\0\0\x71\xa2\xb2\
\xff\0\0\0\0\x04\x05\0\0\x08\0\0\0\x61\xa1\x50\xff\0\0\0\0\x26\x01\x02\0\x06\0\
\0\0\x04\x01\0\0\x01\0\0\0\x56\x02\x1c\0\x06\0\0\0\x56\x02\x1a\0\x06\0\0\0\x1f\
\x69\0\0\0\0\0\0\x0f\x49\0\0\0\0\0\0\x79\xa1\x68\xff\0\0\0\0\xad\x19\x16\0\0\0\
\0\0\x26\x05\x15\0\xec\0\0\0\xbc\x51\0\0\0\0\0\0\x04\x01\0\0\x14\0\0\0\x2e\x71\
\x12\0\0\0\0\0\x79\xa2\x68\xff\0\0\0\0\x2e\x21\x10\0\0\0\0\0\x0f\x53\0\0\0\0\0\
\0\xbf\xa1\0\0\0\0\0\0\x07\x01\0\0\xb4\xff\xff\xff\xb4\x02\0\0\x14\0\0\0\xbf\
\x59\0\0\0\0\0\0\x85\0\0\0\x71\0\0\0\x55\0\x09\0\0\0\0\0\x71\xa1\xc0\xff\0\0\0\
\0\x74\x01\0\0\x02\0\0\0\x54\x01\0\0\x3c\0\0\0\xa6\x01\x05\0\x14\0\0\0\x0c\x19\
\0\0\0\0\0\0\x2e\x79\x03\0\0\0\0\0\x26\x09\x02\0\0\x01\0\0\x79\xa1\x68\xff\0\0\
\0\0\xbe\x19\x1c\0\0\0\0\0\x05\0\x4d\xff\0\0\0\0\x63\x2a\x60\xff\0\0\0\0\x63\
\x1a\x50\xff\0\0\0\0\x26\x05\xfc\xff\xec\0\0\0\xbc\x51\0\0\0\0\0\0\x44\x01\0\0\
\x02\0\0\0\x2e\x71\xf9\xff\0\0\0\0\x79\xa2\x68\xff\0\0\0\0\x2e\x21\xf7\xff\0\0\
\0\0\x0f\x53\0\0\0\0\0\0\xbf\xa1\0\0\0\0\0\0\x07\x01\0\0\xb2\xff\xff\xff\xb4\
\x02\0\0\x02\0\0\0\x7b\x5a\x58\xff\0\0\0\0\x85\0\0\0\x71\0\0\0\x79\xa4\x70\xff\
\0\0\0\0\x79\xa5\x58\xff\0\0\0\0\x79\xa3\x78\xff\0\0\0\0\x55\0\xed\xff\0\0\0\0\
\x61\xa2\x60\xff\0\0\0\0\xbc\x21\0\0\0\0\0\0\x54\x01\0\0\xff\0\0\0\x16\x01\x02\
\0\0\0\0\0\x16\x01\x01\0\x3c\0\0\0\x56\x01\xbf\xff\x2b\0\0\0\xb4\x02\0\0\x03\0\
\0\0\x71\xa1\xb3\xff\0\0\0\0\x05\0\xc1\xff\0\0\0\0\xb4\x01\0\0\x06\0\0\0\x73\
\x1a\x82\xff\0\0\0\0\x69\xa1\xb4\xff\0\0\0\0\x6b\x1a\xa4\xff\0\0\0\0\x69\xa1\
\xb6\xff\0\0\0\0\x6b\x1a\xa6\xff\0\0\0\0\x69\xa1\xbe\xff\0\0\0\0\x64\x01\0\0\
\x10\0\0\0\x69\xa2\xbc\xff\0\0\0\0\x4c\x21\0\0\0\0\0\0\x63\x1a\xa8\xff\0\0\0\0\
\x71\xa1\xc1\xff\0\0\0\0\x54\x01\0\0\x16\0\0\0\x56\x01\x24\xff\x12\0\0\0\xbf\
\xa2\0\0\0\0\0\0\x07\x02\0\0\x80\xff\xff\xff\x18\x01\0\0\0\0\0\0\0\0\0\0\0\0\0\
\0\x85\0\0\0\x01\0\0\0\xbf\x07\0\0\0\0\0\0\x15\x07\x1d\xff\0\0\0\0\xbf\xa2\0\0\
\0\0\0\0\x07\x02\0\0\xac\xff\xff\xff\x18\x01\0\0\0\0\0\0\0\0\0\0\0\0\0\0\x85\0\
\0\0\x01\0\0\0\xbf\x06\0\0\0\0\0\0\x15\x06\x16\xff\0\0\0\0\xb7\x01\0\0\0\0\0\0\
\x63\x16\x04\x01\0\0\0\0\x63\x16\0\x01\0\0\0\0\x63\x16\xfc\0\0\0\0\0\x63\x16\
\xf8\0\0\0\0\0\x63\x16\xf4\0\0\0\0\0\x63\x16\xf0\0\0\0\0\0\x63\x16\xec\0\0\0\0\
\0\x63\x16\xe8\0\0\0\0\0\x63\x16\xe4\0\0\0\0\0\x63\x16\xe0\0\0\0\0\0\x63\x16\
\xdc\0\0\0\0\0\x63\x16\xd8\0\0\0\0\0\x63\x16\xd4\0\0\0\0\0\x63\x16\xd0\0\0\0\0\
\0\x63\x16\xcc\0\0\0\0\0\x63\x16\xc8\0\0\0\0\0\x63\x16\xc4\0\0\0\0\0\x63\x16\
\xc0\0\0\0\0\0\x63\x16\xbc\0\0\0\0\0\x63\x16\xb8\0\0\0\0\0\x63\x16\xb4\0\0\0\0\
\0\x63\x16\xb0\0\0\0\0\0\x63\x16\xac\0\0\0\0\0\x63\x16\xa8\0\0\0\0\0\x63\x16\
\xa4\0\0\0\0\0\x63\x16\xa0\0\0\0\0\0\x63\x16\x9c\0\0\0\0\0\x63\x16\x98\0\0\0\0\
\0\x63\x16\x94\0\0\0\0\0\x63\x16\x90\0\0\0\0\0\x63\x16\x8c\0\0\0\0\0\x63\x16\
\x88\0\0\0\0\0\x63\x16\x84\0\0\0\0\0\x63\x16\x80\0\0\0\0\0\x63\x16\x7c\0\0\0\0\
\0\x63\x16\x78\0\0\0\0\0\x63\x16\x74\0\0\0\0\0\x63\x16\x70\0\0\0\0\0\x63\x16\
\x6c\0\0\0\0\0\x63\x16\x68\0\0\0\0\0\x63\x16\x64\0\0\0\0\0\x63\x16\x60\0\0\0\0\
\0\x63\x16\x5c\0\0\0\0\0\x63\x16\x58\0\0\0\0\0\x63\x16\x54\0\0\0\0\0\x63\x16\
\x50\0\0\0\0\0\x63\x16\x4c\0\0\0\0\0\x63\x16\x48\0\0\0\0\0\x63\x16\x44\0\0\0\0\
\0\x63\x16\x40\0\0\0\0\0\x63\x16\x3c\0\0\0\0\0\x63\x16\x38\0\0\0\0\0\x63\x16\
\x34\0\0\0\0\0\x63\x16\x30\0\0\0\0\0\x63\x16\x2c\0\0\0\0\0\x63\x16\x28\0\0\0\0\
\0\x63\x16\x24\0\0\0\0\0\x63\x16\x20\0\0\0\0\0\x63\x16\x1c\0\0\0\0\0\x63\x16\
\x18\0\0\0\0\0\x63\x16\x14\0\0\0\0\0\x63\x16\x10\0\0\0\0\0\x63\x16\x0c\0\0\0\0\
\0\x63\x16\x08\0\0\0\0\0\x63\x16\x04\0\0\0\0\0\x63\x16\0\0\0\0\0\0\x79\x81\x08\
\0\0\0\0\0\x79\x13\xc8\0\0\0\0\0\x69\x11\xb8\0\0\0\0\0\xbf\x92\0\0\0\0\0\0\x15\
\x02\xce\xfe\0\0\0\0\x25\x02\xcd\xfe\0\x01\0\0\x0f\x13\0\0\0\0\0\0\xbf\x61\0\0\
\0\0\0\0\x07\x01\0\0\x08\0\0\0\x85\0\0\0\x71\0\0\0\x55\0\xc8\xfe\0\0\0\0\x79\
\x71\0\0\0\0\0\0\x7b\x1a\xc8\xff\0\0\0\0\xbf\xa2\0\0\0\0\0\0\x07\x02\0\0\xc8\
\xff\xff\xff\x18\x01\0\0\0\0\0\0\0\0\0\0\0\0\0\0\x85\0\0\0\x01\0\0\0\xbf\x07\0\
\0\0\0\0\0\x15\x07\xbf\xfe\0\0\0\0\xb4\x01\0\0\x01\0\0\0\xb4\0\0\0\0\0\0\0\xc3\
\x17\0\0\xf1\0\0\0\x16\0\x01\0\0\0\0\0\xb4\x01\0\0\0\0\0\0\x56\x01\xb9\xfe\x01\
\0\0\0\x63\x96\x04\0\0\0\0\0\xb4\x08\0\0\x02\0\0\0\x63\x86\0\0\0\0\0\0\xbf\xa2\
\0\0\0\0\0\0\x07\x02\0\0\xc8\xff\xff\xff\x18\x01\0\0\0\0\0\0\0\0\0\0\0\0\0\0\
\xbf\x63\0\0\0\0\0\0\xb7\x04\0\0\x01\0\0\0\x85\0\0\0\x02\0\0\0\x15\0\x0b\0\0\0\
\0\0\xb4\x01\0\0\0\0\0\0\xc3\x17\0\0\xe1\0\0\0\xb4\x01\0\0\x03\0\0\0\x63\x1a\
\xb4\xff\0\0\0\0\xbf\xa2\0\0\0\0\0\0\x07\x02\0\0\xb4\xff\xff\xff\x18\x01\0\0\0\
\0\0\0\0\0\0\0\0\0\0\0\x85\0\0\0\x01\0\0\0\x15\0\xa4\xfe\0\0\0\0\x05\0\x1d\0\0\
\0\0\0\xc3\x87\0\0\xe1\0\0\0\x61\x71\x04\0\0\0\0\0\x16\x01\x0d\0\0\0\0\0\x79\
\xa6\xc8\xff\0\0\0\0\x07\x07\0\0\x08\0\0\0\x18\x01\0\0\0\0\0\0\0\0\0\0\0\0\0\0\
\xbf\x72\0\0\0\0\0\0\x85\0\0\0\x01\0\0\0\x15\0\x06\0\0\0\0\0\x79\x01\0\0\0\0\0\
\0\x5d\x61\x04\0\0\0\0\0\x18\x01\0\0\0\0\0\0\0\0\0\0\0\0\0\0\xbf\x72\0\0\0\0\0\
\0\x85\0\0\0\x03\0\0\0\xbf\xa2\0\0\0\0\0\0\x07\x02\0\0\xc8\xff\xff\xff\x18\x01\
\0\0\0\0\0\0\0\0\0\0\0\0\0\0\x85\0\0\0\x03\0\0\0\xb4\x01\0\0\x04\0\0\0\x63\x1a\
\xb4\xff\0\0\0\0\xbf\xa2\0\0\0\0\0\0\x07\x02\0\0\xb4\xff\xff\xff\x18\x01\0\0\0\
\0\0\0\0\0\0\0\0\0\0\0\x85\0\0\0\x01\0\0\0\x15\0\x86\xfe\0\0\0\0\xb7\x01\0\0\
\x01\0\0\0\xdb\x10\0\0\0\0\0\0\x05\0\x83\xfe\0\0\0\0\0\0\0\0\0\0\0\0\0\0\0\0\0\
\0\0\0\0\0\0\0\0\0\0\0\0\0\0\0\0\0\0\0\0\0\0\0\0\0\0\0\0\0\0\0\0\0\0\0\0\0\0\0\
\0\0\0\0\0\0\0\0\0\0\0\0\0\0\0\0\0\0\0\0\0\0\0\0\0\0\0\0\0\0\0\0\0\0\0\0\0\0\0\
\0\0\0\0\0\0\0\0\0\0\0\0\0\0\0\0\0\0\0\0\0\0\0\0\0\0\0\0\0\0\0\0\0\0\0\0\0\0\0\
\0\0\0\0\0\0\0\0\0\0\0\0\0\0\0\0\0\0\0\0\0\0\0\0\0\0\0\0\0\0\0\0\0\0\0\0\0\0\
\x47\x50\x4c\0\0\0\0\0\xd8\0\0\0\0\0\0\0\x01\0\0\0\x2d\0\0\0\x70\x0f\0\0\0\0\0\
\0\x01\0\0\0\x2e\0\0\0\xc0\x0f\0\0\0\0\0\0\x01\0\0\0\x2f\0\0\0\x08\x10\0\0\0\0\
\0\0\x01\0\0\0\x2f\0\0\0\x40\x10\0\0\0\0\0\0\x01\0\0\0\x2f\0\0\0\x88\x10\0\0\0\
\0\0\0\x01\0\0\0\x2e\0\0\0\xd8\x10\0\0\0\0\0\0\x01\0\0\0\x2d\0\0\0\x18\x11\0\0\
\0\0\0\0\x01\0\0\0\x2e\0\0\0\x50\x12\0\0\0\0\0\0\x01\0\0\0\x2f\0\0\0\x90\x12\0\
\0\0\0\0\0\x01\0\0\0\x2f\0\0\0\xd0\x1d\0\0\0\0\0\0\x01\0\0\0\x2f\0\0\0\x08\x1e\
\0\0\0\0\0\0\x01\0\0\0\x31\0\0\0\xc0\x20\0\0\0\0\0\0\x01\0\0\0\x2d\0\0\0\x40\
\x21\0\0\0\0\0\0\x01\0\0\0\x32\0\0\0\xa0\x21\0\0\0\0\0\0\x01\0\0\0\x2e\0\0\0\
\xf0\x21\0\0\0\0\0\0\x01\0\0\0\x2f\0\0\0\x28\x22\0\0\0\0\0\0\x01\0\0\0\x2f\0\0\
\0\x58\x22\0\0\0\0\0\0\x01\0\0\0\x2d\0\0\0\x90\x22\0\0\0\0\0\0\x01\0\0\0\x2e\0\
\0\0\x9f\xeb\x01\0\x18\0\0\0\0\0\0\0\x30\x87\0\0\x30\x87\0\0\xb6\x7b\0\0\0\0\0\
\0\0\0\0\x02\x03\0\0\0\x01\0\0\0\0\0\0\x01\x04\0\0\0\x20\0\0\x01\0\0\0\0\0\0\0\
\x03\0\0\0\0\x02\0\0\0\x04\0\0\0\x09\0\0\0\x05\0\0\0\0\0\0\x01\x04\0\0\0\x20\0\
\0\0\0\0\0\0\0\0\0\x02\x06\0\0\0\0\0\0\0\0\0\0\x03\0\0\0\0\x02\0\0\0\x04\0\0\0\
\0\0\x01\0\0\0\0\0\0\0\0\x02\x08\0\0\0\x19\0\0\0\0\0\0\x08\x09\0\0\0\x1f\0\0\0\
\0\0\0\x01\x08\0\0\0\x40\0\0\0\0\0\0\0\0\0\0\x02\x0b\0\0\0\x32\0\0\0\x03\0\0\
\x04\x34\0\0\0\x44\0\0\0\x0c\0\0\0\0\0\0\0\x4a\0\0\0\x0c\0\0\0\x20\0\0\0\x52\0\
\0\0\x0e\0\0\0\x40\0\0\0\x56\0\0\0\0\0\0\x08\x0d\0\0\0\x5c\0\0\0\0\0\0\x01\x04\
\0\0\0\x20\0\0\0\x69\0\0\0\x08\0\0\x04\x2c\0\0\0\x74\0\0\0\x0f\0\0\0\0\0\0\0\
\x7b\0\0\0\x11\0\0\0\x10\0\0\0\x84\0\0\0\x11\0\0\0\x18\0\0\0\x88\0\0\0\x13\0\0\
\0\x20\0\0\0\x8c\0\0\0\x13\0\0\0\xa0\0\0\0\x90\0\0\0\x14\0\0\0\x20\x01\0\0\x96\
\0\0\0\x14\0\0\0\x30\x01\0\0\x9c\0\0\0\x15\0\0\0\x40\x01\0\0\xa0\0\0\0\0\0\0\
\x08\x10\0\0\0\xa6\0\0\0\0\0\0\x01\x02\0\0\0\x10\0\0\0\xb5\0\0\0\0\0\0\x08\x12\
\0\0\0\xba\0\0\0\0\0\0\x01\x01\0\0\0\x08\0\0\0\0\0\0\0\0\0\0\x03\0\0\0\0\x11\0\
\0\0\x04\0\0\0\x10\0\0\0\xc8\0\0\0\0\0\0\x08\x0f\0\0\0\xcf\0\0\0\0\0\0\x08\x0c\
\0\0\0\0\0\0\0\x04\0\0\x04\x20\0\0\0\xd6\0\0\0\x01\0\0\0\0\0\0\0\xdb\0\0\0\x05\
\0\0\0\x40\0\0\0\x52\0\0\0\x07\0\0\0\x80\0\0\0\xe7\0\0\0\x0a\0\0\0\xc0\0\0\0\
\xed\0\0\0\0\0\0\x0e\x16\0\0\0\x01\0\0\0\0\0\0\0\0\0\0\x02\x0e\0\0\0\0\0\0\0\0\
\0\0\x02\x1a\0\0\0\xf9\0\0\0\x01\0\0\x04\x08\0\0\0\x0c\x01\0\0\x08\0\0\0\0\0\0\
\0\0\0\0\0\x04\0\0\x04\x20\0\0\0\xd6\0\0\0\x01\0\0\0\0\0\0\0\xdb\0\0\0\x05\0\0\
\0\x40\0\0\0\x52\0\0\0\x18\0\0\0\x80\0\0\0\xe7\0\0\0\x19\0\0\0\xc0\0\0\0\x13\
\x01\0\0\0\0\0\x0e\x1b\0\0\0\x01\0\0\0\0\0\0\0\0\0\0\x02\x1e\0\0\0\0\0\0\0\0\0\
\0\x03\0\0\0\0\x02\0\0\0\x04\0\0\0\x06\0\0\0\0\0\0\0\0\0\0\x02\x20\0\0\0\0\0\0\
\0\0\0\0\x03\0\0\0\0\x02\0\0\0\x04\0\0\0\x01\0\0\0\0\0\0\0\0\0\0\x02\x0c\0\0\0\
\0\0\0\0\0\0\0\x02\x23\0\0\0\x21\x01\0\0\x03\0\0\x04\x08\x01\0\0\x2f\x01\0\0\
\x0c\0\0\0\0\0\0\0\x37\x01\0\0\x0c\0\0\0\x20\0\0\0\x3e\x01\0\0\x24\0\0\0\x40\0\
\0\0\0\0\0\0\0\0\0\x03\0\0\0\0\x11\0\0\0\x04\0\0\0\0\x01\0\0\0\0\0\0\x04\0\0\
\x04\x20\0\0\0\xd6\0\0\0\x1d\0\0\0\0\0\0\0\xdb\0\0\0\x1f\0\0\0\x40\0\0\0\x52\0\
\0\0\x21\0\0\0\x80\0\0\0\xe7\0\0\0\x22\0\0\0\xc0\0\0\0\x46\x01\0\0\0\0\0\x0e\
\x25\0\0\0\x01\0\0\0\0\0\0\0\x04\0\0\x04\x20\0\0\0\xd6\0\0\0\x01\0\0\0\0\0\0\0\
\xdb\0\0\0\x05\0\0\0\x40\0\0\0\x52\0\0\0\x07\0\0\0\x80\0\0\0\xe7\0\0\0\x22\0\0\
\0\xc0\0\0\0\x55\x01\0\0\0\0\0\x0e\x27\0\0\0\x01\0\0\0\0\0\0\0\0\0\0\x02\x2a\0\
\0\0\0\0\0\0\0\0\0\x03\0\0\0\0\x02\0\0\0\x04\0\0\0\x02\0\0\0\0\0\0\0\0\0\0\x02\
\x2c\0\0\0\0\0\0\0\0\0\0\x03\0\0\0\0\x02\0\0\0\x04\0\0\0\0\x04\0\0\0\0\0\0\0\0\
\0\x02\x2e\0\0\0\0\0\0\0\0\0\0\x03\0\0\0\0\x02\0\0\0\x04\0\0\0\x0c\0\0\0\0\0\0\
\0\x05\0\0\x04\x28\0\0\0\xd6\0\0\0\x29\0\0\0\0\0\0\0\x64\x01\0\0\x2b\0\0\0\x40\
\0\0\0\xdb\0\0\0\x2d\0\0\0\x80\0\0\0\x52\0\0\0\x21\0\0\0\xc0\0\0\0\xe7\0\0\0\
\x07\0\0\0\0\x01\0\0\x6e\x01\0\0\0\0\0\x0e\x2f\0\0\0\x01\0\0\0\0\0\0\0\0\0\0\
\x02\x32\0\0\0\x7b\x01\0\0\x02\0\0\x04\x10\0\0\0\x86\x01\0\0\x33\0\0\0\0\0\0\0\
\x8c\x01\0\0\x35\0\0\0\x40\0\0\0\0\0\0\0\0\0\0\x02\x34\0\0\0\0\0\0\0\0\0\0\x0a\
\x38\0\0\0\0\0\0\0\0\0\0\x02\xca\0\0\0\0\0\0\0\x01\0\0\x0d\x02\0\0\0\x90\x01\0\
\0\x31\0\0\0\x94\x01\0\0\x01\0\0\x0c\x36\0\0\0\x9f\x01\0\0\x07\0\0\x04\x30\0\0\
\0\xad\x01\0\0\x39\0\0\0\0\0\0\0\xb2\x01\0\0\x39\0\0\0\x08\0\0\0\xb5\x01\0\0\
\x3a\0\0\0\x40\0\0\0\xb8\x01\0\0\x3a\0\0\0\x80\0\0\0\xbc\x01\0\0\x3b\0\0\0\xc0\
\0\0\0\xbf\x01\0\0\x3c\0\0\0\0\x01\0\0\xc3\x01\0\0\x3d\0\0\0\x40\x01\0\0\xc8\
\x01\0\0\0\0\0\x08\x11\0\0\0\0\0\0\0\0\0\0\x02\xf5\0\0\0\0\0\0\0\0\0\0\x02\x29\
\x02\0\0\0\0\0\0\0\0\0\x02\x3f\0\0\0\0\0\0\0\0\0\0\x02\x3e\0\0\0\0\0\0\0\x03\0\
\0\x0d\x02\0\0\0\0\0\0\0\x3c\0\0\0\0\0\0\0\x3b\0\0\0\0\0\0\0\x35\0\0\0\xbf\x01\
\0\0\x3a\0\0\x04\x40\x12\0\0\xcb\x01\0\0\x40\0\0\0\0\0\0\0\xd3\x01\0\0\x44\0\0\
\0\x20\0\0\0\xe2\x01\0\0\x42\0\0\0\x40\0\0\0\xf2\x01\0\0\x0d\0\0\0\x60\0\0\0\
\xff\x01\0\0\x4e\0\0\0\x80\0\0\0\x07\x02\0\0\x44\0\0\0\xa0\0\0\0\x11\x02\0\0\
\x42\0\0\0\xc0\0\0\0\x1c\x02\0\0\x4f\0\0\0\0\x01\0\0\x21\x02\0\0\x4f\0\0\0\x80\
\x01\0\0\x2b\x02\0\0\x51\0\0\0\0\x02\0\0\x3b\x02\0\0\x51\0\0\0\x40\x02\0\0\x48\
\x02\0\0\x53\0\0\0\x80\x02\0\0\x53\x02\0\0\x54\0\0\0\xc0\x02\0\0\x5b\x02\0\0\
\x55\0\0\0\0\x03\0\0\x63\x02\0\0\x56\0\0\0\x40\x03\0\0\x6d\x02\0\0\x5a\0\0\0\0\
\x04\0\0\x70\x02\0\0\x63\0\0\0\xc0\x04\0\0\x7f\x02\0\0\x63\0\0\0\xc0\x04\0\0\
\x91\x02\0\0\x4f\0\0\0\xc0\x04\0\0\x9f\x02\0\0\x64\0\0\0\x40\x05\0\0\xa8\x02\0\
\0\x64\0\0\0\x80\x05\0\0\xb6\x02\0\0\x65\0\0\0\xc0\x05\0\0\xbe\x02\0\0\x3b\0\0\
\0\xc0\x08\0\0\xc3\x02\0\0\x3b\0\0\0\0\x09\0\0\xcd\x02\0\0\x7a\0\0\0\x40\x09\0\
\0\xd9\x02\0\0\x7b\0\0\0\x80\x09\0\0\xe7\x02\0\0\x7b\0\0\0\xc0\x09\0\0\xf6\x02\
\0\0\x57\0\0\0\0\x0a\0\0\x03\x03\0\0\x7c\0\0\0\x80\x0a\0\0\x10\x03\0\0\x4e\0\0\
\0\xc0\x0a\0\0\x19\x03\0\0\x3a\0\0\0\0\x0b\0\0\x26\x03\0\0\x4f\0\0\0\x40\x0b\0\
\0\x30\x03\0\0\x7e\0\0\0\xc0\x0b\0\0\x35\x03\0\0\x82\0\0\0\0\x0d\0\0\x39\x03\0\
\0\x8e\0\0\0\0\x11\0\0\x40\x03\0\0\x92\0\0\0\x40\x12\0\0\x44\x03\0\0\x95\0\0\0\
\x40\x13\0\0\x4c\x03\0\0\x98\0\0\0\0\x16\0\0\x51\x03\0\0\xbe\0\0\0\0\x30\0\0\
\x56\x03\0\0\x98\x02\0\0\0\x4a\0\0\x68\x03\0\0\x9a\x02\0\0\x80\x4a\0\0\x6d\x03\
\0\0\x9d\x02\0\0\0\x54\0\0\x70\x03\0\0\xbc\x02\0\0\x40\x5c\0\0\x73\x03\0\0\xca\
\x02\0\0\x80\x63\0\0\x77\x03\0\0\xcb\x02\0\0\xc0\x63\0\0\x7a\x03\0\0\x45\x02\0\
\0\0\x64\0\0\x88\x03\0\0\xcd\x02\0\0\xc0\x64\0\0\x8c\x03\0\0\xce\x02\0\0\0\x65\
\0\0\x90\x03\0\0\xf0\x02\0\0\0\x68\0\0\x95\x03\0\0\xbc\0\0\0\0\x82\0\0\xa0\x03\
\0\0\xf6\x02\0\0\x40\x82\0\0\xa5\x03\0\0\xf8\x02\0\0\x80\x82\0\0\xaa\x03\0\0\
\xfc\x02\0\0\x80\x83\0\0\xae\x03\0\0\x03\x03\0\0\x80\x88\0\0\xb2\x03\0\0\x04\
\x03\0\0\xc0\x89\0\0\xb7\x03\0\0\x3b\0\0\0\xc0\x8d\0\0\xc3\x03\0\0\x3b\0\0\0\0\
\x8e\0\0\xcd\x03\0\0\x05\x03\0\0\x40\x8e\0\0\xd1\x03\0\0\0\0\0\x08\x41\0\0\0\
\xdc\x03\0\0\x01\0\0\x04\x04\0\0\0\xec\x03\0\0\x42\0\0\0\0\0\0\0\xf1\x03\0\0\0\
\0\0\x08\x43\0\0\0\0\0\0\0\x01\0\0\x04\x04\0\0\0\xfa\x03\0\0\x02\0\0\0\0\0\0\0\
\x02\x04\0\0\0\0\0\x08\x45\0\0\0\x0d\x04\0\0\x01\0\0\x04\x04\0\0\0\0\0\0\0\x46\
\0\0\0\0\0\0\0\0\0\0\0\x01\0\0\x05\x04\0\0\0\x16\x04\0\0\x47\0\0\0\0\0\0\0\x1c\
\x04\0\0\x01\0\0\x04\x04\0\0\0\x29\x04\0\0\x48\0\0\0\0\0\0\0\x32\x04\0\0\0\0\0\
\x08\x49\0\0\0\x42\x04\0\0\x01\0\0\x04\x04\0\0\0\0\0\0\0\x4a\0\0\0\0\0\0\0\0\0\
\0\0\x03\0\0\x05\x04\0\0\0\x4c\x04\0\0\x42\0\0\0\0\0\0\0\0\0\0\0\x4b\0\0\0\0\0\
\0\0\0\0\0\0\x4c\0\0\0\0\0\0\0\0\0\0\0\x02\0\0\x04\x02\0\0\0\x50\x04\0\0\x39\0\
\0\0\0\0\0\0\x57\x04\0\0\x39\0\0\0\x08\0\0\0\0\0\0\0\x02\0\0\x04\x04\0\0\0\x5f\
\x04\0\0\x4d\0\0\0\0\0\0\0\x6e\x04\0\0\x4d\0\0\0\x10\0\0\0\x73\x04\0\0\0\0\0\
\x08\x0f\0\0\0\x77\x04\0\0\0\0\0\x08\x0c\0\0\0\x7b\x04\0\0\x02\0\0\x04\x10\0\0\
\0\x85\x04\0\0\x50\0\0\0\0\0\0\0\x8a\x04\0\0\x50\0\0\0\x40\0\0\0\0\0\0\0\0\0\0\
\x02\x4f\0\0\0\x8f\x04\0\0\x01\0\0\x04\x08\0\0\0\x85\x04\0\0\x52\0\0\0\0\0\0\0\
\0\0\0\0\0\0\0\x02\x51\0\0\0\0\0\0\0\0\0\0\x02\x54\x03\0\0\0\0\0\0\0\0\0\x02\
\x55\x03\0\0\0\0\0\0\0\0\0\x02\x57\x03\0\0\x9a\x04\0\0\x03\0\0\x04\x18\0\0\0\
\x9e\x04\0\0\x57\0\0\0\0\0\0\0\xa5\x04\0\0\x0d\0\0\0\x80\0\0\0\xae\x04\0\0\x0d\
\0\0\0\xa0\0\0\0\xb7\x04\0\0\x03\0\0\x04\x10\0\0\0\xbe\x04\0\0\x44\0\0\0\0\0\0\
\0\xc6\x04\0\0\x58\0\0\0\x20\0\0\0\xcf\x04\0\0\x59\0\0\0\x40\0\0\0\xd7\x04\0\0\
\0\0\0\x08\x0d\0\0\0\0\0\0\0\0\0\0\x02\0\0\0\0\xdd\x04\0\0\x04\0\0\x04\x18\0\0\
\0\xe7\x04\0\0\x5b\0\0\0\0\0\0\0\xef\x04\0\0\x61\0\0\0\x40\0\0\0\xf3\x04\0\0\
\x0d\0\0\0\x80\0\0\0\xf8\x04\0\0\x40\0\0\0\xa0\0\0\0\xfe\x04\0\0\0\0\0\x08\x5c\
\0\0\0\x0c\x05\0\0\0\0\0\x08\x5d\0\0\0\0\0\0\0\x01\0\0\x04\x08\0\0\0\xfa\x03\0\
\0\x5e\0\0\0\0\0\0\0\x17\x05\0\0\0\0\0\x08\x5f\0\0\0\x1b\x05\0\0\0\0\0\x08\x60\
\0\0\0\x21\x05\0\0\0\0\0\x01\x08\0\0\0\x40\0\0\x01\0\0\0\0\0\0\0\x02\x62\0\0\0\
\0\0\0\0\0\0\0\x0a\x56\x03\0\0\x2b\x05\0\0\0\0\0\x04\0\0\0\0\0\0\0\0\0\0\0\x02\
\x3f\x03\0\0\x3b\x05\0\0\x02\0\0\x04\x60\0\0\0\x49\x05\0\0\x66\0\0\0\0\0\0\0\
\x51\x05\0\0\x69\0\0\0\x40\0\0\0\0\0\0\0\0\0\0\x02\x67\0\0\0\0\0\0\0\x01\0\0\
\x0d\x02\0\0\0\0\0\0\0\x68\0\0\0\0\0\0\0\0\0\0\x02\x65\0\0\0\x55\x05\0\0\x02\0\
\0\x04\x58\0\0\0\x5d\x05\0\0\x6a\0\0\0\0\0\0\0\x64\x05\0\0\x78\0\0\0\x80\x02\0\
\0\x69\x05\0\0\x08\0\0\x04\x50\0\0\0\0\0\0\0\x6b\0\0\0\0\0\0\0\x7a\x05\0\0\x72\
\0\0\0\xc0\0\0\0\x88\x05\0\0\x6d\0\0\0\0\x01\0\0\x64\x05\0\0\x73\0\0\0\x40\x01\
\0\0\x96\x05\0\0\x68\0\0\0\x80\x01\0\0\x9a\x05\0\0\x74\0\0\0\xc0\x01\0\0\xa1\
\x05\0\0\x75\0\0\0\0\x02\0\0\xa6\x05\0\0\x76\0\0\0\x40\x02\0\0\0\0\0\0\x02\0\0\
\x05\x18\0\0\0\0\0\0\0\x6c\0\0\0\0\0\0\0\xad\x05\0\0\x6e\0\0\0\0\0\0\0\0\0\0\0\
\x05\0\0\x04\x18\0\0\0\xb1\x05\0\0\x6d\0\0\0\0\0\0\0\xbb\x05\0\0\x02\0\0\0\x40\
\0\0\0\xca\x05\0\0\x02\0\0\0\x60\0\0\0\xf8\x04\0\0\x02\0\0\0\x80\0\0\0\xcf\x05\
\0\0\x02\0\0\0\xa0\0\0\0\0\0\0\0\0\0\0\x02\x58\x03\0\0\xd4\x05\0\0\x02\0\0\x04\
\x10\0\0\0\x85\x04\0\0\x6f\0\0\0\0\0\0\0\xe2\x05\0\0\x70\0\0\0\x40\0\0\0\0\0\0\
\0\0\0\0\x02\x6e\0\0\0\0\0\0\0\0\0\0\x02\x71\0\0\0\0\0\0\0\x01\0\0\x0d\0\0\0\0\
\0\0\0\0\x6f\0\0\0\0\0\0\0\0\0\0\x02\x84\x01\0\0\0\0\0\0\0\0\0\x02\x59\x03\0\0\
\0\0\0\0\0\0\0\x02\x69\0\0\0\0\0\0\0\0\0\0\x02\x5a\x03\0\0\xe7\x05\0\0\x01\0\0\
\x04\x08\0\0\0\xf2\x05\0\0\x77\0\0\0\0\0\0\0\0\0\0\0\0\0\0\x02\x59\x01\0\0\xf8\
\x05\0\0\x01\0\0\x04\x08\0\0\0\0\x06\0\0\x79\0\0\0\0\0\0\0\0\0\0\0\0\0\0\x02\
\xce\0\0\0\0\0\0\0\0\0\0\x02\x5b\x03\0\0\0\0\0\0\0\0\0\x02\x76\0\0\0\x08\x06\0\
\0\x01\0\0\x04\x08\0\0\0\x1a\x06\0\0\x7d\0\0\0\0\0\0\0\0\0\0\0\0\0\0\x02\x39\
\x03\0\0\x1f\x06\0\0\x06\0\0\x04\x28\0\0\0\x2a\x06\0\0\x7f\0\0\0\0\0\0\0\x35\
\x06\0\0\x02\0\0\0\x40\0\0\0\x46\x06\0\0\x02\0\0\0\x60\0\0\0\x58\x06\0\0\x39\0\
\0\0\x80\0\0\0\x68\x06\0\0\x80\0\0\0\xc0\0\0\0\x73\x06\0\0\x81\0\0\0\0\x01\0\0\
\0\0\0\0\0\0\0\x02\x6a\0\0\0\0\0\0\0\0\0\0\x02\x5c\x03\0\0\0\0\0\0\0\0\0\x02\
\x2f\x03\0\0\x84\x06\0\0\x10\0\0\x04\x80\0\0\0\x8e\x06\0\0\x83\0\0\0\0\0\0\0\
\x9c\x06\0\0\x83\0\0\0\x40\0\0\0\xac\x06\0\0\x84\0\0\0\x80\0\0\0\xbb\x06\0\0\
\x85\0\0\0\xc0\0\0\0\xca\x06\0\0\x86\0\0\0\0\x01\0\0\xd9\x06\0\0\x86\0\0\0\x40\
\x01\0\0\xe7\x06\0\0\x87\0\0\0\x80\x01\0\0\xf7\x06\0\0\x88\0\0\0\xc0\x01\0\0\
\x06\x07\0\0\x89\0\0\0\0\x02\0\0\x17\x07\0\0\x86\0\0\0\x40\x02\0\0\x2a\x07\0\0\
\x86\0\0\0\x80\x02\0\0\x3c\x07\0\0\x8a\0\0\0\xc0\x02\0\0\x4c\x07\0\0\x8b\0\0\0\
\0\x03\0\0\x5f\x07\0\0\x8c\0\0\0\x40\x03\0\0\x71\x07\0\0\x8d\0\0\0\x80\x03\0\0\
\x86\x07\0\0\x64\0\0\0\xc0\x03\0\0\0\0\0\0\0\0\0\x02\x5d\x03\0\0\0\0\0\0\0\0\0\
\x02\x5e\x03\0\0\0\0\0\0\0\0\0\x02\x5f\x03\0\0\0\0\0\0\0\0\0\x02\x60\x03\0\0\0\
\0\0\0\0\0\0\x02\x61\x03\0\0\0\0\0\0\0\0\0\x02\x62\x03\0\0\0\0\0\0\0\0\0\x02\
\x63\x03\0\0\0\0\0\0\0\0\0\x02\x64\x03\0\0\0\0\0\0\0\0\0\x02\x65\x03\0\0\0\0\0\
\0\0\0\0\x02\x66\x03\0\0\0\0\0\0\0\0\0\x02\x67\x03\0\0\x98\x07\0\0\x02\0\0\x04\
\x28\0\0\0\xa5\x07\0\0\x8f\0\0\0\0\0\0\0\xb1\x07\0\0\x76\0\0\0\0\x01\0\0\xb8\
\x07\0\0\x04\0\0\x04\x20\0\0\0\xbe\x07\0\0\x5b\0\0\0\0\0\0\0\xc4\x07\0\0\x90\0\
\0\0\x40\0\0\0\xce\x07\0\0\x91\0\0\0\x60\0\0\0\xd2\x07\0\0\x4f\0\0\0\x80\0\0\0\
\xdc\x07\0\0\0\0\0\x08\x47\0\0\0\xeb\x07\0\0\x01\0\0\x04\x04\0\0\0\x6e\x04\0\0\
\x42\0\0\0\0\0\0\0\x01\x08\0\0\x03\0\0\x04\x20\0\0\0\x0c\x08\0\0\x93\0\0\0\0\0\
\0\0\x12\x08\0\0\x02\0\0\0\x80\0\0\0\x28\x08\0\0\x7f\0\0\0\xc0\0\0\0\x2c\x08\0\
\0\x02\0\0\x04\x10\0\0\0\x37\x08\0\0\x94\0\0\0\0\0\0\0\x3d\x08\0\0\x7b\0\0\0\
\x40\0\0\0\0\0\0\0\0\0\0\x02\x44\0\0\0\x45\x08\0\0\x05\0\0\x04\x48\0\0\0\xf8\
\x05\0\0\x78\0\0\0\0\0\0\0\x53\x08\0\0\x7b\0\0\0\x40\0\0\0\x5b\x08\0\0\x0d\0\0\
\0\x80\0\0\0\x5f\x08\0\0\x4e\0\0\0\xa0\0\0\0\x71\x08\0\0\x96\0\0\0\xc0\0\0\0\
\x80\x08\0\0\x02\0\0\x04\x30\0\0\0\x97\x08\0\0\x97\0\0\0\0\0\0\0\x1a\x06\0\0\
\x7d\0\0\0\x40\x01\0\0\x9d\x08\0\0\x05\0\0\x04\x28\0\0\0\xf8\x04\0\0\x5b\0\0\0\
\0\0\0\0\xbe\x07\0\0\x5b\0\0\0\x40\0\0\0\xce\x07\0\0\x91\0\0\0\x80\0\0\0\xc4\
\x07\0\0\x90\0\0\0\xa0\0\0\0\xd2\x07\0\0\x4f\0\0\0\xc0\0\0\0\xaa\x08\0\0\xa5\0\
\0\x04\x40\x03\0\0\xb5\x08\0\0\x99\0\0\0\0\0\0\0\xe1\x08\0\0\x39\0\0\0\0\0\0\0\
\xfa\x08\0\0\x39\0\0\0\x08\0\0\0\x15\x09\0\0\x39\0\0\0\x10\0\0\0\x2c\x09\0\0\
\x39\0\0\0\x18\0\0\0\x43\x09\0\0\x02\0\0\0\x20\0\0\0\x5a\x09\0\0\x0d\0\0\0\x40\
\0\0\0\x73\x09\0\0\x02\0\0\0\x60\0\0\0\x91\x09\0\0\x02\0\0\0\x80\0\0\0\xa9\x09\
\0\0\x9a\0\0\0\xa0\0\0\0\xb9\x09\0\0\x39\0\0\0\0\x01\0\0\xd0\x09\0\0\x99\0\0\0\
\x08\x01\0\0\xfa\x09\0\0\x99\0\0\0\x08\x01\0\0\x28\x0a\0\0\x39\0\0\0\x08\x01\0\
\0\x43\x0a\0\0\x99\0\0\0\x10\x01\0\0\x6f\x0a\0\0\x99\0\0\0\x10\x01\0\0\x9b\x0a\
\0\0\x39\0\0\0\x10\x01\0\0\xb1\x0a\0\0\x39\0\0\0\x18\x01\0\0\xc8\x0a\0\0\x02\0\
\0\0\x20\x01\0\0\xde\x0a\0\0\x9a\0\0\0\x40\x01\0\0\xee\x0a\0\0\x99\0\0\0\xa0\
\x01\0\0\x18\x0b\0\0\x99\0\0\0\0\x02\0\0\x36\x0b\0\0\x42\0\0\0\0\x02\0\0\x49\
\x0b\0\0\x4e\0\0\0\x20\x02\0\0\x5b\x0b\0\0\x99\0\0\0\x40\x02\0\0\x77\x0b\0\0\
\x9b\0\0\0\0\x04\0\0\x93\x0b\0\0\x9c\0\0\0\0\x04\0\0\xa1\x0b\0\0\x9e\0\0\0\0\
\x08\0\0\xab\x0b\0\0\x7f\0\0\0\x40\x08\0\0\xb4\x0b\0\0\x7f\0\0\0\x80\x08\0\0\
\xbe\x0b\0\0\x7f\0\0\0\xc0\x08\0\0\xc7\x0b\0\0\x7f\0\0\0\0\x09\0\0\xd1\x0b\0\0\
\x7f\0\0\0\x40\x09\0\0\xdb\x0b\0\0\x9f\0\0\0\x80\x09\0\0\xe7\x0b\0\0\x9f\0\0\0\
\xc0\x09\0\0\xf4\x0b\0\0\xa0\0\0\0\0\x0a\0\0\xfd\x0b\0\0\x8f\0\0\0\x40\x0a\0\0\
\x26\x03\0\0\xa1\0\0\0\x40\x0b\0\0\x06\x0c\0\0\xa2\0\0\0\x80\x0b\0\0\x0f\x0c\0\
\0\xa2\0\0\0\xc0\x0b\0\0\x1b\x0c\0\0\x0d\0\0\0\0\x0c\0\0\x37\x0c\0\0\xa3\0\0\0\
\x20\x0c\0\0\x4c\x0c\0\0\xa3\0\0\0\x28\x0c\0\0\x68\x0c\0\0\xa3\0\0\0\x30\x0c\0\
\0\x7d\x0c\0\0\x39\0\0\0\x38\x0c\0\0\x96\x0c\0\0\x42\0\0\0\x40\x0c\0\0\xad\x0c\
\0\0\x7b\0\0\0\x80\x0c\0\0\xbc\x0c\0\0\x3b\0\0\0\xc0\x0c\0\0\xc2\x0c\0\0\x3b\0\
\0\0\0\x0d\0\0\xd1\x0c\0\0\xa5\0\0\0\x40\x0d\0\0\xd7\x0c\0\0\xa6\0\0\0\x80\x0d\
\0\0\xdd\x0c\0\0\x39\0\0\0\xc0\x0d\0\0\xf9\x0c\0\0\x39\0\0\0\xc8\x0d\0\0\x17\
\x0d\0\0\x39\0\0\0\xd0\x0d\0\0\x3a\x0d\0\0\x39\0\0\0\xd8\x0d\0\0\x63\x0d\0\0\
\x39\0\0\0\xe0\x0d\0\0\x89\x0d\0\0\x02\0\0\0\0\x0e\0\0\x9f\x0d\0\0\x02\0\0\0\
\x20\x0e\0\0\xb4\x0d\0\0\x02\0\0\0\x40\x0e\0\0\xcd\x0d\0\0\x02\0\0\0\x60\x0e\0\
\0\xe4\x0d\0\0\x4e\0\0\0\x80\x0e\0\0\xf3\x0d\0\0\x02\0\0\0\xa0\x0e\0\0\x05\x0e\
\0\0\x02\0\0\0\xc0\x0e\0\0\x16\x0e\0\0\xa7\0\0\0\xe0\x0e\0\0\x25\x0e\0\0\x39\0\
\0\0\x20\x0f\0\0\x34\x0e\0\0\x39\0\0\0\x28\x0f\0\0\x4c\x0e\0\0\x39\0\0\0\x30\
\x0f\0\0\x62\x0e\0\0\x39\0\0\0\x38\x0f\0\0\x79\x0e\0\0\x39\0\0\0\x40\x0f\0\0\
\x97\x0e\0\0\x39\0\0\0\x48\x0f\0\0\xaf\x0e\0\0\x39\0\0\0\x50\x0f\0\0\xc8\x0e\0\
\0\x39\0\0\0\x58\x0f\0\0\xda\x0e\0\0\x39\0\0\0\x60\x0f\0\0\xf3\x0e\0\0\x39\0\0\
\0\x68\x0f\0\0\x0a\x0f\0\0\x39\0\0\0\x70\x0f\0\0\x25\x0f\0\0\x39\0\0\0\x78\x0f\
\0\0\x3b\x0f\0\0\x39\0\0\0\x80\x0f\0\0\x54\x0f\0\0\x39\0\0\0\x88\x0f\0\0\x6d\
\x0f\0\0\x39\0\0\0\x90\x0f\0\0\x84\x0f\0\0\x02\0\0\0\xa0\x0f\0\0\x9f\x0f\0\0\
\x02\0\0\0\xc0\x0f\0\0\xb3\x0f\0\0\x02\0\0\0\xe0\x0f\0\0\xce\x0f\0\0\x4e\0\0\0\
\0\x10\0\0\xe8\x0f\0\0\x02\0\0\0\x20\x10\0\0\x02\x10\0\0\x02\0\0\0\x40\x10\0\0\
\x1d\x10\0\0\x39\0\0\0\x60\x10\0\0\x39\x10\0\0\x39\0\0\0\x68\x10\0\0\x50\x10\0\
\0\x39\0\0\0\x70\x10\0\0\x6a\x10\0\0\x39\0\0\0\x78\x10\0\0\x80\x10\0\0\x39\0\0\
\0\x80\x10\0\0\x97\x10\0\0\x39\0\0\0\x88\x10\0\0\xaf\x10\0\0\x39\0\0\0\x90\x10\
\0\0\xcc\x10\0\0\x39\0\0\0\x98\x10\0\0\xe7\x10\0\0\x39\0\0\0\xa0\x10\0\0\xfb\
\x10\0\0\x39\0\0\0\xa8\x10\0\0\x0f\x11\0\0\x39\0\0\0\xb0\x10\0\0\x29\x11\0\0\
\x39\0\0\0\xb8\x10\0\0\x3d\x11\0\0\x02\0\0\0\xc0\x10\0\0\x54\x11\0\0\x39\0\0\0\
\xe0\x10\0\0\x64\x11\0\0\x39\0\0\0\xe8\x10\0\0\x7e\x11\0\0\x39\0\0\0\xf0\x10\0\
\0\x94\x11\0\0\x39\0\0\0\xf8\x10\0\0\xa8\x11\0\0\x39\0\0\0\0\x11\0\0\xc8\x11\0\
\0\x39\0\0\0\x08\x11\0\0\xe9\x11\0\0\x39\0\0\0\x10\x11\0\0\x05\x12\0\0\x39\0\0\
\0\x18\x11\0\0\x17\x12\0\0\x39\0\0\0\x20\x11\0\0\x2a\x12\0\0\x39\0\0\0\x28\x11\
\0\0\x47\x12\0\0\x39\0\0\0\x30\x11\0\0\x57\x12\0\0\x02\0\0\0\x40\x11\0\0\x71\
\x12\0\0\x02\0\0\0\x60\x11\0\0\x8a\x12\0\0\x39\0\0\0\x80\x11\0\0\x9b\x12\0\0\
\x39\0\0\0\x88\x11\0\0\xae\x12\0\0\x39\0\0\0\x90\x11\0\0\xbe\x12\0\0\x39\0\0\0\
\x98\x11\0\0\xd8\x12\0\0\x39\0\0\0\xa0\x11\0\0\xfc\x12\0\0\x39\0\0\0\xa8\x11\0\
\0\x21\x13\0\0\x02\0\0\0\xc0\x11\0\0\x40\x13\0\0\x39\0\0\0\xe0\x11\0\0\x58\x13\
\0\0\x39\0\0\0\xe8\x11\0\0\x6f\x13\0\0\x02\0\0\0\0\x12\0\0\x8c\x13\0\0\x02\0\0\
\0\x20\x12\0\0\xa7\x13\0\0\x02\0\0\0\x40\x12\0\0\xc2\x13\0\0\x0d\0\0\0\x60\x12\
\0\0\xe1\x13\0\0\xa8\0\0\0\x80\x12\0\0\xff\x13\0\0\xa8\0\0\0\xc0\x12\0\0\x1d\
\x14\0\0\x02\0\0\0\0\x13\0\0\x34\x14\0\0\x02\0\0\0\x20\x13\0\0\x48\x14\0\0\xa9\
\0\0\0\x40\x13\0\0\x5f\x14\0\0\xab\0\0\0\x80\x13\0\0\x70\x14\0\0\x0d\0\0\0\xc0\
\x13\0\0\x96\x14\0\0\x42\0\0\0\xe0\x13\0\0\xaf\x14\0\0\xa8\0\0\0\0\x14\0\0\xc8\
\x14\0\0\x4e\0\0\0\x40\x14\0\0\xe0\x14\0\0\x4e\0\0\0\x60\x14\0\0\xf4\x14\0\0\
\x39\0\0\0\x80\x14\0\0\x0b\x15\0\0\x39\0\0\0\x88\x14\0\0\x2d\x15\0\0\x39\0\0\0\
\x90\x14\0\0\x4a\x15\0\0\x39\0\0\0\x98\x14\0\0\x69\x15\0\0\x02\0\0\0\xa0\x14\0\
\0\x84\x15\0\0\x02\0\0\0\xc0\x14\0\0\x98\x15\0\0\x02\0\0\0\xe0\x14\0\0\xac\x15\
\0\0\x39\0\0\0\0\x15\0\0\xcd\x15\0\0\x39\0\0\0\x08\x15\0\0\xec\x15\0\0\x39\0\0\
\0\x10\x15\0\0\x05\x16\0\0\x39\0\0\0\x18\x15\0\0\x1d\x16\0\0\x02\0\0\0\x20\x15\
\0\0\x39\x16\0\0\x02\0\0\0\x40\x15\0\0\x4d\x16\0\0\x02\0\0\0\x60\x15\0\0\x5d\
\x16\0\0\xac\0\0\0\x80\x15\0\0\x6e\x16\0\0\x42\0\0\0\0\x16\0\0\x7d\x16\0\0\x0d\
\0\0\0\x20\x16\0\0\x9b\x16\0\0\xb8\0\0\0\x40\x16\0\0\xb7\x16\0\0\x02\0\0\0\x80\
\x16\0\0\xcb\x16\0\0\x4f\0\0\0\xc0\x16\0\0\xd5\x16\0\0\xa1\0\0\0\x40\x17\0\0\
\xe2\x16\0\0\x4e\0\0\0\x80\x17\0\0\x03\x17\0\0\x39\0\0\0\xa0\x17\0\0\x22\x17\0\
\0\x39\0\0\0\xa8\x17\0\0\x43\x17\0\0\xb9\0\0\0\xc0\x17\0\0\x50\x17\0\0\x0d\0\0\
\0\0\x18\0\0\x58\x17\0\0\xb9\0\0\0\x40\x18\0\0\x6a\x17\0\0\x0d\0\0\0\x80\x18\0\
\0\x73\x17\0\0\x42\0\0\0\xa0\x18\0\0\x7c\x17\0\0\xba\0\0\0\xc0\x18\0\0\0\0\0\0\
\0\0\0\x03\0\0\0\0\x11\0\0\0\x04\0\0\0\0\0\0\0\0\0\0\0\0\0\0\x03\0\0\0\0\x02\0\
\0\0\x04\0\0\0\x03\0\0\0\0\0\0\0\0\0\0\x04\0\0\0\0\x86\x17\0\0\x03\0\0\x04\x80\
\0\0\0\x9e\x17\0\0\x40\0\0\0\0\0\0\0\xaa\x17\0\0\x9d\0\0\0\0\x02\0\0\xb3\x17\0\
\0\x02\0\0\0\x40\x02\0\0\0\0\0\0\0\0\0\x02\x68\x03\0\0\0\0\0\0\0\0\0\x02\x69\
\x03\0\0\0\0\0\0\0\0\0\x02\x6a\x03\0\0\0\0\0\0\0\0\0\x02\x6b\x03\0\0\0\0\0\0\0\
\0\0\x02\x6c\x03\0\0\0\0\0\0\0\0\0\x02\x46\x03\0\0\xc9\x17\0\0\0\0\0\x08\xa4\0\
\0\0\xce\x17\0\0\0\0\0\x01\x01\0\0\0\x08\0\0\x04\0\0\0\0\0\0\0\x02\x47\x03\0\0\
\0\0\0\0\0\0\0\x02\x48\x03\0\0\xd4\x17\0\0\x02\0\0\x04\x08\0\0\0\xe0\x17\0\0\
\x4e\0\0\0\0\0\0\0\xe6\x17\0\0\xa3\0\0\0\x20\0\0\0\xed\x17\0\0\0\0\0\x01\x08\0\
\0\0\x40\0\0\0\0\0\0\0\0\0\0\x02\xaa\0\0\0\0\0\0\0\0\0\0\x0a\x49\x03\0\0\0\0\0\
\0\0\0\0\x02\x4a\x03\0\0\x5d\x16\0\0\x02\0\0\x04\x10\0\0\0\xfb\x17\0\0\xad\0\0\
\0\0\0\0\0\xe0\x17\0\0\xb7\0\0\0\x40\0\0\0\0\x18\0\0\0\0\0\x08\xae\0\0\0\0\0\0\
\0\x02\0\0\x04\x08\0\0\0\x0a\x18\0\0\xaf\0\0\0\0\0\0\0\xfb\x17\0\0\x44\0\0\0\
\x20\0\0\0\x13\x18\0\0\0\0\0\x08\xb0\0\0\0\x27\x18\0\0\x01\0\0\x04\x04\0\0\0\
\x0a\x18\0\0\xb1\0\0\0\0\0\0\0\x39\x18\0\0\0\0\0\x08\xb2\0\0\0\x0a\x18\0\0\x01\
\0\0\x04\x04\0\0\0\x44\x18\0\0\x0d\0\0\0\0\0\0\0\x4d\x18\0\0\0\0\0\x08\xb4\0\0\
\0\0\0\0\0\x01\0\0\x04\x04\0\0\0\x4c\x04\0\0\xb5\0\0\0\0\0\0\0\x54\x18\0\0\0\0\
\0\x08\xb6\0\0\0\x5a\x18\0\0\0\0\0\x08\x0d\0\0\0\0\0\0\0\0\0\0\x03\0\0\0\0\xb3\
\0\0\0\x04\0\0\0\x02\0\0\0\0\0\0\0\0\0\0\x02\xa8\0\0\0\0\0\0\0\0\0\0\x02\x4c\
\x03\0\0\x6b\x18\0\0\0\0\0\x08\xbb\0\0\0\0\0\0\0\x01\0\0\x04\x10\0\0\0\x52\0\0\
\0\xbd\0\0\0\0\0\0\0\x79\x18\0\0\0\0\0\x08\x08\0\0\0\0\0\0\0\0\0\0\x03\0\0\0\0\
\xbc\0\0\0\x04\0\0\0\x02\0\0\0\x7d\x18\0\0\x2a\0\0\x04\x40\x03\0\0\x88\x18\0\0\
\xbf\0\0\0\0\0\0\0\x94\x18\0\0\x8c\x02\0\0\0\x06\0\0\xdb\x0b\0\0\x8e\x02\0\0\
\xc0\x0b\0\0\xe7\x0b\0\0\x8e\x02\0\0\0\x0c\0\0\xd1\x0c\0\0\xa5\0\0\0\x40\x0c\0\
\0\xd7\x0c\0\0\xa6\0\0\0\x80\x0c\0\0\x9b\x18\0\0\x8f\x02\0\0\xc0\x0c\0\0\xab\
\x18\0\0\x90\x02\0\0\0\x0d\0\0\xba\x18\0\0\x91\x02\0\0\x40\x0d\0\0\xc4\x18\0\0\
\x5e\x01\0\0\x80\x0d\0\0\xad\x0c\0\0\x7b\0\0\0\xc0\x0e\0\0\xd2\x18\0\0\x92\x02\
\0\0\0\x0f\0\0\xe0\x18\0\0\x4f\0\0\0\x40\x0f\0\0\xed\x18\0\0\xdf\x01\0\0\xc0\
\x0f\0\0\xfe\x18\0\0\x44\0\0\0\0\x10\0\0\x0b\x19\0\0\x42\0\0\0\x20\x10\0\0\x1c\
\x19\0\0\xa8\0\0\0\x40\x10\0\0\x2b\x19\0\0\x12\0\0\0\x80\x10\0\0\x3e\x19\0\0\
\xa3\0\0\0\x88\x10\0\0\x54\x19\0\0\x0d\0\0\0\xa0\x10\0\0\x71\x19\0\0\x0d\0\0\0\
\xc0\x10\0\0\x89\x19\0\0\x90\x02\0\0\0\x11\0\0\x9c\x19\0\0\x90\x02\0\0\x40\x11\
\0\0\xaf\x19\0\0\x92\x02\0\0\x80\x11\0\0\xbe\x19\0\0\xa1\0\0\0\xc0\x11\0\0\xcd\
\x19\0\0\x3b\0\0\0\0\x12\0\0\xd6\x19\0\0\x3b\0\0\0\x40\x12\0\0\xdd\x19\0\0\x3b\
\0\0\0\x80\x12\0\0\xc2\x0c\0\0\x3b\0\0\0\xc0\x12\0\0\xe5\x19\0\0\x7b\0\0\0\0\
\x13\0\0\xf4\x19\0\0\x44\0\0\0\x40\x13\0\0\x07\x1a\0\0\x93\x02\0\0\x80\x13\0\0\
\x15\x1a\0\0\x4f\0\0\0\x40\x16\0\0\x20\x1a\0\0\xa1\0\0\0\xc0\x16\0\0\x6e\x16\0\
\0\x42\0\0\0\0\x17\0\0\x2e\x1a\0\0\x42\0\0\0\x20\x17\0\0\x3a\x1a\0\0\x95\x02\0\
\0\x40\x17\0\0\x43\x17\0\0\xb9\0\0\0\x80\x17\0\0\x44\x1a\0\0\xb9\0\0\0\xc0\x17\
\0\0\x6a\x17\0\0\x0d\0\0\0\0\x18\0\0\x57\x1a\0\0\x96\x02\0\0\x40\x18\0\0\x68\
\x1a\0\0\x97\x02\0\0\xc0\x18\0\0\x73\x1a\0\0\x12\0\0\x04\xc0\0\0\0\x74\0\0\0\
\x10\0\0\0\0\0\0\0\x7b\x1a\0\0\x0d\0\0\0\x20\0\0\0\x85\x1a\0\0\xc0\0\0\0\x40\0\
\0\0\x88\x1a\0\0\xc3\0\0\0\x80\0\0\0\x8e\x1a\0\0\xea\0\0\0\xc0\0\0\0\x9d\x1a\0\
\0\xea\0\0\0\0\x01\0\0\xa1\x1a\0\0\xee\0\0\0\x40\x01\0\0\xad\x1a\0\0\xf1\0\0\0\
\x80\x01\0\0\xb5\x1a\0\0\xf3\0\0\0\xc0\x01\0\0\xbc\x1a\0\0\x27\x02\0\0\0\x02\0\
\0\xcc\x1a\0\0\xd5\0\0\0\x40\x02\0\0\xd9\x1a\0\0\x74\x02\0\0\x80\x02\0\0\xe5\
\x1a\0\0\x76\x02\0\0\xc0\x02\0\0\xee\x1a\0\0\x3d\0\0\0\0\x03\0\0\xf8\x1a\0\0\
\x78\x02\0\0\x40\x03\0\0\x05\x1b\0\0\x87\x02\0\0\x80\x03\0\0\x13\x1b\0\0\x89\
\x02\0\0\xc0\x03\0\0\x1f\x1b\0\0\x8a\x02\0\0\0\x04\0\0\0\0\0\0\0\0\0\x02\xc1\0\
\0\0\0\0\0\0\x01\0\0\x0d\0\0\0\0\0\0\0\0\xc2\0\0\0\0\0\0\0\0\0\0\x02\xbf\0\0\0\
\0\0\0\0\0\0\0\x02\xc4\0\0\0\0\0\0\0\x02\0\0\x0d\xc5\0\0\0\0\0\0\0\xc5\0\0\0\0\
\0\0\0\x0c\0\0\0\0\0\0\0\0\0\0\x02\xc6\0\0\0\x2d\x1b\0\0\x16\0\0\x04\x88\0\0\0\
\x37\x1b\0\0\x3a\0\0\0\0\0\0\0\xef\x04\0\0\xc2\0\0\0\x40\0\0\0\x3b\x1b\0\0\xa8\
\0\0\0\x80\0\0\0\x44\x1b\0\0\xa8\0\0\0\xc0\0\0\0\x90\x03\0\0\xc7\0\0\0\0\x01\0\
\0\x4c\x1b\0\0\xc8\0\0\0\x40\x01\0\0\x52\x1b\0\0\x3d\0\0\0\x80\x01\0\0\x59\x1b\
\0\0\x10\0\0\0\xc0\x01\0\0\x5f\x1b\0\0\xe4\0\0\0\xd0\x01\0\0\x68\x1b\0\0\x10\0\
\0\0\xe0\x01\0\0\x73\x1b\0\0\x10\0\0\0\xf0\x01\0\0\x7f\x1b\0\0\xe5\0\0\0\0\x02\
\0\0\x88\x1b\0\0\x02\0\0\0\x20\x02\0\0\x8e\x1b\0\0\xa8\0\0\0\x40\x02\0\0\xd4\
\x05\0\0\x6e\0\0\0\x80\x02\0\0\x96\x1b\0\0\xe4\0\0\0\0\x03\0\0\x9c\x1b\0\0\xe4\
\0\0\0\x10\x03\0\0\xa2\x1b\0\0\x0c\0\0\0\x20\x03\0\0\xab\x1b\0\0\xe7\0\0\0\x40\
\x03\0\0\xb7\x1b\0\0\x4f\0\0\0\x40\x03\0\0\xc3\x1b\0\0\xe8\0\0\0\xc0\x03\0\0\
\xd4\x1b\0\0\xe9\0\0\0\0\x04\0\0\0\0\0\0\0\0\0\x02\x4b\x03\0\0\0\0\0\0\0\0\0\
\x02\xc9\0\0\0\0\0\0\0\x01\0\0\x0d\x02\0\0\0\0\0\0\0\x35\0\0\0\xdd\x1b\0\0\x1c\
\0\0\x84\xe8\0\0\0\0\0\0\0\xcb\0\0\0\0\0\0\0\xbc\x01\0\0\x3b\0\0\0\xc0\0\0\0\0\
\0\0\0\xcf\0\0\0\0\x01\0\0\xe5\x1b\0\0\xd2\0\0\0\x40\x01\0\0\0\0\0\0\xd3\0\0\0\
\xc0\x02\0\0\xe8\x1b\0\0\xa8\0\0\0\x40\x03\0\0\xee\x1b\0\0\x0d\0\0\0\x80\x03\0\
\0\xf2\x1b\0\0\x0d\0\0\0\xa0\x03\0\0\xfb\x1b\0\0\x0f\0\0\0\xc0\x03\0\0\x03\x1c\
\0\0\x0f\0\0\0\xd0\x03\0\0\x0b\x1c\0\0\x0f\0\0\0\xe0\x03\0\0\x19\x1c\0\0\x99\0\
\0\0\xf0\x03\0\0\x29\x1c\0\0\x11\0\0\0\xf0\x03\0\x01\x30\x1c\0\0\x11\0\0\0\xf1\
\x03\0\x01\x36\x1c\0\0\x11\0\0\0\xf2\x03\0\x02\x3d\x1c\0\0\x11\0\0\0\xf4\x03\0\
\x01\x44\x1c\0\0\x11\0\0\0\xf5\x03\0\x01\x4e\x1c\0\0\x11\0\0\0\xf6\x03\0\x01\
\x59\x1c\0\0\x11\0\0\0\xf7\x03\0\x01\x64\x1c\0\0\x11\0\0\0\xf8\x03\0\0\0\0\0\0\
\xd7\0\0\0\0\x04\0\0\x6e\x04\0\0\xe1\0\0\0\xe0\x05\0\0\x76\x1c\0\0\xe1\0\0\0\0\
\x06\0\0\x1a\x06\0\0\xe2\0\0\0\x40\x06\0\0\x7a\x1c\0\0\xe2\0\0\0\x80\x06\0\0\
\x7f\x1c\0\0\x0d\0\0\0\xc0\x06\0\0\x88\x1c\0\0\x40\0\0\0\xe0\x06\0\0\x8e\x1c\0\
\0\xe3\0\0\0\0\x07\0\0\0\0\0\0\x04\0\0\x05\x18\0\0\0\0\0\0\0\xcc\0\0\0\0\0\0\0\
\x99\x1c\0\0\xce\0\0\0\0\0\0\0\x1c\x02\0\0\x4f\0\0\0\0\0\0\0\xa0\x1c\0\0\x51\0\
\0\0\0\0\0\0\0\0\0\0\x03\0\0\x04\x18\0\0\0\x85\x04\0\0\x35\0\0\0\0\0\0\0\x8a\
\x04\0\0\x35\0\0\0\x40\0\0\0\0\0\0\0\xcd\0\0\0\x80\0\0\0\0\0\0\0\x02\0\0\x05\
\x08\0\0\0\x37\x1b\0\0\x3a\0\0\0\0\0\0\0\xa8\x1c\0\0\xa8\0\0\0\0\0\0\0\0\x06\0\
\0\x03\0\0\x04\x18\0\0\0\xb4\x1c\0\0\xa8\0\0\0\0\0\0\0\xc6\x1c\0\0\x79\0\0\0\
\x40\0\0\0\xcf\x1c\0\0\x79\0\0\0\x80\0\0\0\0\0\0\0\x02\0\0\x05\x08\0\0\0\xd7\
\x1c\0\0\xd0\0\0\0\0\0\0\0\xde\x1c\0\0\xbc\0\0\0\0\0\0\0\xec\x1c\0\0\0\0\0\x08\
\x5e\0\0\0\xf4\x1c\0\0\0\0\0\x01\x01\0\0\0\x08\0\0\x01\0\0\0\0\0\0\0\x03\0\0\0\
\0\xd1\0\0\0\x04\0\0\0\x30\0\0\0\0\0\0\0\x03\0\0\x05\x10\0\0\0\0\0\0\0\xd4\0\0\
\0\0\0\0\0\xf9\x1c\0\0\x4f\0\0\0\0\0\0\0\x0c\x1d\0\0\xa8\0\0\0\0\0\0\0\0\0\0\0\
\x02\0\0\x04\x10\0\0\0\x16\x1d\0\0\xa8\0\0\0\0\0\0\0\x22\x1d\0\0\xd5\0\0\0\x40\
\0\0\0\0\0\0\0\0\0\0\x02\xd6\0\0\0\0\0\0\0\x01\0\0\x0d\0\0\0\0\0\0\0\0\x35\0\0\
\0\0\0\0\0\x02\0\0\x05\x3c\0\0\0\0\0\0\0\xd8\0\0\0\0\0\0\0\x3e\x01\0\0\xd8\0\0\
\0\0\0\0\0\0\0\0\0\x33\0\0\x84\x3c\0\0\0\x2d\x1d\0\0\x99\0\0\0\0\0\0\0\x3f\x1d\
\0\0\x11\0\0\0\0\0\0\x03\x48\x1d\0\0\x11\0\0\0\x03\0\0\x01\x52\x1d\0\0\x11\0\0\
\0\x04\0\0\x01\x66\x1d\0\0\x11\0\0\0\x05\0\0\x02\x70\x1d\0\0\x11\0\0\0\x07\0\0\
\x01\x79\x1d\0\0\x99\0\0\0\x08\0\0\0\x8a\x1d\0\0\x11\0\0\0\x08\0\0\x01\x96\x1d\
\0\0\x11\0\0\0\x09\0\0\x01\xa4\x1d\0\0\x11\0\0\0\x0a\0\0\x01\xb5\x1d\0\0\x11\0\
\0\0\x0b\0\0\x01\xc5\x1d\0\0\x11\0\0\0\x0c\0\0\x01\xd6\x1d\0\0\x11\0\0\0\x0d\0\
\0\x02\xe1\x1d\0\0\x11\0\0\0\x0f\0\0\x01\xf5\x1d\0\0\x11\0\0\0\x10\0\0\x01\xfd\
\x1d\0\0\x11\0\0\0\x11\0\0\x01\x05\x1e\0\0\x11\0\0\0\x12\0\0\x01\x16\x1e\0\0\
\x11\0\0\0\x13\0\0\x01\x21\x1e\0\0\x11\0\0\0\x14\0\0\x01\x28\x1e\0\0\x11\0\0\0\
\x15\0\0\x01\x36\x1e\0\0\x11\0\0\0\x16\0\0\x01\x45\x1e\0\0\x11\0\0\0\x17\0\0\
\x01\x50\x1e\0\0\x11\0\0\0\x18\0\0\x02\x5f\x1e\0\0\x11\0\0\0\x1a\0\0\x01\x6d\
\x1e\0\0\x11\0\0\0\x1b\0\0\x01\x76\x1e\0\0\x11\0\0\0\x1c\0\0\x01\x87\x1e\0\0\
\x11\0\0\0\x1d\0\0\x01\x9b\x1e\0\0\x11\0\0\0\x1e\0\0\x01\xa6\x1e\0\0\x11\0\0\0\
\x1f\0\0\x01\xb3\x1e\0\0\x11\0\0\0\x20\0\0\x01\xc2\x1e\0\0\x11\0\0\0\x21\0\0\
\x01\xcc\x1e\0\0\x11\0\0\0\x22\0\0\x01\xd5\x1e\0\0\x11\0\0\0\x23\0\0\x01\xe3\
\x1e\0\0\x0f\0\0\0\x30\0\0\0\xec\x1e\0\0\x4d\0\0\0\x40\0\0\0\0\0\0\0\xd9\0\0\0\
\x60\0\0\0\xf6\x1e\0\0\x0c\0\0\0\x80\0\0\0\xff\x1e\0\0\x02\0\0\0\xa0\0\0\0\x07\
\x1f\0\0\x0c\0\0\0\xc0\0\0\0\0\0\0\0\xdc\0\0\0\xe0\0\0\0\0\0\0\0\xde\0\0\0\0\
\x01\0\0\x0c\x1f\0\0\x0c\0\0\0\x20\x01\0\0\0\0\0\0\xdf\0\0\0\x40\x01\0\0\0\0\0\
\0\xe0\0\0\0\x60\x01\0\0\x14\x1f\0\0\x0f\0\0\0\x70\x01\0\0\x2b\x1f\0\0\x0f\0\0\
\0\x80\x01\0\0\x40\x1f\0\0\x0f\0\0\0\x90\x01\0\0\x7b\0\0\0\x14\0\0\0\xa0\x01\0\
\0\x51\x1f\0\0\x0f\0\0\0\xb0\x01\0\0\x62\x1f\0\0\x0f\0\0\0\xc0\x01\0\0\x71\x1f\
\0\0\x0f\0\0\0\xd0\x01\0\0\0\0\0\0\x02\0\0\x05\x04\0\0\0\x7c\x1f\0\0\xda\0\0\0\
\0\0\0\0\0\0\0\0\xdb\0\0\0\0\0\0\0\x81\x1f\0\0\0\0\0\x08\x0c\0\0\0\0\0\0\0\x02\
\0\0\x04\x04\0\0\0\x88\x1f\0\0\x0f\0\0\0\0\0\0\0\x93\x1f\0\0\x0f\0\0\0\x10\0\0\
\0\0\0\0\0\x02\0\0\x05\x04\0\0\0\x9f\x1f\0\0\x4e\0\0\0\0\0\0\0\0\0\0\0\xdd\0\0\
\0\0\0\0\0\0\0\0\0\x02\0\0\x04\x04\0\0\0\xa8\x1f\0\0\x14\0\0\0\0\0\0\0\xb3\x1f\
\0\0\x0f\0\0\0\x10\0\0\0\0\0\0\0\x02\0\0\x05\x04\0\0\0\xbc\x1f\0\0\x0d\0\0\0\0\
\0\0\0\xc4\x1f\0\0\x0d\0\0\0\0\0\0\0\0\0\0\0\x02\0\0\x05\x04\0\0\0\xcf\x1f\0\0\
\x0c\0\0\0\0\0\0\0\xd4\x1f\0\0\x0c\0\0\0\0\0\0\0\0\0\0\0\x02\0\0\x05\x02\0\0\0\
\xe6\x1f\0\0\x14\0\0\0\0\0\0\0\xf5\x1f\0\0\x11\0\0\0\0\0\0\0\x03\x20\0\0\0\0\0\
\x08\x0d\0\0\0\0\0\0\0\0\0\0\x02\x12\0\0\0\0\0\0\0\0\0\0\x02\x9c\x03\0\0\x12\
\x20\0\0\0\0\0\x01\x02\0\0\0\x10\0\0\x01\x18\x20\0\0\0\0\0\x08\xe6\0\0\0\0\0\0\
\0\x01\0\0\x04\x04\0\0\0\x21\x20\0\0\x42\0\0\0\0\0\0\0\x28\x20\0\0\0\0\0\x08\
\x9b\0\0\0\0\0\0\0\0\0\0\x02\x6d\x03\0\0\0\0\0\0\0\0\0\x02\x6e\x03\0\0\0\0\0\0\
\0\0\0\x02\xeb\0\0\0\0\0\0\0\x01\0\0\x0d\x0d\0\0\0\0\0\0\0\xec\0\0\0\0\0\0\0\0\
\0\0\x02\xed\0\0\0\0\0\0\0\0\0\0\x0a\xc6\0\0\0\0\0\0\0\0\0\0\x02\xef\0\0\0\0\0\
\0\0\x02\0\0\x0d\xf0\0\0\0\0\0\0\0\xc5\0\0\0\0\0\0\0\xa8\0\0\0\0\0\0\0\0\0\0\
\x02\x4e\0\0\0\0\0\0\0\0\0\0\x02\xf2\0\0\0\0\0\0\0\x01\0\0\x0d\0\0\0\0\0\0\0\0\
\xc5\0\0\0\0\0\0\0\0\0\0\x02\xf4\0\0\0\0\0\0\0\x02\0\0\x0d\0\0\0\0\0\0\0\0\xc5\
\0\0\0\0\0\0\0\x3a\0\0\0\x3a\x20\0\0\xaf\0\0\x84\xf0\x09\0\0\x45\x20\0\0\x99\0\
\0\0\0\0\0\0\x71\x20\0\0\x09\0\0\0\0\0\0\0\x7c\x20\0\0\xf6\0\0\0\x40\0\0\0\x87\
\x20\0\0\xf8\0\0\0\x80\0\0\0\x92\x20\0\0\xfa\0\0\0\xc0\0\0\0\x96\x20\0\0\xfb\0\
\0\0\0\x01\0\0\xab\x20\0\0\x0d\0\0\0\x40\x01\0\0\xbe\x20\0\0\x0d\0\0\0\x60\x01\
\0\0\xcb\x20\0\0\x0d\0\0\0\x80\x01\0\0\xdd\x20\0\0\x4d\0\0\0\xa0\x01\0\0\xea\
\x20\0\0\xfc\0\0\0\xb0\x01\0\0\x9d\x1a\0\0\x0d\0\0\0\xc0\x01\0\0\xf1\x20\0\0\
\x10\0\0\0\xe0\x01\0\0\x01\x21\0\0\xff\0\0\0\xf0\x01\0\0\x0b\x21\0\0\x06\x01\0\
\0\0\x04\0\0\x14\x21\0\0\x07\x01\0\0\x80\x04\0\0\x24\x21\0\0\x08\x01\0\0\xc0\
\x04\0\0\x2f\x21\0\0\x99\0\0\0\0\x05\0\0\x59\x21\0\0\x99\0\0\0\0\x05\0\0\0\0\0\
\0\x09\x01\0\0\0\x05\0\0\x86\x01\0\0\xa8\0\0\0\x40\x05\0\0\x59\x1b\0\0\x0d\0\0\
\0\x80\x05\0\0\x87\x21\0\0\x10\0\0\0\xa0\x05\0\0\x97\x21\0\0\xfb\0\0\0\xc0\x05\
\0\0\xa0\x21\0\0\x0d\x01\0\0\0\x06\0\0\xa8\x21\0\0\x99\0\0\0\x40\x06\0\0\xd4\
\x21\0\0\x99\0\0\0\x40\x06\0\0\0\x22\0\0\x0e\x01\0\0\x40\x06\0\0\x09\x22\0\0\
\x4f\0\0\0\x80\x06\0\0\xff\x01\0\0\x02\0\0\0\0\x07\0\0\x18\x22\0\0\x0d\0\0\0\
\x20\x07\0\0\x2b\x22\0\0\x0f\x01\0\0\x40\x07\0\0\x2f\x22\0\0\xa8\0\0\0\x80\x07\
\0\0\x41\x22\0\0\x4e\0\0\0\xc0\x07\0\0\x56\x22\0\0\x0d\0\0\0\xe0\x07\0\0\x63\
\x22\0\0\x0d\0\0\0\0\x08\0\0\x75\x22\0\0\x10\x01\0\0\x40\x08\0\0\x80\x22\0\0\
\x59\0\0\0\x80\x08\0\0\x90\x22\0\0\x16\x01\0\0\xc0\x08\0\0\x97\x22\0\0\x18\x01\
\0\0\0\x09\0\0\x9e\x22\0\0\x08\x01\0\0\x40\x09\0\0\xaa\x22\0\0\x99\0\0\0\x80\
\x09\0\0\xd4\x22\0\0\x19\x01\0\0\x80\x09\0\0\xd9\x22\0\0\x1a\x01\0\0\0\x0a\0\0\
\xe3\x22\0\0\x1b\x01\0\0\x40\x0a\0\0\xeb\x22\0\0\xa8\0\0\0\x80\x0a\0\0\xf3\x22\
\0\0\xa8\0\0\0\xc0\x0a\0\0\xfd\x22\0\0\xa8\0\0\0\0\x0b\0\0\x07\x23\0\0\x4f\0\0\
\0\x40\x0b\0\0\x10\x23\0\0\x4f\0\0\0\xc0\x0b\0\0\x1a\x23\0\0\x4f\0\0\0\x40\x0c\
\0\0\x25\x23\0\0\x4f\0\0\0\xc0\x0c\0\0\x30\x23\0\0\x4f\0\0\0\x40\x0d\0\0\x3a\
\x23\0\0\x1c\x01\0\0\xc0\x0d\0\0\x43\x23\0\0\x1d\x01\0\0\xc0\x0e\0\0\x50\x23\0\
\0\x1e\x01\0\0\0\x0f\0\0\x61\x23\0\0\x20\x01\0\0\x40\x0f\0\0\x75\x23\0\0\x10\0\
\0\0\x80\x0f\0\0\x7c\x23\0\0\x10\0\0\0\x90\x0f\0\0\x8c\x23\0\0\xfb\0\0\0\xc0\
\x0f\0\0\x98\x23\0\0\xfb\0\0\0\0\x10\0\0\xa8\x23\0\0\xfb\0\0\0\x40\x10\0\0\xb6\
\x23\0\0\xfb\0\0\0\x80\x10\0\0\xc6\x23\0\0\xfb\0\0\0\xc0\x10\0\0\xd4\x23\0\0\
\xfb\0\0\0\0\x11\0\0\xe6\x23\0\0\x0d\0\0\0\x40\x11\0\0\xee\x23\0\0\x0d\0\0\0\
\x60\x11\0\0\xd6\0\0\0\x10\0\0\0\x80\x11\0\0\xf6\x23\0\0\x12\0\0\0\x90\x11\0\0\
\x05\x24\0\0\x12\0\0\0\x98\x11\0\0\x16\x24\0\0\x02\0\0\0\xa0\x11\0\0\x1c\x24\0\
\0\x22\x01\0\0\xc0\x11\0\0\x22\x24\0\0\x3a\x01\0\0\x80\x17\0\0\x2d\x24\0\0\x42\
\0\0\0\xc0\x17\0\0\x3e\x24\0\0\x42\0\0\0\xe0\x17\0\0\x51\x24\0\0\x3b\x01\0\0\0\
\x18\0\0\x63\x24\0\0\x3d\x01\0\0\x40\x18\0\0\x71\x24\0\0\x3e\x01\0\0\x80\x18\0\
\0\x7d\x24\0\0\x40\x01\0\0\xc0\x18\0\0\x88\x24\0\0\x42\x01\0\0\0\x19\0\0\x92\
\x24\0\0\x44\x01\0\0\x40\x19\0\0\x9e\x24\0\0\x46\x01\0\0\x80\x19\0\0\xa9\x24\0\
\0\x12\0\0\0\xc0\x19\0\0\xb3\x24\0\0\x12\0\0\0\xc8\x19\0\0\xbd\x24\0\0\x12\0\0\
\0\xd0\x19\0\0\xc5\x24\0\0\x12\0\0\0\xd8\x19\0\0\xc9\x24\0\0\x48\x01\0\0\xe0\
\x19\0\0\xd3\x24\0\0\x12\0\0\0\xe0\x1a\0\0\xe4\x24\0\0\x12\0\0\0\xe8\x1a\0\0\
\xed\x24\0\0\x12\0\0\0\xf0\x1a\0\0\xf9\x24\0\0\x12\0\0\0\xf8\x1a\0\0\x05\x25\0\
\0\x10\0\0\0\0\x1b\0\0\x14\x25\0\0\x10\0\0\0\x10\x1b\0\0\x1b\x25\0\0\x10\0\0\0\
\x20\x1b\0\0\x24\x25\0\0\x10\0\0\0\x30\x1b\0\0\x2b\x25\0\0\x44\0\0\0\x40\x1b\0\
\0\x3a\x25\0\0\x02\0\0\0\x60\x1b\0\0\x3e\x25\0\0\x49\x01\0\0\x80\x1b\0\0\x41\
\x25\0\0\x49\x01\0\0\x80\x1c\0\0\x44\x25\0\0\x49\x01\0\0\x80\x1d\0\0\x4e\x25\0\
\0\x4a\x01\0\0\x80\x1e\0\0\x5a\x25\0\0\x0d\0\0\0\xc0\x1e\0\0\x66\x25\0\0\x0d\0\
\0\0\xe0\x1e\0\0\x6f\x25\0\0\xa3\0\0\0\0\x1f\0\0\x7a\x25\0\0\x4b\x01\0\0\x40\
\x1f\0\0\x81\x25\0\0\x4c\x01\0\0\x80\x1f\0\0\x8b\x25\0\0\x4d\x01\0\0\xc0\x1f\0\
\0\x93\x25\0\0\x4e\x01\0\0\0\x20\0\0\x9c\x25\0\0\x59\0\0\0\x40\x20\0\0\xa6\x25\
\0\0\x50\x01\0\0\x80\x20\0\0\xaf\x25\0\0\x51\x01\0\0\xc0\x20\0\0\xbd\x25\0\0\
\x52\x01\0\0\0\x21\0\0\xcc\x25\0\0\x53\x01\0\0\x40\x21\0\0\xd5\x25\0\0\x55\x01\
\0\0\x80\x21\0\0\xde\x25\0\0\x56\x01\0\0\xc0\x21\0\0\xe7\x25\0\0\x0d\0\0\0\0\
\x22\0\0\xf5\x25\0\0\x0d\0\0\0\x20\x22\0\0\x05\x26\0\0\xfa\0\0\0\x40\x22\0\0\
\x13\x26\0\0\x07\x01\0\0\x80\x22\0\0\x24\x26\0\0\x48\x01\0\0\xc0\x22\0\0\x2e\
\x26\0\0\x58\x01\0\0\xc0\x23\0\0\x3a\x26\0\0\x59\x01\0\0\0\x24\0\0\x46\x26\0\0\
\x0d\0\0\0\x80\x24\0\0\x54\x26\0\0\x5b\x01\0\0\xc0\x24\0\0\x5a\x26\0\0\x0d\0\0\
\0\0\x25\0\0\x67\x26\0\0\x44\0\0\0\x20\x25\0\0\x76\x26\0\0\x5c\x01\0\0\x40\x25\
\0\0\x80\x26\0\0\x5d\x01\0\0\x80\x25\0\0\x8b\x26\0\0\x5e\x01\0\0\x80\x29\0\0\
\x9a\x26\0\0\x02\0\0\0\xc0\x2a\0\0\xa9\x26\0\0\x4e\0\0\0\xe0\x2a\0\0\xbb\x26\0\
\0\x4f\0\0\0\0\x2b\0\0\xc5\x26\0\0\x62\x01\0\0\x80\x2b\0\0\x70\x02\0\0\x63\0\0\
\0\xc0\x2b\0\0\xd1\x26\0\0\x4f\0\0\0\xc0\x2b\0\0\xe1\x26\0\0\x63\x01\0\0\x40\
\x2c\0\x08\xeb\x26\0\0\xa3\0\0\0\x48\x2c\0\0\xf5\x26\0\0\x64\x01\0\0\x50\x2c\0\
\x10\x05\x27\0\0\xa3\0\0\0\x60\x2c\0\0\x17\x27\0\0\x65\x01\0\0\x80\x2c\0\0\x27\
\x27\0\0\x59\0\0\0\xc0\x2c\0\0\x2f\x27\0\0\x67\x01\0\0\0\x2d\0\0\x3c\x27\0\0\
\x68\x01\0\0\x20\x2d\0\x08\x4b\x27\0\0\x69\x01\0\0\x40\x2d\0\0\x55\x27\0\0\x6b\
\x01\0\0\x80\x2d\0\0\x5e\x27\0\0\x6d\x01\0\0\xc0\x2d\0\0\x37\x1b\0\0\x6e\x01\0\
\0\0\x2e\0\0\x69\x27\0\0\x10\x02\0\0\xc0\x46\0\0\x76\x27\0\0\xb3\x01\0\0\xc0\
\x47\0\0\x8b\x27\0\0\x11\x02\0\0\0\x48\0\0\x99\x27\0\0\x0d\0\0\0\x40\x48\0\0\
\xa6\x27\0\0\x4d\0\0\0\x60\x48\0\0\xb3\x27\0\0\x13\x02\0\0\x80\x48\0\0\xbd\x27\
\0\0\x15\x02\0\0\xc0\x48\0\0\xc9\x27\0\0\x0d\0\0\0\x40\x49\0\0\xd6\x27\0\0\x16\
\x02\0\0\x80\x49\0\0\xde\x27\0\0\x17\x02\0\0\xc0\x49\0\0\xe5\x27\0\0\x18\x02\0\
\0\0\x4a\0\0\xed\x27\0\0\x19\x02\0\0\x40\x4a\0\0\xff\x27\0\0\xa3\0\0\0\x80\x4a\
\0\0\x0a\x28\0\0\x0d\0\0\0\x88\x4a\0\x01\x16\x28\0\0\x0d\0\0\0\x89\x4a\0\x01\
\x1f\x28\0\0\x4f\0\0\0\xc0\x4a\0\0\x31\x28\0\0\x1a\x02\0\0\x40\x4b\0\0\x3c\x28\
\0\0\x1c\x02\0\0\x80\x4b\0\0\x50\x28\0\0\x1e\x02\0\0\xc0\x4b\0\0\x5f\x28\0\0\
\x22\x02\0\0\0\x4c\0\0\x69\x28\0\0\x23\x02\0\0\x80\x4d\0\0\x79\x28\0\0\xe7\0\0\
\0\x80\x4e\0\0\x8f\x28\0\0\xe7\0\0\0\x80\x4e\0\0\xa4\x28\0\0\xe7\0\0\0\x80\x4e\
\0\0\xbb\x28\0\0\x24\x02\0\0\x80\x4e\0\0\xcd\x28\0\0\x25\x02\0\0\xc0\x4e\0\0\
\xda\x28\0\0\x26\x02\0\0\0\x4f\0\0\xe3\x28\0\0\x76\0\0\0\x40\x4f\0\0\0\0\0\0\0\
\0\0\x02\xf7\0\0\0\0\0\0\0\0\0\0\x0a\x0e\x03\0\0\0\0\0\0\0\0\0\x02\xf9\0\0\0\0\
\0\0\0\0\0\0\x0a\x9e\x03\0\0\0\0\0\0\0\0\0\x02\x9f\x03\0\0\xee\x28\0\0\0\0\0\
\x08\xbc\0\0\0\0\x29\0\0\0\0\0\x08\xfd\0\0\0\x04\x29\0\0\0\0\0\x08\xe4\0\0\0\
\x0a\x29\0\0\x02\0\0\x04\x04\0\0\0\xf8\x04\0\0\x4d\0\0\0\0\0\0\0\x18\x29\0\0\
\x4d\0\0\0\x10\0\0\0\0\0\0\0\0\0\0\x03\0\0\0\0\xfe\0\0\0\x04\0\0\0\x10\0\0\0\0\
\0\0\0\0\0\0\x02\x01\x01\0\0\x1f\x29\0\0\x04\0\0\x04\x18\0\0\0\xad\x05\0\0\x6e\
\0\0\0\0\0\0\0\x2c\x29\0\0\x0d\0\0\0\x80\0\0\0\xea\x20\0\0\xfc\0\0\0\xa0\0\0\0\
\x33\x29\0\0\x05\x01\0\0\xc0\0\0\0\0\0\0\0\0\0\0\x02\x03\x01\0\0\x3c\x29\0\0\
\x04\0\0\x04\x18\0\0\0\xee\x1b\0\0\x0d\0\0\0\0\0\0\0\x44\x29\0\0\x0d\0\0\0\x20\
\0\0\0\xad\x05\0\0\x6e\0\0\0\x40\0\0\0\x4e\x29\0\0\x04\x01\0\0\xc0\0\0\0\0\0\0\
\0\0\0\0\x03\0\0\0\0\x4d\0\0\0\x04\0\0\0\0\0\0\0\0\0\0\0\0\0\0\x03\0\0\0\0\x02\
\x01\0\0\x04\0\0\0\0\0\0\0\0\0\0\0\0\0\0\x03\0\0\0\0\0\x01\0\0\x04\0\0\0\x02\0\
\0\0\0\0\0\0\0\0\0\x02\xb4\x02\0\0\0\0\0\0\0\0\0\x02\x7d\x03\0\0\0\0\0\0\x03\0\
\0\x05\x08\0\0\0\x55\x29\0\0\x0a\x01\0\0\0\0\0\0\x5c\x29\0\0\x0b\x01\0\0\0\0\0\
\0\x63\x29\0\0\x0c\x01\0\0\0\0\0\0\0\0\0\0\0\0\0\x02\x7e\x03\0\0\0\0\0\0\0\0\0\
\x02\x7f\x03\0\0\0\0\0\0\0\0\0\x02\x80\x03\0\0\0\0\0\0\0\0\0\x02\x76\x03\0\0\0\
\0\0\0\0\0\0\x02\xdc\x02\0\0\0\0\0\0\0\0\0\x02\x81\x03\0\0\0\0\0\0\0\0\0\x02\
\x11\x01\0\0\x6a\x29\0\0\0\0\0\x08\x12\x01\0\0\0\0\0\0\x01\0\0\x0d\x13\x01\0\0\
\0\0\0\0\x15\x01\0\0\x7c\x29\0\0\0\0\0\x08\x14\x01\0\0\x90\x29\0\0\x04\0\0\x06\
\x04\0\0\0\xa2\x29\0\0\0\0\0\0\xb6\x29\0\0\x01\0\0\0\xc9\x29\0\0\x02\0\0\0\xda\
\x29\0\0\x03\0\0\0\0\0\0\0\0\0\0\x02\x35\0\0\0\xea\x29\0\0\0\0\0\x08\x17\x01\0\
\0\0\0\0\0\x01\0\0\x04\x08\0\0\0\xbf\x01\0\0\x3c\0\0\0\0\0\0\0\0\0\0\0\0\0\0\
\x02\x9d\x03\0\0\0\0\0\0\0\0\0\x03\0\0\0\0\xd1\0\0\0\x04\0\0\0\x10\0\0\0\0\0\0\
\0\0\0\0\x02\x82\x03\0\0\0\0\0\0\0\0\0\x02\x83\x03\0\0\0\0\0\0\x02\0\0\x04\x20\
\0\0\0\xf9\x29\0\0\x4f\0\0\0\0\0\0\0\xff\x29\0\0\x4f\0\0\0\x80\0\0\0\x05\x2a\0\
\0\0\0\0\x08\x4e\0\0\0\0\0\0\0\0\0\0\x02\x1f\x01\0\0\0\0\0\0\0\0\0\x0a\x84\x03\
\0\0\0\0\0\0\0\0\0\x02\x21\x01\0\0\0\0\0\0\0\0\0\x0a\x85\x03\0\0\x14\x2a\0\0\
\x17\0\0\x04\xb8\0\0\0\0\0\0\0\x23\x01\0\0\0\0\0\0\0\0\0\0\x24\x01\0\0\x40\0\0\
\0\0\0\0\0\x25\x01\0\0\x80\0\0\0\0\0\0\0\x26\x01\0\0\xc0\0\0\0\0\0\0\0\x27\x01\
\0\0\0\x01\0\0\0\0\0\0\x28\x01\0\0\x40\x01\0\0\0\0\0\0\x29\x01\0\0\x80\x01\0\0\
\0\0\0\0\x2a\x01\0\0\xc0\x01\0\0\0\0\0\0\x2b\x01\0\0\0\x02\0\0\0\0\0\0\x2c\x01\
\0\0\x40\x02\0\0\0\0\0\0\x2d\x01\0\0\x80\x02\0\0\0\0\0\0\x2e\x01\0\0\xc0\x02\0\
\0\0\0\0\0\x2f\x01\0\0\0\x03\0\0\0\0\0\0\x30\x01\0\0\x40\x03\0\0\0\0\0\0\x31\
\x01\0\0\x80\x03\0\0\0\0\0\0\x32\x01\0\0\xc0\x03\0\0\0\0\0\0\x33\x01\0\0\0\x04\
\0\0\0\0\0\0\x34\x01\0\0\x40\x04\0\0\0\0\0\0\x35\x01\0\0\x80\x04\0\0\0\0\0\0\
\x36\x01\0\0\xc0\x04\0\0\0\0\0\0\x37\x01\0\0\0\x05\0\0\0\0\0\0\x38\x01\0\0\x40\
\x05\0\0\0\0\0\0\x39\x01\0\0\x80\x05\0\0\0\0\0\0\x02\0\0\x05\x08\0\0\0\x25\x2a\
\0\0\xa8\0\0\0\0\0\0\0\x30\x2a\0\0\x5b\0\0\0\0\0\0\0\0\0\0\0\x02\0\0\x05\x08\0\
\0\0\x3d\x2a\0\0\xa8\0\0\0\0\0\0\0\x48\x2a\0\0\x5b\0\0\0\0\0\0\0\0\0\0\0\x02\0\
\0\x05\x08\0\0\0\x55\x2a\0\0\xa8\0\0\0\0\0\0\0\x5e\x2a\0\0\x5b\0\0\0\0\0\0\0\0\
\0\0\0\x02\0\0\x05\x08\0\0\0\x69\x2a\0\0\xa8\0\0\0\0\0\0\0\x72\x2a\0\0\x5b\0\0\
\0\0\0\0\0\0\0\0\0\x02\0\0\x05\x08\0\0\0\x7d\x2a\0\0\xa8\0\0\0\0\0\0\0\x87\x2a\
\0\0\x5b\0\0\0\0\0\0\0\0\0\0\0\x02\0\0\x05\x08\0\0\0\x93\x2a\0\0\xa8\0\0\0\0\0\
\0\0\x9d\x2a\0\0\x5b\0\0\0\0\0\0\0\0\0\0\0\x02\0\0\x05\x08\0\0\0\xa9\x2a\0\0\
\xa8\0\0\0\0\0\0\0\xb4\x2a\0\0\x5b\0\0\0\0\0\0\0\0\0\0\0\x02\0\0\x05\x08\0\0\0\
\xc1\x2a\0\0\xa8\0\0\0\0\0\0\0\xcc\x2a\0\0\x5b\0\0\0\0\0\0\0\0\0\0\0\x02\0\0\
\x05\x08\0\0\0\xd9\x2a\0\0\xa8\0\0\0\0\0\0\0\xe3\x2a\0\0\x5b\0\0\0\0\0\0\0\0\0\
\0\0\x02\0\0\x05\x08\0\0\0\xef\x2a\0\0\xa8\0\0\0\0\0\0\0\xfa\x2a\0\0\x5b\0\0\0\
\0\0\0\0\0\0\0\0\x02\0\0\x05\x08\0\0\0\x07\x2b\0\0\xa8\0\0\0\0\0\0\0\x18\x2b\0\
\0\x5b\0\0\0\0\0\0\0\0\0\0\0\x02\0\0\x05\x08\0\0\0\x2b\x2b\0\0\xa8\0\0\0\0\0\0\
\0\x3a\x2b\0\0\x5b\0\0\0\0\0\0\0\0\0\0\0\x02\0\0\x05\x08\0\0\0\x4b\x2b\0\0\xa8\
\0\0\0\0\0\0\0\x59\x2b\0\0\x5b\0\0\0\0\0\0\0\0\0\0\0\x02\0\0\x05\x08\0\0\0\x69\
\x2b\0\0\xa8\0\0\0\0\0\0\0\x79\x2b\0\0\x5b\0\0\0\0\0\0\0\0\0\0\0\x02\0\0\x05\
\x08\0\0\0\x8b\x2b\0\0\xa8\0\0\0\0\0\0\0\x9a\x2b\0\0\x5b\0\0\0\0\0\0\0\0\0\0\0\
\x02\0\0\x05\x08\0\0\0\xab\x2b\0\0\xa8\0\0\0\0\0\0\0\xbc\x2b\0\0\x5b\0\0\0\0\0\
\0\0\0\0\0\0\x02\0\0\x05\x08\0\0\0\xcf\x2b\0\0\xa8\0\0\0\0\0\0\0\xe1\x2b\0\0\
\x5b\0\0\0\0\0\0\0\0\0\0\0\x02\0\0\x05\x08\0\0\0\xf5\x2b\0\0\xa8\0\0\0\0\0\0\0\
\x07\x2c\0\0\x5b\0\0\0\0\0\0\0\0\0\0\0\x02\0\0\x05\x08\0\0\0\x1b\x2c\0\0\xa8\0\
\0\0\0\0\0\0\x2a\x2c\0\0\x5b\0\0\0\0\0\0\0\0\0\0\0\x02\0\0\x05\x08\0\0\0\x3b\
\x2c\0\0\xa8\0\0\0\0\0\0\0\x4f\x2c\0\0\x5b\0\0\0\0\0\0\0\0\0\0\0\x02\0\0\x05\
\x08\0\0\0\x65\x2c\0\0\xa8\0\0\0\0\0\0\0\x76\x2c\0\0\x5b\0\0\0\0\0\0\0\0\0\0\0\
\x02\0\0\x05\x08\0\0\0\x89\x2c\0\0\xa8\0\0\0\0\0\0\0\x97\x2c\0\0\x5b\0\0\0\0\0\
\0\0\0\0\0\0\x02\0\0\x05\x08\0\0\0\xa7\x2c\0\0\xa8\0\0\0\0\0\0\0\xb5\x2c\0\0\
\x5b\0\0\0\0\0\0\0\0\0\0\0\0\0\0\x02\x86\x03\0\0\0\0\0\0\0\0\0\x02\x3c\x01\0\0\
\0\0\0\0\0\0\0\x0a\x87\x03\0\0\0\0\0\0\0\0\0\x02\x0f\x03\0\0\0\0\0\0\0\0\0\x02\
\x3f\x01\0\0\0\0\0\0\0\0\0\x0a\x10\x03\0\0\0\0\0\0\0\0\0\x02\x41\x01\0\0\0\0\0\
\0\0\0\0\x0a\x88\x03\0\0\0\0\0\0\0\0\0\x02\x43\x01\0\0\0\0\0\0\0\0\0\x0a\x89\
\x03\0\0\0\0\0\0\0\0\0\x02\x45\x01\0\0\0\0\0\0\0\0\0\x0a\x4d\x03\0\0\0\0\0\0\0\
\0\0\x02\x47\x01\0\0\0\0\0\0\0\0\0\x0a\x8a\x03\0\0\0\0\0\0\0\0\0\x03\0\0\0\0\
\x12\0\0\0\x04\0\0\0\x20\0\0\0\xc5\x2c\0\0\x03\0\0\x04\x20\0\0\0\x1c\x02\0\0\
\x4f\0\0\0\0\0\0\0\xf8\x04\0\0\x02\0\0\0\x80\0\0\0\xd9\x2c\0\0\x78\0\0\0\xc0\0\
\0\0\0\0\0\0\0\0\0\x02\x1f\x03\0\0\0\0\0\0\0\0\0\x02\x8b\x03\0\0\0\0\0\0\0\0\0\
\x02\x8c\x03\0\0\0\0\0\0\0\0\0\x02\x8d\x03\0\0\0\0\0\0\0\0\0\x02\x4f\x01\0\0\
\xde\x2c\0\0\0\0\0\x07\0\0\0\0\0\0\0\0\0\0\0\x02\x13\x03\0\0\0\0\0\0\0\0\0\x02\
\x14\x03\0\0\0\0\0\0\0\0\0\x02\x15\x03\0\0\0\0\0\0\0\0\0\x02\x54\x01\0\0\xea\
\x2c\0\0\0\0\0\x07\0\0\0\0\0\0\0\0\0\0\0\x02\x16\x03\0\0\0\0\0\0\0\0\0\x02\x57\
\x01\0\0\0\0\0\0\0\0\0\x0a\x12\0\0\0\0\0\0\0\0\0\0\x02\x17\x03\0\0\xf3\x2c\0\0\
\x02\0\0\x04\x10\0\0\0\x85\x04\0\0\x77\0\0\0\0\0\0\0\xfe\x2c\0\0\x5a\x01\0\0\
\x40\0\0\0\0\0\0\0\0\0\0\x02\x77\0\0\0\0\0\0\0\0\0\0\x02\xa0\x03\0\0\0\0\0\0\0\
\0\0\x02\x18\x03\0\0\0\0\0\0\0\0\0\x03\0\0\0\0\x76\0\0\0\x04\0\0\0\x10\0\0\0\
\x04\x2d\0\0\x04\0\0\x04\x28\0\0\0\x0f\x2d\0\0\x59\x01\0\0\0\0\0\0\x44\x1b\0\0\
\xa8\0\0\0\x80\0\0\0\x15\x2d\0\0\x5f\x01\0\0\xc0\0\0\0\x59\x1b\0\0\x4e\0\0\0\0\
\x01\0\0\0\0\0\0\0\0\0\x02\x60\x01\0\0\0\0\0\0\x01\0\0\x0d\0\0\0\0\0\0\0\0\x61\
\x01\0\0\0\0\0\0\0\0\0\x02\x5e\x01\0\0\0\0\0\0\0\0\0\x02\x02\0\0\0\0\0\0\0\x06\
\0\0\x06\x04\0\0\0\x1e\x2d\0\0\0\0\0\0\x33\x2d\0\0\x01\0\0\0\x45\x2d\0\0\x02\0\
\0\0\x5a\x2d\0\0\x03\0\0\0\x6e\x2d\0\0\x04\0\0\0\x7e\x2d\0\0\x05\0\0\0\0\0\0\0\
\x02\0\0\x06\x04\0\0\0\x8b\x2d\0\0\0\0\0\0\xa1\x2d\0\0\x01\0\0\0\0\0\0\0\0\0\0\
\x02\x66\x01\0\0\0\0\0\0\x01\0\0\x0d\0\0\0\0\0\0\0\0\x3a\0\0\0\xb8\x2d\0\0\x02\
\0\0\x06\x04\0\0\0\xcc\x2d\0\0\0\0\0\0\xd9\x2d\0\0\x01\0\0\0\xe5\x2d\0\0\x04\0\
\0\x06\x04\0\0\0\xf6\x2d\0\0\0\0\0\0\x0c\x2e\0\0\x01\0\0\0\x24\x2e\0\0\x02\0\0\
\0\x3c\x2e\0\0\x03\0\0\0\0\0\0\0\0\0\0\x02\x6a\x01\0\0\x4b\x27\0\0\0\0\0\x07\0\
\0\0\0\0\0\0\0\0\0\0\x02\x6c\x01\0\0\x55\x27\0\0\0\0\0\x07\0\0\0\0\0\0\0\0\0\0\
\0\x02\xa4\x03\0\0\x54\x2e\0\0\x31\0\0\x84\x18\x03\0\0\x5b\x2e\0\0\x6f\x01\0\0\
\0\0\0\0\x9a\x05\0\0\x77\x01\0\0\0\x02\0\0\x60\x2e\0\0\x78\x01\0\0\x40\x02\0\0\
\x62\x2e\0\0\x70\x01\0\0\x80\x02\0\0\xd6\0\0\0\x79\x01\0\0\xc0\x02\0\0\x6c\x2e\
\0\0\x7b\x01\0\0\0\x03\0\0\x70\x2e\0\0\x7d\x01\0\0\x40\x03\0\0\x77\x2e\0\0\x59\
\0\0\0\x80\x03\0\0\x85\x2e\0\0\x59\0\0\0\xc0\x03\0\0\x91\x2e\0\0\x7e\x01\0\0\0\
\x04\0\0\xb8\x07\0\0\x8f\0\0\0\x80\x04\0\0\xa1\x2e\0\0\x7f\x01\0\0\x80\x05\0\0\
\xa7\x2e\0\0\x81\x01\0\0\x40\x07\0\0\xad\x2e\0\0\x9e\x01\0\0\0\x11\0\0\xb7\x2e\
\0\0\x9f\x01\0\0\x40\x11\0\0\xbd\x2e\0\0\xa0\x01\0\0\x80\x11\0\0\xc2\x2e\0\0\
\xa1\x01\0\0\xc0\x11\0\0\xc6\x2e\0\0\xa4\x01\0\0\x40\x12\0\0\xce\x2e\0\0\xa6\
\x01\0\0\x80\x12\0\0\xd7\x2e\0\0\xbc\0\0\0\xc0\x12\0\0\xe9\x2e\0\0\xbc\0\0\0\0\
\x13\0\0\xf7\x2e\0\0\xa7\x01\0\0\x40\x13\0\0\x05\x2f\0\0\xa9\x01\0\0\x80\x13\0\
\0\x0f\x2f\0\0\x4f\0\0\0\xc0\x13\0\0\x19\x2f\0\0\xaa\x01\0\0\x40\x14\0\0\x28\
\x2f\0\0\x4f\0\0\0\x80\x14\0\0\x39\x2f\0\0\x44\0\0\0\0\x15\0\0\x49\x2f\0\0\xa3\
\0\0\0\x20\x15\0\0\x59\x2f\0\0\xab\x01\0\0\x28\x15\0\0\x62\x2f\0\0\xac\x01\0\0\
\x40\x15\0\0\x6a\x2f\0\0\xad\x01\0\0\x80\x15\0\0\x71\x2f\0\0\x02\0\0\0\xc0\x15\
\0\0\x7b\x2f\0\0\xae\x01\0\0\xe0\x15\0\0\x80\x2f\0\0\x4e\0\0\0\0\x16\0\0\x83\
\x2f\0\0\x44\0\0\0\x20\x16\0\0\x8f\x2f\0\0\x4f\0\0\0\x40\x16\0\0\x9b\x2f\0\0\
\xb0\x01\0\0\xc0\x16\0\0\xa1\x2f\0\0\xb2\x01\0\0\0\x17\0\0\xa8\x2f\0\0\xb5\x01\
\0\0\x40\x17\0\0\xb0\x2f\0\0\xb7\x01\0\0\x80\x17\0\0\xbc\x2f\0\0\xb8\x01\0\0\
\xc0\x17\0\0\xc2\x2f\0\0\xb9\x01\0\0\0\x18\0\0\xd4\x2f\0\0\xba\x01\0\0\x40\x18\
\0\0\xde\x2f\0\0\xa3\0\0\0\x60\x18\0\x01\xef\x2f\0\0\xa3\0\0\0\x61\x18\0\x01\
\xf7\x2f\0\0\xa3\0\0\0\x62\x18\0\x01\x06\x30\0\0\xa3\0\0\0\x63\x18\0\x01\x13\
\x30\0\0\xa3\0\0\0\x64\x18\0\x01\x59\x1b\0\0\xbb\x01\0\0\x80\x18\0\0\x1d\x30\0\
\0\x0c\0\0\x84\x40\0\0\0\xd4\x22\0\0\x70\x01\0\0\0\0\0\0\x0f\x2d\0\0\x4f\0\0\0\
\x40\0\0\0\x9a\x05\0\0\x72\x01\0\0\xc0\0\0\0\x25\x30\0\0\x4a\x01\0\0\0\x01\0\0\
\x2a\x30\0\0\x73\x01\0\0\x40\x01\0\0\x30\x30\0\0\x75\x01\0\0\x80\x01\0\0\x33\
\x30\0\0\x76\x01\0\0\xc0\x01\0\0\x38\x30\0\0\x0d\0\0\0\xe0\x01\0\x01\x4a\x30\0\
\0\x0d\0\0\0\xe1\x01\0\x01\x59\x30\0\0\x0d\0\0\0\xe2\x01\0\x01\x6f\x30\0\0\x0d\
\0\0\0\xe3\x01\0\x01\x88\x30\0\0\x0d\0\0\0\xe4\x01\0\x01\0\0\0\0\0\0\0\x02\x71\
\x01\0\0\0\0\0\0\0\0\0\x0a\xd1\0\0\0\0\0\0\0\0\0\0\x02\x6f\x01\0\0\0\0\0\0\0\0\
\0\x02\x74\x01\0\0\0\0\0\0\0\0\0\x0a\x1d\x03\0\0\0\0\0\0\0\0\0\x02\x2d\x03\0\0\
\x33\x30\0\0\x01\0\0\x04\x04\0\0\0\x98\x30\0\0\x40\0\0\0\0\0\0\0\0\0\0\0\0\0\0\
\x02\x6e\x01\0\0\0\0\0\0\0\0\0\x02\x30\x03\0\0\0\0\0\0\0\0\0\x02\x7a\x01\0\0\0\
\0\0\0\0\0\0\x0a\x22\x03\0\0\0\0\0\0\0\0\0\x02\x7c\x01\0\0\0\0\0\0\0\0\0\x0a\
\x32\x03\0\0\0\0\0\0\0\0\0\x02\x31\x03\0\0\0\0\0\0\x02\0\0\x04\x10\0\0\0\xd4\
\x22\0\0\x70\x01\0\0\0\0\0\0\xfb\x17\0\0\x44\0\0\0\x40\0\0\0\xa1\x30\0\0\x04\0\
\0\x04\x38\0\0\0\xb0\x30\0\0\x4f\0\0\0\0\0\0\0\xba\x30\0\0\x4f\0\0\0\x80\0\0\0\
\xc4\x30\0\0\x4f\0\0\0\0\x01\0\0\xcf\x30\0\0\x80\x01\0\0\x80\x01\0\0\xd6\x30\0\
\0\x04\0\0\x06\x04\0\0\0\xe3\x30\0\0\0\0\0\0\xf4\x30\0\0\x01\0\0\0\x03\x31\0\0\
\x02\0\0\0\x17\x31\0\0\x03\0\0\0\x28\x31\0\0\x36\0\0\x84\x38\x01\0\0\x34\x31\0\
\0\x82\x01\0\0\0\0\0\0\x40\x31\0\0\x0d\0\0\0\x20\0\0\x01\x4b\x31\0\0\x0d\0\0\0\
\x21\0\0\x01\x59\x31\0\0\xa3\0\0\0\x22\0\0\x01\x65\x31\0\0\xa3\0\0\0\x23\0\0\
\x01\x71\x31\0\0\xa3\0\0\0\x24\0\0\x01\x7e\x31\0\0\xa3\0\0\0\x25\0\0\x01\x91\
\x31\0\0\xa3\0\0\0\x26\0\0\x01\xa3\x31\0\0\xa3\0\0\0\x27\0\0\x01\xa9\x31\0\0\
\xa3\0\0\0\x28\0\0\x01\xb4\x31\0\0\xa3\0\0\0\x29\0\0\x01\xc4\x31\0\0\x4e\0\0\0\
\x40\0\0\0\xfb\x17\0\0\x44\0\0\0\x60\0\0\0\x0f\x2d\0\0\x4f\0\0\0\x80\0\0\0\xd1\
\x31\0\0\x84\x01\0\0\0\x01\0\0\xdc\x31\0\0\x86\x01\0\0\0\x02\0\0\xe3\x31\0\0\
\xa3\0\0\0\x40\x02\0\x01\xef\x31\0\0\xa3\0\0\0\x41\x02\0\x01\xf7\x31\0\0\xa3\0\
\0\0\x42\x02\0\x01\x07\x32\0\0\xa3\0\0\0\x43\x02\0\x01\x19\x32\0\0\x0d\0\0\0\
\x44\x02\0\x01\x25\x32\0\0\x0d\0\0\0\x45\x02\0\x01\x35\x32\0\0\x87\x01\0\0\x80\
\x02\0\0\x43\x32\0\0\xbc\0\0\0\x80\x04\0\0\x51\x32\0\0\x8e\x01\0\0\xc0\x04\0\0\
\x56\x32\0\0\x93\x01\0\0\xc0\x05\0\0\x61\x32\0\0\x95\x01\0\0\x80\x06\0\0\x69\
\x32\0\0\x42\0\0\0\xc0\x06\0\0\x75\x32\0\0\x42\0\0\0\xe0\x06\0\0\x81\x32\0\0\
\x0d\0\0\0\0\x07\0\x03\x8f\x32\0\0\x0d\0\0\0\x03\x07\0\x01\xa1\x32\0\0\x0d\0\0\
\0\x04\x07\0\x01\xb1\x32\0\0\x0d\0\0\0\x05\x07\0\x01\xc1\x32\0\0\x0d\0\0\0\x06\
\x07\0\x01\xd4\x32\0\0\x0d\0\0\0\x07\x07\0\x01\xe1\x32\0\0\xa3\0\0\0\x08\x07\0\
\x01\xf1\x32\0\0\x0d\0\0\0\x09\x07\0\x01\xfe\x32\0\0\x0d\0\0\0\x0a\x07\0\x01\
\x07\x33\0\0\x0d\0\0\0\x0b\x07\0\x01\x17\x33\0\0\x0d\0\0\0\x0c\x07\0\x01\x2a\
\x33\0\0\x0d\0\0\0\x0d\x07\0\x01\x38\x33\0\0\x0d\0\0\0\x20\x07\0\0\x44\x33\0\0\
\x96\x01\0\0\x40\x07\0\0\x4c\x33\0\0\x97\x01\0\0\x60\x07\0\0\x5b\x33\0\0\x97\
\x01\0\0\x80\x07\0\0\x67\x33\0\0\x02\0\0\0\xa0\x07\0\0\x75\x33\0\0\x02\0\0\0\
\xc0\x07\0\0\x87\x33\0\0\xbc\0\0\0\0\x08\0\0\x91\x33\0\0\xbc\0\0\0\x40\x08\0\0\
\x9d\x33\0\0\xbc\0\0\0\x80\x08\0\0\xac\x33\0\0\xbc\0\0\0\xc0\x08\0\0\xc1\x33\0\
\0\x98\x01\0\0\0\x09\0\0\xcd\x33\0\0\x99\x01\0\0\x40\x09\0\0\xe3\x33\0\0\x9d\
\x01\0\0\x80\x09\0\0\xe7\x33\0\0\0\0\0\x08\x83\x01\0\0\xf4\x33\0\0\x01\0\0\x04\
\x04\0\0\0\xff\x33\0\0\x02\0\0\0\0\0\0\0\xd1\x31\0\0\x02\0\0\x04\x20\0\0\0\x05\
\x34\0\0\x0d\0\0\0\0\0\0\0\x0a\x34\0\0\x85\x01\0\0\x40\0\0\0\x0f\x34\0\0\x02\0\
\0\x04\x18\0\0\0\xfb\x17\0\0\x90\0\0\0\0\0\0\0\x20\x34\0\0\x4f\0\0\0\x40\0\0\0\
\0\0\0\0\0\0\0\x02\x34\x03\0\0\x2a\x34\0\0\x08\0\0\x04\x40\0\0\0\xa1\x05\0\0\
\x88\x01\0\0\0\0\0\0\x32\x34\0\0\xd0\0\0\0\0\x01\0\0\x15\x2d\0\0\x89\x01\0\0\
\x40\x01\0\0\x3f\x34\0\0\x8d\x01\0\0\x80\x01\0\0\x86\x01\0\0\x39\0\0\0\xc0\x01\
\0\0\x44\x34\0\0\x39\0\0\0\xc8\x01\0\0\x4b\x34\0\0\x39\0\0\0\xd0\x01\0\0\x53\
\x34\0\0\x39\0\0\0\xd8\x01\0\0\x5b\x34\0\0\x02\0\0\x04\x20\0\0\0\xa1\x05\0\0\
\xce\0\0\0\0\0\0\0\x44\x1b\0\0\xd0\0\0\0\xc0\0\0\0\0\0\0\0\0\0\0\x02\x8a\x01\0\
\0\0\0\0\0\x01\0\0\x0d\x8b\x01\0\0\0\0\0\0\x8c\x01\0\0\x6b\x34\0\0\x02\0\0\x06\
\x04\0\0\0\x7b\x34\0\0\0\0\0\0\x8d\x34\0\0\x01\0\0\0\0\0\0\0\0\0\0\x02\x87\x01\
\0\0\0\0\0\0\0\0\0\x02\x36\x03\0\0\x9d\x34\0\0\x03\0\0\x04\x20\0\0\0\x7a\x1c\0\
\0\x5b\0\0\0\0\0\0\0\x0f\x2d\0\0\x4f\0\0\0\x40\0\0\0\xe2\x05\0\0\x8f\x01\0\0\
\xc0\0\0\0\xa9\x34\0\0\0\0\0\x08\x90\x01\0\0\0\0\0\0\0\0\0\x02\x91\x01\0\0\0\0\
\0\0\x01\0\0\x0d\0\0\0\0\0\0\0\0\x92\x01\0\0\0\0\0\0\0\0\0\x02\x8e\x01\0\0\xb5\
\x34\0\0\0\0\0\x08\x94\x01\0\0\xc7\x34\0\0\x02\0\0\x04\x18\0\0\0\xfb\x17\0\0\
\x44\0\0\0\0\0\0\0\x1a\x06\0\0\x4f\0\0\0\x40\0\0\0\0\0\0\0\0\0\0\x02\x35\x03\0\
\0\xd7\x34\0\0\x05\0\0\x06\x04\0\0\0\xe3\x34\0\0\0\0\0\0\xf0\x34\0\0\x01\0\0\0\
\xfd\x34\0\0\x02\0\0\0\x0d\x35\0\0\x03\0\0\0\x21\x35\0\0\x04\0\0\0\x30\x35\0\0\
\x05\0\0\x86\x04\0\0\0\x3b\x35\0\0\xff\xff\xff\xff\x47\x35\0\0\0\0\0\0\x52\x35\
\0\0\x01\0\0\0\x5f\x35\0\0\x02\0\0\0\x6d\x35\0\0\x03\0\0\0\0\0\0\0\0\0\0\x02\
\x37\x03\0\0\0\0\0\0\0\0\0\x02\x9a\x01\0\0\0\0\0\0\x02\0\0\x0d\0\0\0\0\0\0\0\0\
\x77\x01\0\0\0\0\0\0\x9b\x01\0\0\x7c\x35\0\0\0\0\0\x08\x9c\x01\0\0\x80\x35\0\0\
\0\0\0\x08\x02\0\0\0\0\0\0\0\0\0\0\x02\x38\x03\0\0\0\0\0\0\0\0\0\x02\x3a\x03\0\
\0\0\0\0\0\0\0\0\x02\x3b\x03\0\0\0\0\0\0\0\0\0\x02\x23\x03\0\0\x86\x35\0\0\x02\
\0\0\x04\x10\0\0\0\x93\x35\0\0\xa2\x01\0\0\0\0\0\0\x7a\x1c\0\0\xa3\x01\0\0\x40\
\0\0\0\0\0\0\0\0\0\0\x02\x24\x03\0\0\0\0\0\0\0\0\0\x02\x8f\x03\0\0\0\0\0\0\0\0\
\0\x02\xa5\x01\0\0\0\0\0\0\0\0\0\x0a\x90\x03\0\0\0\0\0\0\0\0\0\x02\xbc\0\0\0\0\
\0\0\0\0\0\0\x02\xa8\x01\0\0\0\0\0\0\0\0\0\x0a\x91\x03\0\0\0\0\0\0\0\0\0\x02\
\x92\x03\0\0\0\0\0\0\0\0\0\x02\x50\x03\0\0\x9a\x35\0\0\0\0\0\x04\0\0\0\0\0\0\0\
\0\0\0\0\x02\x3d\x03\0\0\0\0\0\0\0\0\0\x02\x3e\x03\0\0\xa7\x35\0\0\0\0\0\x08\
\xaf\x01\0\0\xad\x35\0\0\0\0\0\x08\x4e\0\0\0\0\0\0\0\0\0\0\x02\xb1\x01\0\0\0\0\
\0\0\0\0\0\x0a\x93\x03\0\0\0\0\0\0\0\0\0\x02\xb3\x01\0\0\0\0\0\0\0\0\0\x02\xb4\
\x01\0\0\0\0\0\0\0\0\0\x0a\xbc\x01\0\0\0\0\0\0\0\0\0\x02\xb6\x01\0\0\0\0\0\0\
\x01\0\0\x0d\0\0\0\0\0\0\0\0\x77\x01\0\0\0\0\0\0\0\0\0\x02\x94\x03\0\0\0\0\0\0\
\0\0\0\x02\x95\x03\0\0\0\0\0\0\0\0\0\x02\x96\x03\0\0\xbc\x35\0\0\x04\0\0\x06\
\x04\0\0\0\xcd\x35\0\0\0\0\0\0\xec\x35\0\0\x01\0\0\0\x05\x36\0\0\x02\0\0\0\x12\
\x36\0\0\x03\0\0\0\0\0\0\0\0\0\0\x03\0\0\0\0\xa8\0\0\0\x04\0\0\0\x01\0\0\0\x23\
\x36\0\0\x05\0\0\x04\x28\0\0\0\xd4\x22\0\0\x70\x01\0\0\0\0\0\0\x33\x36\0\0\xbd\
\x01\0\0\x40\0\0\0\x3e\x36\0\0\xc2\x01\0\0\x80\0\0\0\x4d\x36\0\0\x0e\x02\0\0\
\xc0\0\0\0\x53\x36\0\0\x0f\x02\0\0\0\x01\0\0\0\0\0\0\0\0\0\x02\xbe\x01\0\0\0\0\
\0\0\x03\0\0\x0d\xbf\x01\0\0\0\0\0\0\x72\x01\0\0\0\0\0\0\xc0\x01\0\0\0\0\0\0\
\x02\0\0\0\x5d\x36\0\0\0\0\0\x08\x10\0\0\0\0\0\0\0\0\0\0\x02\xc1\x01\0\0\x65\
\x36\0\0\x02\0\0\x04\x10\0\0\0\xd4\x22\0\0\x70\x01\0\0\0\0\0\0\x6f\x36\0\0\xbf\
\x01\0\0\x40\0\0\0\0\0\0\0\0\0\0\x02\xc3\x01\0\0\0\0\0\0\x03\0\0\x0d\xbf\x01\0\
\0\0\0\0\0\x72\x01\0\0\0\0\0\0\xc4\x01\0\0\0\0\0\0\x02\0\0\0\0\0\0\0\0\0\0\x02\
\xc5\x01\0\0\x74\x36\0\0\x08\0\0\x04\x48\0\0\0\x82\x36\0\0\xc1\x01\0\0\0\0\0\0\
\x87\x36\0\0\xc6\x01\0\0\x80\0\0\0\x8c\x36\0\0\x59\0\0\0\xc0\0\0\0\x94\x36\0\0\
\xc9\x01\0\0\0\x01\0\0\x9e\x36\0\0\xd2\x01\0\0\x40\x01\0\0\xa3\x36\0\0\xd2\x01\
\0\0\x80\x01\0\0\xa9\x36\0\0\xf5\x01\0\0\xc0\x01\0\0\xb0\x36\0\0\xf7\x01\0\0\0\
\x02\0\0\xb5\x36\0\0\0\0\0\x08\xc7\x01\0\0\xbc\x36\0\0\0\0\0\x08\xc8\x01\0\0\
\xcc\x36\0\0\0\0\0\x08\xa8\0\0\0\0\0\0\0\0\0\0\x02\xca\x01\0\0\0\0\0\0\0\0\0\
\x0d\xcb\x01\0\0\0\0\0\0\0\0\0\x02\xcc\x01\0\0\xdd\x36\0\0\x0f\0\0\x04\xc0\0\0\
\0\xeb\x36\0\0\xcd\x01\0\0\0\0\0\0\xf0\x36\0\0\x57\0\0\0\x40\0\0\0\xf8\x36\0\0\
\x97\0\0\0\xc0\0\0\0\x08\x37\0\0\x58\0\0\0\0\x02\0\0\x11\x37\0\0\x42\0\0\0\x20\
\x02\0\0\x21\x37\0\0\xce\x01\0\0\x40\x02\0\0\x28\x37\0\0\xa8\0\0\0\xc0\x02\0\0\
\x30\x37\0\0\xa8\0\0\0\0\x03\0\0\x40\x37\0\0\xcf\x01\0\0\x40\x03\0\0\x59\x1b\0\
\0\xa8\0\0\0\x80\x03\0\0\x46\x37\0\0\x97\0\0\0\xc0\x03\0\0\x53\x37\0\0\xd1\x01\
\0\0\0\x05\0\0\x5a\x37\0\0\x44\0\0\0\x20\x05\0\0\x69\x37\0\0\x4f\0\0\0\x40\x05\
\0\0\x78\x37\0\0\x59\0\0\0\xc0\x05\0\0\0\0\0\0\0\0\0\x02\x1c\x03\0\0\x87\x37\0\
\0\x02\0\0\x04\x10\0\0\0\xf8\x05\0\0\x78\0\0\0\0\0\0\0\x96\x37\0\0\x79\0\0\0\
\x40\0\0\0\0\0\0\0\0\0\0\x02\xd0\x01\0\0\0\0\0\0\0\0\0\x0a\x97\x03\0\0\xa2\x37\
\0\0\0\0\0\x08\x4e\0\0\0\0\0\0\0\0\0\0\x02\xd3\x01\0\0\0\0\0\0\x06\0\0\x0d\xd4\
\x01\0\0\0\0\0\0\xd8\x01\0\0\0\0\0\0\x72\x01\0\0\0\0\0\0\xc4\x01\0\0\0\0\0\0\
\xf4\x01\0\0\0\0\0\0\xdc\x01\0\0\0\0\0\0\xc6\x01\0\0\xab\x37\0\0\0\0\0\x08\xd5\
\x01\0\0\xb3\x37\0\0\0\0\0\x08\xd6\x01\0\0\xc4\x37\0\0\0\0\0\x08\xd7\x01\0\0\
\xd4\x37\0\0\0\0\0\x01\x08\0\0\0\x40\0\0\x01\0\0\0\0\0\0\0\x02\xd9\x01\0\0\xd9\
\x37\0\0\x14\0\0\x04\xe8\0\0\0\0\0\0\0\xda\x01\0\0\0\0\0\0\xde\x37\0\0\x44\0\0\
\0\x80\0\0\0\xe5\x37\0\0\xdb\x01\0\0\xa0\0\0\0\xec\x37\0\0\x5b\0\0\0\xc0\0\0\0\
\xf4\x37\0\0\x8f\0\0\0\0\x01\0\0\xff\x37\0\0\xdc\x01\0\0\0\x02\0\0\x05\x38\0\0\
\x0d\0\0\0\x40\x02\0\0\x0d\x38\0\0\xde\x01\0\0\x80\x02\0\0\x15\x38\0\0\xec\x01\
\0\0\x80\x03\0\0\x1c\x38\0\0\xee\x01\0\0\xc0\x03\0\0\x21\x38\0\0\xef\x01\0\0\
\xc0\x04\0\0\x28\x38\0\0\xcd\x01\0\0\x40\x05\0\0\x30\x38\0\0\xf2\x01\0\0\x80\
\x05\0\0\x35\x38\0\0\xbc\0\0\0\xc0\x05\0\0\x3f\x38\0\0\x59\0\0\0\0\x06\0\0\x4a\
\x38\0\0\x59\0\0\0\x40\x06\0\0\x57\x38\0\0\x7b\0\0\0\x80\x06\0\0\x94\x36\0\0\
\xcb\x01\0\0\xc0\x06\0\0\x5c\x38\0\0\xd1\x01\0\0\0\x07\0\0\x65\x38\0\0\xd1\x01\
\0\0\x20\x07\0\0\0\0\0\0\x03\0\0\x05\x10\0\0\0\x6e\x38\0\0\x6e\0\0\0\0\0\0\0\
\x7a\x38\0\0\x51\0\0\0\0\0\0\0\x82\x38\0\0\x0d\0\0\0\0\0\0\0\x8f\x38\0\0\0\0\0\
\x08\x0d\0\0\0\x97\x38\0\0\0\0\0\x08\xdd\x01\0\0\x9e\x38\0\0\0\0\0\x08\x60\0\0\
\0\xae\x38\0\0\x06\0\0\x04\x20\0\0\0\xfb\x17\0\0\xdf\x01\0\0\0\0\0\0\xba\x38\0\
\0\xe6\x01\0\0\x40\0\0\0\xbe\x38\0\0\xe7\x01\0\0\x80\0\0\0\xc7\x38\0\0\xe8\x01\
\0\0\xa0\0\0\0\xcb\x38\0\0\xe8\x01\0\0\xc0\0\0\0\xd0\x38\0\0\x02\0\0\0\xe0\0\0\
\0\xd7\x38\0\0\0\0\0\x08\xe0\x01\0\0\0\0\0\0\x01\0\0\x04\x08\0\0\0\x29\x04\0\0\
\xe1\x01\0\0\0\0\0\0\xe0\x38\0\0\0\0\0\x08\xe2\x01\0\0\xee\x38\0\0\x02\0\0\x04\
\x08\0\0\0\0\0\0\0\xe3\x01\0\0\0\0\0\0\xc4\x07\0\0\x48\0\0\0\x20\0\0\0\0\0\0\0\
\x02\0\0\x05\x04\0\0\0\xf6\x38\0\0\x42\0\0\0\0\0\0\0\0\0\0\0\xe4\x01\0\0\0\0\0\
\0\0\0\0\0\x02\0\0\x04\x04\0\0\0\xfb\x38\0\0\x39\0\0\0\0\0\0\0\x03\x39\0\0\xe5\
\x01\0\0\x08\0\0\0\0\0\0\0\0\0\0\x03\0\0\0\0\x39\0\0\0\x04\0\0\0\x03\0\0\0\0\0\
\0\0\0\0\0\x02\x20\x03\0\0\xbe\x38\0\0\x05\0\0\x06\x04\0\0\0\x0c\x39\0\0\0\0\0\
\0\x18\x39\0\0\x01\0\0\0\x25\x39\0\0\x02\0\0\0\x32\x39\0\0\x03\0\0\0\x3e\x39\0\
\0\x04\0\0\0\x4a\x39\0\0\0\0\0\x08\xe9\x01\0\0\0\0\0\0\x01\0\0\x04\x04\0\0\0\
\x4c\x04\0\0\xea\x01\0\0\0\0\0\0\x51\x39\0\0\0\0\0\x08\xeb\x01\0\0\x57\x39\0\0\
\0\0\0\x08\x0d\0\0\0\0\0\0\0\0\0\0\x02\xed\x01\0\0\0\0\0\0\0\0\0\x0a\x60\x02\0\
\0\x68\x39\0\0\x06\0\0\x04\x20\0\0\0\x76\x39\0\0\xa8\0\0\0\0\0\0\0\x87\x36\0\0\
\x0d\0\0\0\x40\0\0\0\x7c\x39\0\0\x0d\0\0\0\x60\0\0\0\x87\x39\0\0\x0d\0\0\0\x80\
\0\0\0\x90\x39\0\0\x0d\0\0\0\xa0\0\0\0\x9a\x39\0\0\xdc\x01\0\0\xc0\0\0\0\xa3\
\x39\0\0\x02\0\0\x04\x10\0\0\0\xa8\x39\0\0\xf0\x01\0\0\0\0\0\0\xac\x39\0\0\xf1\
\x01\0\0\x40\0\0\0\0\0\0\0\0\0\0\x02\x1a\x03\0\0\0\0\0\0\0\0\0\x02\x19\x03\0\0\
\0\0\0\0\0\0\0\x02\xf3\x01\0\0\0\0\0\0\0\0\0\x0a\x40\x03\0\0\0\0\0\0\0\0\0\x02\
\xd1\0\0\0\0\0\0\0\0\0\0\x02\xf6\x01\0\0\0\0\0\0\x05\0\0\x0d\xdc\x01\0\0\0\0\0\
\0\xd8\x01\0\0\0\0\0\0\x72\x01\0\0\0\0\0\0\xc4\x01\0\0\0\0\0\0\xdc\x01\0\0\0\0\
\0\0\x02\0\0\0\0\0\0\0\0\0\0\x02\xf8\x01\0\0\0\0\0\0\x04\0\0\x0d\x02\0\0\0\0\0\
\0\0\xd8\x01\0\0\0\0\0\0\x72\x01\0\0\0\0\0\0\xc4\x01\0\0\0\0\0\0\xf9\x01\0\0\0\
\0\0\0\0\0\0\x02\xfa\x01\0\0\xb3\x39\0\0\x13\0\0\x04\xc0\0\0\0\0\0\0\0\xfb\x01\
\0\0\0\0\0\0\xc2\x39\0\0\xfd\x01\0\0\x80\0\0\0\xc8\x39\0\0\xfe\x01\0\0\xc0\0\0\
\0\0\0\0\0\x01\x02\0\0\0\x01\0\0\xd5\x39\0\0\x02\0\0\0\x40\x01\0\0\xe1\x39\0\0\
\x04\x02\0\0\x80\x01\0\0\xe9\x39\0\0\xa3\0\0\0\xc0\x01\0\0\xf2\x39\0\0\x05\x02\
\0\0\0\x02\0\0\xf9\x39\0\0\x4f\0\0\0\0\x03\0\0\x08\x3a\0\0\x06\x02\0\0\x80\x03\
\0\0\x11\x3a\0\0\x07\x02\0\0\xc0\x03\0\0\x18\x3a\0\0\xa8\0\0\0\0\x04\0\0\x21\
\x3a\0\0\xd8\x01\0\0\x40\x04\0\0\x29\x3a\0\0\x59\0\0\0\x80\x04\0\0\x39\x3a\0\0\
\x09\x02\0\0\xc0\x04\0\0\x43\x3a\0\0\x5b\0\0\0\0\x05\0\0\x57\x3a\0\0\x0a\x02\0\
\0\x40\x05\0\0\x61\x3a\0\0\x0b\x02\0\0\x80\x05\0\0\x6d\x3a\0\0\x0c\x02\0\0\xc0\
\x05\0\0\0\0\0\0\x02\0\0\x05\x10\0\0\0\0\0\0\0\xfc\x01\0\0\0\0\0\0\x80\x3a\0\0\
\x6e\0\0\0\0\0\0\0\0\0\0\0\x02\0\0\x04\x10\0\0\0\x87\x3a\0\0\xa8\0\0\0\0\0\0\0\
\x90\x3a\0\0\xa8\0\0\0\x40\0\0\0\0\0\0\0\0\0\0\x02\x21\x03\0\0\x97\x3a\0\0\0\0\
\0\x08\xff\x01\0\0\xa0\x3a\0\0\x01\0\0\x04\x08\0\0\0\xa0\x3a\0\0\0\x02\0\0\0\0\
\0\0\xa7\x3a\0\0\0\0\0\x08\xa8\0\0\0\0\0\0\0\x02\0\0\x05\x08\0\0\0\xb3\x3a\0\0\
\x02\x02\0\0\0\0\0\0\xbc\x3a\0\0\x03\x02\0\0\0\0\0\0\0\0\0\0\0\0\0\x0a\x03\x02\
\0\0\xc7\x3a\0\0\0\0\0\x08\xa8\0\0\0\0\0\0\0\0\0\0\x02\x25\x03\0\0\0\0\0\0\x02\
\0\0\x04\x20\0\0\0\xd2\x3a\0\0\xce\0\0\0\0\0\0\0\xd5\x3a\0\0\xa8\0\0\0\xc0\0\0\
\0\0\0\0\0\0\0\0\x02\x26\x03\0\0\0\0\0\0\0\0\0\x02\x08\x02\0\0\0\0\0\0\0\0\0\
\x0a\x27\x03\0\0\0\0\0\0\0\0\0\x02\x2a\x03\0\0\0\0\0\0\0\0\0\x02\x29\x03\0\0\0\
\0\0\0\0\0\0\x02\x2b\x03\0\0\x6d\x3a\0\0\x01\0\0\x04\x08\0\0\0\x90\x01\0\0\x0d\
\x02\0\0\0\0\0\0\0\0\0\0\0\0\0\x02\x2c\x03\0\0\0\0\0\0\0\0\0\x02\xc0\x01\0\0\0\
\0\0\0\0\0\0\x02\xc4\x01\0\0\0\0\0\0\0\0\0\x03\0\0\0\0\xb3\x01\0\0\x04\0\0\0\
\x04\0\0\0\0\0\0\0\0\0\0\x02\x12\x02\0\0\0\0\0\0\0\0\0\x0a\xa5\x03\0\0\0\0\0\0\
\0\0\0\x02\x14\x02\0\0\0\0\0\0\0\0\0\x0a\xa6\x03\0\0\0\0\0\0\0\0\0\x03\0\0\0\0\
\x39\0\0\0\x04\0\0\0\x10\0\0\0\0\0\0\0\0\0\0\x02\xa7\x03\0\0\0\0\0\0\0\0\0\x02\
\x8e\x03\0\0\0\0\0\0\0\0\0\x02\xa1\x03\0\0\0\0\0\0\0\0\0\x02\x52\x03\0\0\0\0\0\
\0\0\0\0\x02\x1b\x02\0\0\0\0\0\0\0\0\0\x0a\xa2\x03\0\0\0\0\0\0\0\0\0\x02\x1d\
\x02\0\0\0\0\0\0\0\0\0\x0a\xa8\x03\0\0\0\0\0\0\0\0\0\x02\x1f\x02\0\0\x50\x28\0\
\0\0\0\0\x07\0\0\0\0\xe5\x3a\0\0\x02\0\0\x04\x10\0\0\0\xf4\x3a\0\0\x0e\x01\0\0\
\0\0\0\0\xf9\x3a\0\0\x21\x02\0\0\x40\0\0\0\0\0\0\0\0\0\0\x02\xa9\x03\0\0\0\0\0\
\0\0\0\0\x03\0\0\0\0\x20\x02\0\0\x04\0\0\0\x03\0\0\0\0\0\0\0\0\0\0\x03\0\0\0\0\
\x39\0\0\0\x04\0\0\0\x20\0\0\0\0\0\0\0\0\0\0\x02\xaa\x03\0\0\0\0\0\0\0\0\0\x02\
\xa3\x03\0\0\0\0\0\0\0\0\0\x02\xab\x03\0\0\0\0\0\0\0\0\0\x02\x28\x02\0\0\0\0\0\
\0\x02\0\0\x0d\0\0\0\0\0\0\0\0\x3b\0\0\0\0\0\0\0\xc5\0\0\0\xfe\x3a\0\0\x5e\0\0\
\x84\xf8\x02\0\0\x03\x3b\0\0\x2a\x02\0\0\0\0\0\0\x0f\x3b\0\0\xc5\0\0\0\x40\x04\
\0\0\x19\x3b\0\0\x02\0\0\0\x80\x04\0\0\x2b\x3b\0\0\x4e\0\0\0\xa0\x04\0\0\x3c\
\x3b\0\0\x43\x02\0\0\xc0\x04\0\0\x44\x3b\0\0\x42\0\0\0\xc0\x05\0\0\x4d\x3b\0\0\
\x02\0\0\0\xe0\x05\0\0\x59\x3b\0\0\x45\x02\0\0\0\x06\0\0\x68\x3b\0\0\x45\x02\0\
\0\xc0\x06\0\0\x79\x3b\0\0\x49\x02\0\0\x80\x07\0\0\x84\x3b\0\0\x02\0\0\0\x40\
\x08\0\0\x95\x3b\0\0\x4e\0\0\0\x60\x08\0\0\xa5\x3b\0\0\x0d\0\0\0\x80\x08\0\0\
\xb0\x3b\0\0\x0d\0\0\0\xa0\x08\0\0\xbb\x3b\0\0\x02\0\0\0\xc0\x08\0\0\xc5\x3b\0\
\0\x02\0\0\0\xe0\x08\0\0\xd4\x3b\0\0\x4a\x02\0\0\0\x09\0\0\0\0\0\0\x4b\x02\0\0\
\x40\x09\0\0\xde\x3b\0\0\x5c\x02\0\0\x80\x09\0\0\xe8\x3b\0\0\xc5\0\0\0\0\x0a\0\
\0\xf5\x3b\0\0\x42\0\0\0\x40\x0a\0\0\x03\x3c\0\0\x02\0\0\0\x60\x0a\0\0\x0d\x3c\
\0\0\x02\0\0\0\x80\x0a\0\0\x1c\x3c\0\0\x40\0\0\0\xa0\x0a\0\0\x2a\x3c\0\0\xa8\0\
\0\0\xc0\x0a\0\0\0\0\0\0\x5d\x02\0\0\0\x0b\0\0\x37\x3c\0\0\x45\x02\0\0\x40\x0b\
\0\0\x46\x3c\0\0\x9c\x01\0\0\0\x0c\0\0\x52\x3c\0\0\x02\0\0\0\x20\x0c\0\0\x63\
\x3c\0\0\x0c\0\0\0\x40\x0c\0\0\x7a\x3c\0\0\x4e\0\0\0\x60\x0c\0\0\x8b\x3c\0\0\
\xd7\x01\0\0\x80\x0c\0\0\x97\x3c\0\0\x5e\x01\0\0\xc0\x0c\0\0\xa0\x3c\0\0\x0c\0\
\0\0\0\x0e\0\0\xac\x3c\0\0\x0c\0\0\0\x20\x0e\0\0\xb4\x3c\0\0\xa8\0\0\0\x40\x0e\
\0\0\xc3\x3c\0\0\xa8\0\0\0\x80\x0e\0\0\xd6\x3c\0\0\x5e\x02\0\0\xc0\x0e\0\0\xde\
\x3c\0\0\xfb\0\0\0\x40\x0f\0\0\xec\x3c\0\0\x02\0\0\0\x80\x0f\0\0\xf8\x3c\0\0\
\x0d\0\0\0\xa0\x0f\0\0\x08\x3d\0\0\x58\0\0\0\xc0\x0f\0\0\x16\x3d\0\0\x0c\0\0\0\
\xe0\x0f\0\0\x20\x3d\0\0\x39\0\0\0\0\x10\0\x01\x30\x3d\0\0\x39\0\0\0\x01\x10\0\
\x01\x3d\x3d\0\0\x39\0\0\0\x02\x10\0\x01\x4c\x3d\0\0\x39\0\0\0\x03\x10\0\x01\
\x5b\x3d\0\0\x39\0\0\0\x04\x10\0\x04\x68\x3d\0\0\x39\0\0\0\x08\x10\0\0\x78\x3d\
\0\0\x4d\0\0\0\x10\x10\0\0\x80\x3d\0\0\x4d\0\0\0\x20\x10\0\0\x8c\x3d\0\0\x4d\0\
\0\0\x30\x10\0\0\x9c\x3d\0\0\xa8\0\0\0\x40\x10\0\0\xaa\x3d\0\0\x35\x02\0\0\x80\
\x10\0\0\xba\x3d\0\0\xdf\x01\0\0\xc0\x10\0\0\xcb\x3d\0\0\x02\0\0\0\0\x11\0\0\
\xd2\x3d\0\0\x02\0\0\0\x20\x11\0\0\xde\x3d\0\0\x4e\0\0\0\x40\x11\0\0\xed\x3d\0\
\0\x4e\0\0\0\x60\x11\0\0\0\x3e\0\0\xe8\x01\0\0\x80\x11\0\0\x07\x3e\0\0\x39\0\0\
\0\xa0\x11\0\0\x13\x3e\0\0\x39\0\0\0\xa8\x11\0\0\x27\x3e\0\0\x4d\0\0\0\xb0\x11\
\0\0\x3b\x3e\0\0\x44\0\0\0\xc0\x11\0\0\x48\x3e\0\0\x02\0\0\0\xe0\x11\0\0\x54\
\x3e\0\0\xe6\x01\0\0\0\x12\0\0\x60\x3e\0\0\xec\x01\0\0\x40\x12\0\0\x6d\x3e\0\0\
\xd7\x01\0\0\x80\x12\0\0\x79\x3e\0\0\xd0\0\0\0\xc0\x12\0\0\x82\x3e\0\0\x42\0\0\
\0\0\x13\0\0\x8b\x3e\0\0\x42\0\0\0\x20\x13\0\0\x94\x3e\0\0\x4e\0\0\0\x40\x13\0\
\0\x9f\x3e\0\0\x39\0\0\0\x60\x13\0\0\xab\x3e\0\0\x39\0\0\0\x68\x13\0\0\xb6\x3e\
\0\0\x39\0\0\0\x70\x13\0\x01\xce\x3e\0\0\x39\0\0\0\x71\x13\0\x01\xe6\x3e\0\0\
\x39\0\0\0\x72\x13\0\x06\xf7\x3e\0\0\xa3\0\0\0\x78\x13\0\0\x08\x3f\0\0\x67\x02\
\0\0\x80\x13\0\0\x12\x3f\0\0\x59\0\0\0\xc0\x13\0\0\x1f\x3f\0\0\x59\0\0\0\0\x14\
\0\0\x2b\x3f\0\0\x68\x02\0\0\x40\x14\0\0\x38\x3f\0\0\x6a\x02\0\0\xc0\x14\0\0\
\x41\x3f\0\0\x6b\x02\0\0\0\x15\0\0\x51\x3f\0\0\x6b\x02\0\0\x40\x15\0\0\x5f\x3f\
\0\0\x6b\x02\0\0\x80\x15\0\0\x6e\x3f\0\0\x6b\x02\0\0\xc0\x15\0\0\x7e\x3f\0\0\
\x6d\x02\0\0\0\x16\0\0\x8d\x3f\0\0\x6f\x02\0\0\x40\x16\0\0\xa2\x3f\0\0\x6b\x02\
\0\0\x80\x16\0\0\xae\x3f\0\0\x71\x02\0\0\xc0\x16\0\0\xbe\x3f\0\0\x72\x02\0\0\0\
\x17\0\0\xcd\x3f\0\0\x6e\0\0\0\x40\x17\0\0\xd4\x3f\0\0\x73\x02\0\0\xc0\x17\0\0\
\xdf\x3f\0\0\x19\0\0\x84\x88\0\0\0\0\0\0\0\x2b\x02\0\0\0\0\0\0\0\0\0\0\x2e\x02\
\0\0\x40\0\0\0\0\0\0\0\x30\x02\0\0\x60\0\0\0\xeb\x3f\0\0\x10\0\0\0\x80\0\0\0\
\xf6\x3f\0\0\x33\x02\0\0\x90\0\0\0\0\x40\0\0\x12\0\0\0\x98\0\0\x04\x0a\x40\0\0\
\x12\0\0\0\x9c\0\0\x01\x18\x40\0\0\x12\0\0\0\x9d\0\0\x01\x25\x40\0\0\x12\0\0\0\
\x9e\0\0\x01\x34\x40\0\0\x02\0\0\0\xa0\0\0\0\0\0\0\0\x34\x02\0\0\xc0\0\0\0\x45\
\x40\0\0\x35\x02\0\0\x40\x01\0\0\x4e\x40\0\0\x16\x01\0\0\x80\x01\0\0\x56\x40\0\
\0\x36\x02\0\0\xc0\x01\0\0\x63\x40\0\0\x36\x02\0\0\x40\x02\0\0\x74\x40\0\0\x5c\
\0\0\0\xc0\x02\0\0\0\0\0\0\x3a\x02\0\0\0\x03\0\0\x7f\x40\0\0\x3c\x02\0\0\x40\
\x03\0\0\0\0\0\0\x3d\x02\0\0\x40\x03\0\0\x92\x40\0\0\x10\0\0\0\xc0\x03\0\0\xa7\
\x40\0\0\x10\0\0\0\xd0\x03\0\0\0\0\0\0\x41\x02\0\0\xe0\x03\0\0\xbc\x40\0\0\x40\
\0\0\0\0\x04\0\0\xc7\x40\0\0\x3c\x02\0\0\x20\x04\0\0\0\0\0\0\x42\x02\0\0\x20\
\x04\0\0\0\0\0\0\x02\0\0\x05\x08\0\0\0\xd8\x40\0\0\x2c\x02\0\0\0\0\0\0\0\0\0\0\
\x2d\x02\0\0\0\0\0\0\xe5\x40\0\0\0\0\0\x08\x08\0\0\0\0\0\0\0\x02\0\0\x04\x08\0\
\0\0\xf0\x40\0\0\x15\0\0\0\0\0\0\0\xfa\x40\0\0\x15\0\0\0\x20\0\0\0\0\0\0\0\x02\
\0\0\x05\x04\0\0\0\x08\x41\0\0\x0d\0\0\0\0\0\0\0\x11\x41\0\0\x2f\x02\0\0\0\0\0\
\0\0\0\0\0\0\0\0\x03\0\0\0\0\x0f\0\0\0\x04\0\0\0\x02\0\0\0\0\0\0\0\x02\0\0\x05\
\x04\0\0\0\x1f\x41\0\0\x31\x02\0\0\0\0\0\0\0\0\0\0\x32\x02\0\0\0\0\0\0\x2c\x41\
\0\0\0\0\0\x08\x0c\0\0\0\0\0\0\0\x02\0\0\x04\x04\0\0\0\x37\x41\0\0\x14\0\0\0\0\
\0\0\0\x41\x41\0\0\x0f\0\0\0\x10\0\0\0\0\0\0\0\0\0\0\x09\x12\0\0\0\0\0\0\0\x02\
\0\0\x05\x10\0\0\0\x49\x41\0\0\x59\x01\0\0\0\0\0\0\x57\x41\0\0\x59\x01\0\0\0\0\
\0\0\0\0\0\0\0\0\0\x02\x0d\x03\0\0\x69\x41\0\0\x01\0\0\x04\x10\0\0\0\x72\x41\0\
\0\x37\x02\0\0\0\0\0\0\0\0\0\0\x03\0\0\x05\x10\0\0\0\x78\x41\0\0\x13\0\0\0\0\0\
\0\0\x81\x41\0\0\x38\x02\0\0\0\0\0\0\x8b\x41\0\0\x39\x02\0\0\0\0\0\0\0\0\0\0\0\
\0\0\x03\0\0\0\0\x14\0\0\0\x04\0\0\0\x08\0\0\0\0\0\0\0\0\0\0\x03\0\0\0\0\x15\0\
\0\0\x04\0\0\0\x04\0\0\0\0\0\0\0\x03\0\0\x05\x08\0\0\0\x95\x41\0\0\xa8\0\0\0\0\
\0\0\0\x9f\x41\0\0\x3b\0\0\0\0\0\0\0\xac\x41\0\0\x3b\x02\0\0\0\0\0\0\0\0\0\0\0\
\0\0\x02\x9c\0\0\0\0\0\0\0\0\0\0\x03\0\0\0\0\x02\0\0\0\x04\0\0\0\0\0\0\0\0\0\0\
\0\x02\0\0\x05\x10\0\0\0\xb6\x41\0\0\x59\x01\0\0\0\0\0\0\xbf\x41\0\0\x3e\x02\0\
\0\0\0\0\0\xce\x41\0\0\x02\0\0\x04\x10\0\0\0\x85\x04\0\0\x3f\x02\0\0\0\0\0\0\
\xfe\x2c\0\0\x40\x02\0\0\x40\0\0\0\0\0\0\0\0\0\0\x02\x3e\x02\0\0\0\0\0\0\0\0\0\
\x02\x3f\x02\0\0\0\0\0\0\x03\0\0\x05\x04\0\0\0\xdf\x41\0\0\x02\0\0\0\0\0\0\0\
\xf0\x41\0\0\x4e\0\0\0\0\0\0\0\xfc\x41\0\0\x4e\0\0\0\0\0\0\0\0\0\0\0\x03\0\0\
\x05\x04\0\0\0\x0b\x42\0\0\x4e\0\0\0\0\0\0\0\x16\x42\0\0\x4e\0\0\0\0\0\0\0\x27\
\x42\0\0\x4e\0\0\0\0\0\0\0\x36\x42\0\0\0\0\0\x08\x44\x02\0\0\0\0\0\0\x03\0\0\
\x04\x20\0\0\0\x44\x42\0\0\x44\0\0\0\0\0\0\0\x4a\x42\0\0\x02\0\0\0\x20\0\0\0\
\x50\x42\0\0\x93\x01\0\0\x40\0\0\0\x53\x42\0\0\x03\0\0\x04\x18\0\0\0\0\0\0\0\
\x46\x02\0\0\0\0\0\0\x60\x42\0\0\x0c\0\0\0\x80\0\0\0\xfb\x17\0\0\x44\0\0\0\xa0\
\0\0\0\0\0\0\0\x02\0\0\x05\x10\0\0\0\0\0\0\0\x47\x02\0\0\0\0\0\0\x1c\x02\0\0\
\x48\x02\0\0\0\0\0\0\0\0\0\0\x02\0\0\x04\x10\0\0\0\x85\x04\0\0\x35\0\0\0\0\0\0\
\0\x8a\x04\0\0\x35\0\0\0\x40\0\0\0\x65\x42\0\0\x02\0\0\x04\x10\0\0\0\x85\x04\0\
\0\x35\0\0\0\0\0\0\0\x8a\x04\0\0\x35\0\0\0\x40\0\0\0\0\0\0\0\x04\0\0\x04\x18\0\
\0\0\x72\x42\0\0\x42\0\0\0\0\0\0\0\xee\x1b\0\0\x02\0\0\0\x20\0\0\0\x1a\x06\0\0\
\x35\0\0\0\x40\0\0\0\x6e\x04\0\0\x35\0\0\0\x80\0\0\0\0\0\0\0\0\0\0\x02\x9a\x03\
\0\0\0\0\0\0\x02\0\0\x05\x08\0\0\0\x7d\x42\0\0\x4c\x02\0\0\0\0\0\0\x83\x42\0\0\
\x4c\x02\0\0\0\0\0\0\0\0\0\0\0\0\0\x02\x99\x03\0\0\0\0\0\0\0\0\0\x02\x4e\x02\0\
\0\x8d\x42\0\0\x1d\0\0\x04\x48\x03\0\0\x99\x42\0\0\x16\x01\0\0\0\0\0\0\xa0\x42\
\0\0\x59\x01\0\0\x40\0\0\0\xa6\x42\0\0\x59\x01\0\0\xc0\0\0\0\xac\x42\0\0\x76\0\
\0\0\x40\x01\0\0\xfb\x17\0\0\xdf\x01\0\0\x80\x01\0\0\x21\x20\0\0\x40\0\0\0\xc0\
\x01\0\0\xbd\x42\0\0\x4e\0\0\0\xe0\x01\0\0\xc1\x42\0\0\x5e\x01\0\0\0\x02\0\0\
\xc7\x42\0\0\x42\0\0\0\x40\x03\0\0\xf6\x1e\0\0\x4e\0\0\0\x60\x03\0\0\xcd\x42\0\
\0\x4e\0\0\0\x80\x03\0\0\xd3\x42\0\0\x4e\0\0\0\xa0\x03\0\0\xcf\x1f\0\0\x4f\x02\
\0\0\xc0\x03\0\0\xd9\x42\0\0\x50\x02\0\0\0\x04\0\0\xe2\x42\0\0\x53\x02\0\0\xc0\
\x05\0\0\xe6\x42\0\0\x54\x02\0\0\xc0\x07\0\0\xed\x42\0\0\x55\x02\0\0\xc0\x08\0\
\0\xf2\x42\0\0\x56\x02\0\0\x80\x09\0\0\xf7\x42\0\0\xa3\0\0\0\xc0\x0b\0\0\xd6\0\
\0\0\x39\0\0\0\xc8\x0b\0\0\x06\x43\0\0\x39\0\0\0\xd0\x0b\0\0\x59\x1b\0\0\x39\0\
\0\0\xd8\x0b\0\0\x0d\x43\0\0\x39\0\0\0\xe0\x0b\0\0\x74\0\0\0\x4d\0\0\0\xf0\x0b\
\0\0\x15\x43\0\0\x57\x02\0\0\0\x0c\0\0\x1e\x43\0\0\x5a\x02\0\0\x40\x0c\0\0\x27\
\x43\0\0\x59\x01\0\0\x40\x18\0\0\xad\x05\0\0\x6e\0\0\0\xc0\x18\0\0\x3a\x43\0\0\
\x5b\x02\0\0\x40\x19\0\0\x3e\x43\0\0\x02\0\0\x04\x08\0\0\0\x48\x43\0\0\x0c\0\0\
\0\0\0\0\0\x4a\x43\0\0\x0c\0\0\0\x20\0\0\0\x4c\x43\0\0\x0c\0\0\x04\x38\0\0\0\
\x5a\x43\0\0\x51\x02\0\0\0\0\0\0\x60\x43\0\0\x51\x02\0\0\x80\0\0\0\x96\0\0\0\
\x14\0\0\0\0\x01\0\0\x66\x43\0\0\x14\0\0\0\x10\x01\0\0\x90\0\0\0\x14\0\0\0\x20\
\x01\0\0\x71\x43\0\0\x14\0\0\0\x30\x01\0\0\x74\0\0\0\x0f\0\0\0\x40\x01\0\0\x7c\
\x43\0\0\x11\0\0\0\x50\x01\0\0\x88\x43\0\0\x11\0\0\0\x58\x01\0\0\x94\x43\0\0\
\x11\0\0\0\x60\x01\0\0\xff\x01\0\0\x02\0\0\0\x80\x01\0\0\x9a\x43\0\0\xeb\x01\0\
\0\xa0\x01\0\0\x9f\x43\0\0\0\0\0\x08\x52\x02\0\0\0\0\0\0\x03\0\0\x05\x10\0\0\0\
\xae\x43\0\0\x15\0\0\0\0\0\0\0\xb1\x43\0\0\x39\x02\0\0\0\0\0\0\xb4\x43\0\0\x36\
\x02\0\0\0\0\0\0\xb8\x43\0\0\x08\0\0\x04\x40\0\0\0\xca\x43\0\0\x08\0\0\0\0\0\0\
\0\xda\x43\0\0\x08\0\0\0\x40\0\0\0\xea\x43\0\0\x08\0\0\0\x80\0\0\0\xfc\x43\0\0\
\x08\0\0\0\xc0\0\0\0\x0e\x44\0\0\x08\0\0\0\0\x01\0\0\x27\x44\0\0\x08\0\0\0\x40\
\x01\0\0\x40\x44\0\0\x08\0\0\0\x80\x01\0\0\x59\x44\0\0\x08\0\0\0\xc0\x01\0\0\
\x72\x44\0\0\x04\0\0\x04\x20\0\0\0\x84\x44\0\0\x08\0\0\0\0\0\0\0\x8a\x44\0\0\
\x08\0\0\0\x40\0\0\0\x92\x44\0\0\x08\0\0\0\x80\0\0\0\x9b\x44\0\0\x08\0\0\0\xc0\
\0\0\0\xa4\x44\0\0\x02\0\0\x04\x18\0\0\0\xbb\x44\0\0\x4f\0\0\0\0\0\0\0\xbf\x44\
\0\0\x39\0\0\0\x80\0\0\0\xc4\x44\0\0\x03\0\0\x04\x48\0\0\0\xd6\x44\0\0\x45\x02\
\0\0\0\0\0\0\xe1\x44\0\0\x5e\x01\0\0\xc0\0\0\0\xec\x44\0\0\xa8\0\0\0\0\x02\0\0\
\0\0\0\0\0\0\0\x02\x45\x03\0\0\xf4\x44\0\0\x0b\0\0\x04\x40\0\0\0\x80\x2f\0\0\
\x59\x02\0\0\0\0\0\0\x60\x43\0\0\x51\x02\0\0\xc0\0\0\0\xfe\x44\0\0\x10\0\0\0\
\x40\x01\0\0\x0b\x45\0\0\x4e\0\0\0\x60\x01\0\0\x6f\x36\0\0\x39\0\0\0\x80\x01\0\
\0\x11\x45\0\0\x39\0\0\0\x88\x01\0\0\x17\x45\0\0\x39\0\0\0\x90\x01\0\0\x20\x45\
\0\0\x39\0\0\0\x98\x01\0\0\x28\x45\0\0\x4e\0\0\0\xa0\x01\0\0\x2f\x45\0\0\x4e\0\
\0\0\xc0\x01\0\0\x36\x45\0\0\x4e\0\0\0\xe0\x01\0\0\x3d\x45\0\0\x03\0\0\x04\x18\
\0\0\0\x5a\x43\0\0\x51\x02\0\0\0\0\0\0\x45\x45\0\0\x15\0\0\0\x80\0\0\0\x94\x43\
\0\0\x11\0\0\0\xa0\0\0\0\0\0\0\0\0\0\0\x03\0\0\0\0\x58\x02\0\0\x04\0\0\0\x06\0\
\0\0\x49\x45\0\0\x07\0\0\x84\x20\0\0\0\x37\x1b\0\0\x3a\0\0\0\0\0\0\0\xab\x1b\0\
\0\xe7\0\0\0\x40\0\0\0\x5a\x45\0\0\x3a\0\0\0\x40\0\0\0\x63\x45\0\0\xa8\0\0\0\
\x80\0\0\0\x51\x05\0\0\x39\0\0\0\xc0\0\0\x02\xd6\0\0\0\x39\0\0\0\xc2\0\0\x02\
\x59\x1b\0\0\x39\0\0\0\xc4\0\0\x02\0\0\0\0\0\0\0\x03\0\0\0\0\x4d\x02\0\0\x04\0\
\0\0\x02\0\0\0\0\0\0\0\x02\0\0\x05\x08\0\0\0\x72\x45\0\0\x35\0\0\0\0\0\0\0\x7f\
\x45\0\0\x78\0\0\0\0\0\0\0\x8d\x45\0\0\x03\0\0\x04\x10\0\0\0\x97\x45\0\0\x5f\
\x02\0\0\0\0\0\0\x18\x29\0\0\x0c\0\0\0\x40\0\0\0\x87\x36\0\0\x0c\0\0\0\x60\0\0\
\0\0\0\0\0\0\0\0\x02\x1b\x03\0\0\x9c\x45\0\0\x1a\0\0\x04\xb8\0\0\0\xa1\x45\0\0\
\x5b\0\0\0\0\0\0\0\xc7\x38\0\0\xe8\x01\0\0\x40\0\0\0\xa7\x45\0\0\xb3\0\0\0\x60\
\0\0\0\xab\x45\0\0\xe8\x01\0\0\x80\0\0\0\xb0\x45\0\0\xb3\0\0\0\xa0\0\0\0\xcb\
\x38\0\0\xe8\x01\0\0\xc0\0\0\0\xb5\x45\0\0\xb3\0\0\0\xe0\0\0\0\xba\x45\0\0\xe8\
\x01\0\0\0\x01\0\0\xc0\x45\0\0\xb3\0\0\0\x20\x01\0\0\xc6\x45\0\0\x0d\0\0\0\x40\
\x01\0\0\xd1\x45\0\0\x61\x02\0\0\x80\x01\0\0\xe1\x45\0\0\x61\x02\0\0\xc0\x01\0\
\0\xef\x45\0\0\x61\x02\0\0\0\x02\0\0\xfd\x45\0\0\x61\x02\0\0\x40\x02\0\0\x06\
\x46\0\0\x61\x02\0\0\x80\x02\0\0\x12\x46\0\0\x12\0\0\0\xc0\x02\0\0\x1e\x46\0\0\
\x63\x02\0\0\0\x03\0\0\x2e\x46\0\0\x63\x02\0\0\x40\x03\0\0\x3e\x46\0\0\x63\x02\
\0\0\x80\x03\0\0\x4d\x46\0\0\x63\x02\0\0\xc0\x03\0\0\x15\x43\0\0\x59\0\0\0\0\
\x04\0\0\x9a\x43\0\0\x64\x02\0\0\x40\x04\0\0\x53\x02\0\0\x54\0\0\0\x80\x04\0\0\
\x5b\x02\0\0\x55\0\0\0\xc0\x04\0\0\x5e\x46\0\0\x65\x02\0\0\0\x05\0\0\0\0\0\0\
\x66\x02\0\0\x40\x05\0\0\x69\x46\0\0\0\0\0\x08\x62\x02\0\0\0\0\0\0\x01\0\0\x04\
\x08\0\0\0\x4c\x04\0\0\xbc\0\0\0\0\0\0\0\0\0\0\0\0\0\0\x02\x53\x03\0\0\0\0\0\0\
\0\0\0\x02\x4e\x03\0\0\0\0\0\0\0\0\0\x02\x7c\x03\0\0\0\0\0\0\x02\0\0\x05\x10\0\
\0\0\x76\x46\0\0\x02\0\0\0\0\0\0\0\xad\x05\0\0\x6e\0\0\0\0\0\0\0\0\0\0\0\0\0\0\
\x02\x98\x03\0\0\x7e\x46\0\0\x03\0\0\x04\x10\0\0\0\x8f\x46\0\0\x69\x02\0\0\0\0\
\0\0\x96\x46\0\0\x4e\0\0\0\x40\0\0\0\x9e\x46\0\0\x4d\0\0\0\x60\0\0\0\0\0\0\0\0\
\0\0\x02\x42\x03\0\0\0\0\0\0\0\0\0\x02\x33\x03\0\0\0\0\0\0\0\0\0\x02\x6c\x02\0\
\0\0\0\0\0\x01\0\0\x0d\0\0\0\0\0\0\0\0\x3b\0\0\0\0\0\0\0\0\0\0\x02\x6e\x02\0\0\
\0\0\0\0\x02\0\0\x0d\x02\0\0\0\0\0\0\0\x3b\0\0\0\0\0\0\0\x35\0\0\0\0\0\0\0\0\0\
\0\x02\x70\x02\0\0\0\0\0\0\x03\0\0\x0d\x35\0\0\0\0\0\0\0\x3b\0\0\0\0\0\0\0\x3a\
\0\0\0\0\0\0\0\x35\0\0\0\0\0\0\0\0\0\0\x02\x9b\x03\0\0\0\0\0\0\0\0\0\x02\x3c\
\x03\0\0\xa6\x46\0\0\0\0\0\x08\x9b\0\0\0\0\0\0\0\0\0\0\x02\x75\x02\0\0\0\0\0\0\
\x05\0\0\x0d\0\0\0\0\0\0\0\0\xc5\0\0\0\0\0\0\0\x3b\0\0\0\0\0\0\0\x35\0\0\0\0\0\
\0\0\x4e\0\0\0\0\0\0\0\xa3\0\0\0\0\0\0\0\0\0\0\x02\x77\x02\0\0\0\0\0\0\x03\0\0\
\x0d\0\0\0\0\0\0\0\0\xc5\0\0\0\0\0\0\0\x3b\0\0\0\0\0\0\0\x35\0\0\0\0\0\0\0\0\0\
\0\x02\x79\x02\0\0\0\0\0\0\x03\0\0\x0d\x7a\x02\0\0\0\0\0\0\xec\0\0\0\0\0\0\0\
\x35\0\0\0\0\0\0\0\x85\x02\0\0\0\0\0\0\0\0\0\x02\x7b\x02\0\0\xb4\x46\0\0\x1c\0\
\0\x04\x90\x01\0\0\x85\x04\0\0\x7a\x02\0\0\0\0\0\0\xbe\x46\0\0\x7c\x02\0\0\x40\
\0\0\0\xc2\x46\0\0\x7d\x02\0\0\x80\0\0\0\xc8\x46\0\0\xa8\0\0\0\xc0\0\0\0\xd2\
\x46\0\0\xa8\0\0\0\0\x01\0\0\xfb\x17\0\0\xdf\x01\0\0\x40\x01\0\0\x21\x20\0\0\
\x40\0\0\0\x80\x01\0\0\xda\x46\0\0\x0d\0\0\0\xa0\x01\0\0\xee\x46\0\0\x45\x02\0\
\0\xc0\x01\0\0\xc1\x42\0\0\x5e\x01\0\0\x80\x02\0\0\xca\x05\0\0\xa8\0\0\0\xc0\
\x03\0\0\xf8\x46\0\0\x42\0\0\0\0\x04\0\0\xff\x46\0\0\x39\0\0\0\x20\x04\0\0\xd6\
\0\0\0\x39\0\0\0\x28\x04\0\0\xbf\x44\0\0\x39\0\0\0\x30\x04\0\0\x7b\0\0\0\x39\0\
\0\0\x38\x04\0\0\x59\x1b\0\0\x4e\0\0\0\x40\x04\0\0\x09\x47\0\0\xad\0\0\0\x60\
\x04\0\0\x11\x47\0\0\x48\x01\0\0\xc0\x04\0\0\x14\x47\0\0\x7e\x02\0\0\xc0\x05\0\
\0\x52\x1b\0\0\x80\x02\0\0\x40\x0a\0\0\xef\x04\0\0\x82\x02\0\0\x80\x0a\0\0\x17\
\x47\0\0\x4f\0\0\0\xc0\x0a\0\0\x1f\x47\0\0\x4f\0\0\0\x40\x0b\0\0\xad\x05\0\0\
\x6e\0\0\0\xc0\x0b\0\0\x37\x1b\0\0\x3a\0\0\0\x40\x0c\0\0\xab\x1b\0\0\xe7\0\0\0\
\x80\x0c\0\0\x2c\x47\0\0\x84\x02\0\0\x80\x0c\0\0\0\0\0\0\0\0\0\x02\x6f\x03\0\0\
\0\0\0\0\0\0\0\x02\x70\x03\0\0\x38\x47\0\0\x03\0\0\x04\x90\0\0\0\x41\x47\0\0\
\x0d\0\0\0\0\0\0\0\x48\x47\0\0\xad\0\0\0\x20\0\0\0\x50\x47\0\0\x7f\x02\0\0\x80\
\0\0\0\0\0\0\0\0\0\0\x03\0\0\0\0\xa8\0\0\0\x04\0\0\0\x10\0\0\0\0\0\0\0\0\0\0\
\x02\x81\x02\0\0\0\0\0\0\x02\0\0\x0d\x02\0\0\0\0\0\0\0\x7a\x02\0\0\0\0\0\0\x35\
\0\0\0\0\0\0\0\0\0\0\x02\x83\x02\0\0\0\0\0\0\0\0\0\x0a\x71\x03\0\0\0\0\0\0\0\0\
\0\x03\0\0\0\0\x39\0\0\0\x04\0\0\0\0\0\0\0\0\0\0\0\0\0\0\x02\x86\x02\0\0\0\0\0\
\0\0\0\0\x0a\0\0\0\0\0\0\0\0\0\0\0\x02\x88\x02\0\0\0\0\0\0\x02\0\0\x0d\0\0\0\0\
\0\0\0\0\xec\0\0\0\0\0\0\0\x85\x02\0\0\0\0\0\0\0\0\0\x02\x41\x03\0\0\x58\x47\0\
\0\x04\0\0\x04\x28\0\0\0\xfb\x17\0\0\x90\0\0\0\0\0\0\0\xf8\x04\0\0\x5e\0\0\0\
\x40\0\0\0\x1c\x02\0\0\x4f\0\0\0\x80\0\0\0\x67\x47\0\0\x8b\x02\0\0\0\x01\0\0\0\
\0\0\0\0\0\0\x02\x9b\x01\0\0\x70\x47\0\0\x29\0\0\x04\xb8\0\0\0\x82\x47\0\0\x7f\
\0\0\0\0\0\0\0\xc7\x0b\0\0\x7f\0\0\0\x40\0\0\0\x86\x47\0\0\x7f\0\0\0\x80\0\0\0\
\xb4\x0b\0\0\x7f\0\0\0\xc0\0\0\0\x8f\x47\0\0\x7f\0\0\0\0\x01\0\0\x99\x47\0\0\
\x02\0\0\0\x40\x01\0\0\xa5\x47\0\0\x02\0\0\0\x60\x01\0\0\xb5\x47\0\0\x02\0\0\0\
\x80\x01\0\0\xcc\x47\0\0\x02\0\0\0\xa0\x01\0\0\xde\x47\0\0\x02\0\0\0\xc0\x01\0\
\0\xf1\x47\0\0\x02\0\0\0\xe0\x01\0\0\x06\x48\0\0\x02\0\0\0\0\x02\0\0\x19\x48\0\
\0\x02\0\0\0\x20\x02\0\0\x2b\x48\0\0\x4e\0\0\0\x40\x02\0\0\x41\x48\0\0\x39\0\0\
\0\x60\x02\0\0\x57\x48\0\0\x39\0\0\0\x68\x02\0\0\x62\x48\0\0\x39\0\0\0\x70\x02\
\0\0\x78\x48\0\0\x39\0\0\0\x78\x02\0\0\x88\x48\0\0\x02\0\0\0\x80\x02\0\0\x94\
\x48\0\0\x39\0\0\0\xa0\x02\0\0\xab\x48\0\0\x39\0\0\0\xa8\x02\0\0\xc8\x48\0\0\
\x39\0\0\0\xb0\x02\0\0\xe3\x48\0\0\x8d\x02\0\0\xc0\x02\0\0\xf3\x48\0\0\xb8\0\0\
\0\xc0\x03\0\0\x07\x49\0\0\x39\0\0\0\0\x04\0\0\x1e\x49\0\0\x39\0\0\0\x08\x04\0\
\0\x2f\x49\0\0\x39\0\0\0\x10\x04\0\0\x3e\x49\0\0\x39\0\0\0\x18\x04\0\0\x55\x49\
\0\0\x02\0\0\0\x20\x04\0\0\x63\x49\0\0\x02\0\0\0\x40\x04\0\0\x6f\x49\0\0\x02\0\
\0\0\x60\x04\0\0\x81\x49\0\0\x02\0\0\0\x80\x04\0\0\x92\x49\0\0\x02\0\0\0\xa0\
\x04\0\0\xa3\x49\0\0\x02\0\0\0\xc0\x04\0\0\xb4\x49\0\0\x02\0\0\0\xe0\x04\0\0\
\xc5\x49\0\0\x02\0\0\0\0\x05\0\0\xd4\x49\0\0\x4e\0\0\0\x20\x05\0\0\xdd\x49\0\0\
\xbc\0\0\0\x40\x05\0\0\xeb\x49\0\0\x39\0\0\0\x80\x05\0\0\x03\x4a\0\0\x39\0\0\0\
\x88\x05\0\0\x1d\x4a\0\0\x39\0\0\0\x90\x05\0\0\0\0\0\0\0\0\0\x03\0\0\0\0\xa8\0\
\0\0\x04\0\0\0\x04\0\0\0\0\0\0\0\0\0\0\x02\x72\x03\0\0\0\0\0\0\0\0\0\x02\x73\
\x03\0\0\0\0\0\0\0\0\0\x02\x75\x03\0\0\0\0\0\0\0\0\0\x02\x77\x03\0\0\0\0\0\0\0\
\0\0\x02\x74\x03\0\0\x3d\x4a\0\0\x04\0\0\x04\x58\0\0\0\x51\x32\0\0\x8e\x01\0\0\
\0\0\0\0\xc1\x42\0\0\x5e\x01\0\0\0\x01\0\0\x50\x42\0\0\x94\x02\0\0\x40\x02\0\0\
\x4a\x4a\0\0\x02\0\0\0\x80\x02\0\0\0\0\0\0\0\0\0\x02\x2e\x03\0\0\0\0\0\0\0\0\0\
\x02\x78\x03\0\0\0\0\0\0\x03\0\0\x04\x10\0\0\0\x1a\x06\0\0\x76\0\0\0\0\0\0\0\
\xfb\x17\0\0\x44\0\0\0\x40\0\0\0\x5b\x08\0\0\x4e\0\0\0\x60\0\0\0\0\0\0\0\0\0\0\
\x02\x79\x03\0\0\x4e\x4a\0\0\x02\0\0\x04\x10\0\0\0\x94\x18\0\0\x99\x02\0\0\0\0\
\0\0\xd7\x0c\0\0\xa6\0\0\0\x40\0\0\0\x66\x4a\0\0\x01\0\0\x04\x08\0\0\0\xb4\x0b\
\0\0\x7f\0\0\0\0\0\0\0\x7a\x4a\0\0\x2f\0\0\x04\x30\x01\0\0\x85\x4a\0\0\x9b\x02\
\0\0\0\0\0\0\x95\x4a\0\0\x64\0\0\0\x40\0\0\0\xa3\x4a\0\0\x7f\0\0\0\x80\0\0\0\
\xb1\x4a\0\0\x3b\0\0\0\xc0\0\0\0\xba\x4a\0\0\x3b\0\0\0\0\x01\0\0\xc4\x4a\0\0\
\x3b\0\0\0\x40\x01\0\0\xce\x4a\0\0\x02\0\0\0\x80\x01\0\0\xd7\x4a\0\0\x02\0\0\0\
\xa0\x01\0\0\xe2\x4a\0\0\x4f\0\0\0\xc0\x01\0\0\xf2\x4a\0\0\x4f\0\0\0\x40\x02\0\
\0\xfd\x4a\0\0\x5e\x01\0\0\xc0\x02\0\0\x0b\x4b\0\0\x4f\0\0\0\0\x04\0\0\x1e\x4b\
\0\0\x44\0\0\0\x80\x04\0\0\x2b\x4b\0\0\x44\0\0\0\xa0\x04\0\0\x3b\x4b\0\0\x0d\0\
\0\0\xc0\x04\0\0\x47\x4b\0\0\x0d\0\0\0\xe0\x04\0\0\x4f\x4b\0\0\x0d\0\0\0\0\x05\
\0\0\x57\x4b\0\0\x02\0\0\0\x20\x05\0\0\x61\x4b\0\0\x02\0\0\0\x40\x05\0\0\x6a\
\x4b\0\0\x02\0\0\0\x60\x05\0\0\x74\x4b\0\0\x02\0\0\0\x80\x05\0\0\x8b\x4b\0\0\
\xf4\x01\0\0\xc0\x05\0\0\x99\x4b\0\0\x0d\0\0\0\0\x06\0\0\xab\x4b\0\0\x0d\0\0\0\
\x20\x06\0\0\xb8\x4b\0\0\x0d\0\0\0\x40\x06\0\0\xc4\x4b\0\0\x0d\0\0\0\x60\x06\0\
\0\xd3\x4b\0\0\x02\0\0\0\x80\x06\0\0\xeb\x4b\0\0\x02\0\0\0\xa0\x06\0\0\xfc\x4b\
\0\0\x02\0\0\0\xc0\x06\0\0\x0d\x4c\0\0\x02\0\0\0\xe0\x06\0\0\x18\x4c\0\0\x02\0\
\0\0\0\x07\0\0\x23\x4c\0\0\x02\0\0\0\x20\x07\0\0\x2d\x4c\0\0\x02\0\0\0\x40\x07\
\0\0\x37\x4c\0\0\x02\0\0\0\x60\x07\0\0\x45\x4c\0\0\x02\0\0\0\x80\x07\0\0\x53\
\x4c\0\0\x02\0\0\0\xa0\x07\0\0\x67\x4c\0\0\x02\0\0\0\xc0\x07\0\0\x74\x4c\0\0\
\x02\0\0\0\xe0\x07\0\0\x81\x4c\0\0\x02\0\0\0\0\x08\0\0\x8f\x4c\0\0\x02\0\0\0\
\x20\x08\0\0\x9d\x4c\0\0\x02\0\0\0\x40\x08\0\0\xa9\x4c\0\0\x02\0\0\0\x60\x08\0\
\0\xb5\x4c\0\0\x02\0\0\0\x80\x08\0\0\xc0\x4c\0\0\x02\0\0\0\xa0\x08\0\0\xcd\x4c\
\0\0\x02\0\0\0\xc0\x08\0\0\xdc\x4c\0\0\xa8\0\0\0\0\x09\0\0\xea\x4c\0\0\x02\0\0\
\0\x40\x09\0\0\0\0\0\0\0\0\0\x02\x9c\x02\0\0\xf8\x4c\0\0\0\0\0\x07\0\0\0\0\x01\
\x4d\0\0\x0a\0\0\x04\x08\x01\0\0\x0a\x4d\0\0\x64\0\0\0\0\0\0\0\x19\x4d\0\0\xb3\
\x02\0\0\x40\0\0\0\x24\x4d\0\0\x7f\0\0\0\0\x03\0\0\x36\x4d\0\0\x7f\0\0\0\x40\
\x03\0\0\x4a\x4d\0\0\xba\x02\0\0\x80\x03\0\0\x55\x4d\0\0\xba\x02\0\0\xc0\x04\0\
\0\x60\x4d\0\0\xbb\x02\0\0\0\x06\0\0\x6a\x4d\0\0\xba\x02\0\0\xc0\x06\0\0\x77\
\x4d\0\0\x0d\0\0\0\0\x08\0\0\x89\x4d\0\0\x0d\0\0\0\x20\x08\0\0\0\0\0\0\0\0\0\
\x02\x9f\x02\0\0\0\0\0\0\0\0\0\x0a\xa0\x02\0\0\x9b\x4d\0\0\x04\0\0\x04\x20\0\0\
\0\xd4\x22\0\0\xf4\x01\0\0\0\0\0\0\xd6\0\0\0\xa1\x02\0\0\x40\0\0\0\xa5\x4d\0\0\
\xa2\x02\0\0\x80\0\0\0\xab\x4d\0\0\xb2\x02\0\0\xc0\0\0\0\xae\x4d\0\0\x03\0\0\
\x06\x04\0\0\0\xba\x4d\0\0\0\0\0\0\xca\x4d\0\0\x01\0\0\0\xdb\x4d\0\0\x02\0\0\0\
\0\0\0\0\0\0\0\x02\xa3\x02\0\0\xeb\x4d\0\0\0\0\0\x08\xa4\x02\0\0\0\0\0\0\x08\0\
\0\x0d\0\0\0\0\0\0\0\0\x3c\0\0\0\0\0\0\0\xa5\x02\0\0\0\0\0\0\x0d\0\0\0\0\0\0\0\
\xa6\x02\0\0\0\0\0\0\xa8\x02\0\0\0\0\0\0\xa8\x02\0\0\0\0\0\0\xaa\x02\0\0\0\0\0\
\0\x70\x01\0\0\xf4\x4d\0\0\0\0\0\x08\x39\0\0\0\0\0\0\0\0\0\0\x02\xa7\x02\0\0\0\
\0\0\0\0\0\0\x0a\xca\0\0\0\0\0\0\0\0\0\0\x02\xa9\x02\0\0\0\0\0\0\0\0\0\x0a\xf5\
\0\0\0\0\0\0\0\0\0\0\x02\xab\x02\0\0\0\0\0\0\0\0\0\x0a\xac\x02\0\0\xfd\x4d\0\0\
\x02\0\0\x04\x10\0\0\0\xd6\0\0\0\xa5\x02\0\0\0\0\0\0\x08\x4e\0\0\xad\x02\0\0\
\x20\0\0\0\0\0\0\0\x02\0\0\x05\x0c\0\0\0\x0a\x4e\0\0\xae\x02\0\0\0\0\0\0\x0f\
\x4e\0\0\xb1\x02\0\0\0\0\0\0\0\0\0\0\x04\0\0\x04\x0c\0\0\0\x13\x4e\0\0\xaf\x02\
\0\0\0\0\0\0\x16\x24\0\0\xb0\x02\0\0\x20\0\0\0\x1c\x4e\0\0\xb0\x02\0\0\x30\0\0\
\0\x59\x1b\0\0\xb0\x02\0\0\x40\0\0\0\x27\x4e\0\0\0\0\0\x08\x4e\0\0\0\x31\x4e\0\
\0\0\0\0\x08\x4d\0\0\0\0\0\0\0\x02\0\0\x04\x02\0\0\0\x3b\x4e\0\0\xa5\x02\0\0\0\
\0\0\0\x41\x4e\0\0\xa5\x02\0\0\x08\0\0\0\0\0\0\0\0\0\0\x02\x1e\x03\0\0\0\0\0\0\
\0\0\0\x03\0\0\0\0\x9e\x02\0\0\x04\0\0\0\x0b\0\0\0\x4a\x4e\0\0\x02\0\0\x04\x08\
\0\0\0\x5a\x4e\0\0\x4d\0\0\0\0\0\0\0\x6b\x4e\0\0\xb9\x02\0\0\x40\0\0\0\x71\x4e\
\0\0\x02\0\0\x04\x10\0\0\0\xad\x01\0\0\xb6\x02\0\0\0\0\0\0\x7f\x4e\0\0\x59\0\0\
\0\x40\0\0\0\0\0\0\0\0\0\0\x02\xb7\x02\0\0\x84\x4e\0\0\0\0\0\x08\xb8\x02\0\0\0\
\0\0\0\x03\0\0\x0d\x0d\0\0\0\0\0\0\0\x59\0\0\0\0\0\0\0\x35\0\0\0\0\0\0\0\x33\0\
\0\0\0\0\0\0\0\0\0\x03\0\0\0\0\xb5\x02\0\0\x04\0\0\0\0\0\0\0\0\0\0\0\0\0\0\x03\
\0\0\0\0\x07\x01\0\0\x04\0\0\0\x05\0\0\0\0\0\0\0\0\0\0\x03\0\0\0\0\x07\x01\0\0\
\x04\0\0\0\x03\0\0\0\x8e\x4e\0\0\x0a\0\0\x04\xe8\0\0\0\x97\x4e\0\0\xa3\0\0\0\0\
\0\0\0\xac\x4e\0\0\x39\0\0\0\x08\0\0\0\xbf\x4e\0\0\x39\0\0\0\x10\0\0\0\xcd\x4e\
\0\0\x39\0\0\0\x18\0\0\0\xd9\x4e\0\0\x39\0\0\0\x20\0\0\0\xe7\x4e\0\0\x39\0\0\0\
\x28\0\0\0\xf7\x4e\0\0\xbd\x02\0\0\x40\0\0\0\xfc\x4e\0\0\xbe\x02\0\0\x80\0\0\0\
\x12\x4f\0\0\xbf\x02\0\0\xc0\0\0\0\x1e\x4f\0\0\x42\0\0\0\0\x07\0\0\0\0\0\0\0\0\
\0\x02\x7a\x03\0\0\0\0\0\0\0\0\0\x02\x7b\x03\0\0\x2a\x4f\0\0\x08\0\0\x04\xc8\0\
\0\0\x34\x4f\0\0\xc0\x02\0\0\0\0\0\0\x3c\x4f\0\0\xc1\x02\0\0\x20\0\0\0\x40\x4f\
\0\0\xc3\x02\0\0\x20\x02\0\0\x44\x4f\0\0\xc5\x02\0\0\x80\x02\0\0\x49\x4f\0\0\
\xc5\x02\0\0\xa0\x02\0\0\x50\x4f\0\0\xc6\x02\0\0\xc0\x02\0\0\x68\x03\0\0\xc8\
\x02\0\0\x20\x04\0\0\x55\x4f\0\0\xc9\x02\0\0\x80\x05\0\0\x59\x4f\0\0\x01\0\0\
\x04\x04\0\0\0\xec\x44\0\0\x0d\0\0\0\0\0\0\0\x68\x4f\0\0\x06\0\0\x04\x40\0\0\0\
\x73\x4f\0\0\xc2\x02\0\0\0\0\0\0\x7c\x4f\0\0\x39\0\0\0\xc0\x01\0\0\x86\x4f\0\0\
\x39\0\0\0\xc8\x01\0\0\x95\x4f\0\0\x39\0\0\0\xd0\x01\0\0\xa5\x4f\0\0\x39\0\0\0\
\xd8\x01\0\0\xbc\x4f\0\0\x0d\0\0\0\xe0\x01\0\0\0\0\0\0\0\0\0\x03\0\0\0\0\x0d\0\
\0\0\x04\0\0\0\x0e\0\0\0\xcc\x4f\0\0\x02\0\0\x04\x0c\0\0\0\x73\x4f\0\0\xc4\x02\
\0\0\0\0\0\0\xbc\x4f\0\0\x0d\0\0\0\x40\0\0\0\0\0\0\0\0\0\0\x03\0\0\0\0\x0d\0\0\
\0\x04\0\0\0\x02\0\0\0\xd7\x4f\0\0\x01\0\0\x04\x04\0\0\0\xec\x44\0\0\x0d\0\0\0\
\0\0\0\0\xe3\x4f\0\0\x02\0\0\x04\x2c\0\0\0\xef\x4f\0\0\x39\0\0\0\0\0\0\0\xfa\
\x4f\0\0\xc7\x02\0\0\x20\0\0\0\0\0\0\0\0\0\0\x03\0\0\0\0\x0d\0\0\0\x04\0\0\0\
\x0a\0\0\0\x07\x50\0\0\x01\0\0\x04\x28\0\0\0\x73\x4f\0\0\xc7\x02\0\0\0\0\0\0\
\x13\x50\0\0\x02\0\0\x04\x18\0\0\0\x1e\x50\0\0\x4f\0\0\0\0\0\0\0\x73\x4f\0\0\
\xc4\x02\0\0\x80\0\0\0\x2a\x50\0\0\x02\0\0\x04\x08\0\0\0\x39\x50\0\0\x0d\0\0\0\
\0\0\0\0\x42\x50\0\0\x39\0\0\0\x20\0\0\0\x4c\x50\0\0\x01\0\0\x04\x08\0\0\0\xf7\
\x4e\0\0\xcc\x02\0\0\0\0\0\0\0\0\0\0\0\0\0\x02\x11\x03\0\0\0\0\0\0\0\0\0\x02\
\x12\x03\0\0\x55\x50\0\0\x03\0\0\x04\x40\0\0\0\x5f\x50\0\0\xdb\x02\0\0\0\0\0\0\
\x69\x50\0\0\xee\x02\0\0\x80\0\0\0\xa1\x2e\0\0\xef\x02\0\0\0\x01\0\0\0\0\0\0\0\
\0\0\x02\xd0\x02\0\0\x6f\x50\0\0\x02\0\0\x04\x10\0\0\0\xad\x05\0\0\x6e\0\0\0\0\
\0\0\0\x7e\x50\0\0\xda\x02\0\0\x80\0\0\0\x84\x50\0\0\x02\0\0\x04\x18\0\0\0\xf4\
\x3a\0\0\x0e\x01\0\0\0\0\0\0\0\0\0\0\xd2\x02\0\0\x40\0\0\0\0\0\0\0\x02\0\0\x05\
\x10\0\0\0\x98\x50\0\0\xd9\x02\0\0\0\0\0\0\xa7\x50\0\0\xbc\0\0\0\0\0\0\0\0\0\0\
\0\0\0\0\x02\xd4\x02\0\0\xb2\x50\0\0\x07\0\0\x04\x68\0\0\0\0\0\0\0\xd5\x02\0\0\
\0\0\0\0\xc5\x50\0\0\xd7\x02\0\0\x40\0\0\0\x52\0\0\0\xd8\x02\0\0\x80\0\0\0\xc9\
\x50\0\0\x4f\0\0\0\0\x01\0\0\xd2\x50\0\0\x4f\0\0\0\x80\x01\0\0\xa1\x05\0\0\xce\
\0\0\0\0\x02\0\0\xad\x05\0\0\x6e\0\0\0\xc0\x02\0\0\0\0\0\0\x02\0\0\x05\x08\0\0\
\0\xda\x50\0\0\xd6\x02\0\0\0\0\0\0\xde\x50\0\0\x59\0\0\0\0\0\0\0\0\0\0\0\0\0\0\
\x02\x28\x03\0\0\0\0\0\0\0\0\0\x02\x51\x03\0\0\xe9\x50\0\0\x02\0\0\x04\x10\0\0\
\0\0\x51\0\0\x08\0\0\0\0\0\0\0\x10\x51\0\0\x0c\0\0\0\x40\0\0\0\0\0\0\0\0\0\0\
\x03\0\0\0\0\xd3\x02\0\0\x04\0\0\0\x02\0\0\0\0\0\0\0\0\0\0\x03\0\0\0\0\xd1\x02\
\0\0\x04\0\0\0\0\0\0\0\0\0\0\0\0\0\0\x03\0\0\0\0\xcf\x02\0\0\x04\0\0\0\x02\0\0\
\0\x1c\x51\0\0\x1a\0\0\x84\x48\0\0\0\x25\x51\0\0\x4d\0\0\0\0\0\0\0\x2b\x51\0\0\
\x4d\0\0\0\x10\0\0\x01\x31\x51\0\0\x4d\0\0\0\x11\0\0\x01\x3f\x51\0\0\x4d\0\0\0\
\x12\0\0\x01\x4e\x51\0\0\x4d\0\0\0\x13\0\0\x01\x58\x51\0\0\x4d\0\0\0\x14\0\0\
\x01\x63\x51\0\0\x4d\0\0\0\x15\0\0\x01\x76\x51\0\0\x4d\0\0\0\x16\0\0\x01\x7e\
\x51\0\0\x4d\0\0\0\x17\0\0\x01\x86\x51\0\0\x4d\0\0\0\x18\0\0\x01\x96\x51\0\0\
\x4d\0\0\0\x19\0\0\x01\xa8\x51\0\0\x4d\0\0\0\x1a\0\0\x01\xc5\x51\0\0\x4d\0\0\0\
\x1b\0\0\x01\xd4\x51\0\0\x4d\0\0\0\x1c\0\0\x01\xe5\x51\0\0\x4d\0\0\0\x1d\0\0\
\x01\xd6\0\0\0\xdd\x02\0\0\x20\0\0\0\xf8\x51\0\0\xde\x02\0\0\x40\0\0\0\xee\x1b\
\0\0\x4e\0\0\0\x60\0\0\0\x0d\x52\0\0\x4e\0\0\0\x80\0\0\0\x17\x52\0\0\xdf\x02\0\
\0\xa0\0\0\0\x1c\x24\0\0\xe0\x02\0\0\0\x01\0\0\x1b\x52\0\0\x62\x01\0\0\x40\x01\
\0\0\x22\x52\0\0\xe1\x02\0\0\x80\x01\0\0\x2b\x52\0\0\xe6\x02\0\0\xc0\x01\0\0\
\x2f\x52\0\0\xe7\x02\0\0\0\x02\0\0\0\0\0\0\xe8\x02\0\0\x40\x02\0\0\x39\x52\0\0\
\x22\0\0\x06\x04\0\0\0\x47\x52\0\0\0\0\0\0\x5c\x52\0\0\x01\0\0\0\x78\x52\0\0\
\x02\0\0\0\x8d\x52\0\0\x03\0\0\0\xa5\x52\0\0\x04\0\0\0\xbd\x52\0\0\x05\0\0\0\
\xd6\x52\0\0\x06\0\0\0\xe8\x52\0\0\x07\0\0\0\x01\x53\0\0\x08\0\0\0\x1a\x53\0\0\
\x09\0\0\0\x34\x53\0\0\x0a\0\0\0\x49\x53\0\0\x0b\0\0\0\x5f\x53\0\0\x0c\0\0\0\
\x76\x53\0\0\x0d\0\0\0\x8d\x53\0\0\x0e\0\0\0\xa2\x53\0\0\x0f\0\0\0\xbe\x53\0\0\
\x10\0\0\0\xd3\x53\0\0\x11\0\0\0\xf0\x53\0\0\x12\0\0\0\x0f\x54\0\0\x13\0\0\0\
\x2b\x54\0\0\x14\0\0\0\x44\x54\0\0\x15\0\0\0\x5f\x54\0\0\x16\0\0\0\x7c\x54\0\0\
\x17\0\0\0\x98\x54\0\0\x18\0\0\0\xbe\x54\0\0\x19\0\0\0\xdb\x54\0\0\x1a\0\0\0\
\xf1\x54\0\0\x1b\0\0\0\x0a\x55\0\0\x1c\0\0\0\x1c\x55\0\0\x1d\0\0\0\x2e\x55\0\0\
\x1e\0\0\0\x46\x55\0\0\x1f\0\0\0\x5c\x55\0\0\x20\0\0\0\x74\x55\0\0\x21\0\0\0\
\x88\x55\0\0\x39\0\0\x06\x04\0\0\0\x98\x55\0\0\0\0\0\0\xb0\x55\0\0\x01\0\0\0\
\xc7\x55\0\0\x02\0\0\0\xe3\x55\0\0\x03\0\0\0\xf7\x55\0\0\x04\0\0\0\x10\x56\0\0\
\x05\0\0\0\x2a\x56\0\0\x06\0\0\0\x3c\x56\0\0\x07\0\0\0\x4f\x56\0\0\x08\0\0\0\
\x65\x56\0\0\x09\0\0\0\x7b\x56\0\0\x0a\0\0\0\x94\x56\0\0\x0b\0\0\0\xad\x56\0\0\
\x0c\0\0\0\xc8\x56\0\0\x0d\0\0\0\xe3\x56\0\0\x0e\0\0\0\xfb\x56\0\0\x0f\0\0\0\
\x13\x57\0\0\x10\0\0\0\x22\x57\0\0\x11\0\0\0\x35\x57\0\0\x12\0\0\0\x47\x57\0\0\
\x13\0\0\0\x5f\x57\0\0\x14\0\0\0\x77\x57\0\0\x15\0\0\0\x8d\x57\0\0\x16\0\0\0\
\xa3\x57\0\0\x17\0\0\0\xb4\x57\0\0\x18\0\0\0\xc5\x57\0\0\x19\0\0\0\xd5\x57\0\0\
\x1a\0\0\0\xe7\x57\0\0\x1b\0\0\0\xf3\x57\0\0\x1c\0\0\0\x02\x58\0\0\x1d\0\0\0\
\x1f\x58\0\0\x1e\0\0\0\x3c\x58\0\0\x1f\0\0\0\x59\x58\0\0\x20\0\0\0\x76\x58\0\0\
\x21\0\0\0\x85\x58\0\0\x22\0\0\0\xa2\x58\0\0\x23\0\0\0\xb1\x58\0\0\x24\0\0\0\
\xbf\x58\0\0\x25\0\0\0\xc7\x58\0\0\x26\0\0\0\xda\x58\0\0\x27\0\0\0\xf2\x58\0\0\
\x28\0\0\0\x15\x59\0\0\x29\0\0\0\x24\x59\0\0\x2a\0\0\0\x3b\x59\0\0\x2b\0\0\0\
\x4a\x59\0\0\x2c\0\0\0\x59\x59\0\0\x2d\0\0\0\x67\x59\0\0\x2e\0\0\0\x77\x59\0\0\
\x2f\0\0\0\x86\x59\0\0\x30\0\0\0\x9d\x59\0\0\x31\0\0\0\xb5\x59\0\0\x32\0\0\0\
\xcd\x59\0\0\x33\0\0\0\xe5\x59\0\0\x34\0\0\0\x01\x5a\0\0\x35\0\0\0\x1d\x5a\0\0\
\x36\0\0\0\x30\x5a\0\0\x37\0\0\0\x40\x5a\0\0\x38\0\0\0\0\0\0\0\0\0\0\x03\0\0\0\
\0\x39\0\0\0\x04\0\0\0\x08\0\0\0\0\0\0\0\0\0\0\x02\x43\x03\0\0\0\0\0\0\0\0\0\
\x02\xe2\x02\0\0\0\0\0\0\x02\0\0\x0d\x0d\0\0\0\0\0\0\0\x85\x02\0\0\0\0\0\0\xe3\
\x02\0\0\0\0\0\0\0\0\0\x02\xe4\x02\0\0\0\0\0\0\0\0\0\x0a\xe5\x02\0\0\x56\x5a\0\
\0\x05\0\0\x84\x08\0\0\0\x5f\x5a\0\0\x11\0\0\0\0\0\0\0\x64\x5a\0\0\x11\0\0\0\
\x08\0\0\x04\x6c\x5a\0\0\x11\0\0\0\x0c\0\0\x04\x74\x5a\0\0\xfd\0\0\0\x10\0\0\0\
\x78\x5a\0\0\x9c\x01\0\0\x20\0\0\0\0\0\0\0\0\0\0\x02\x44\x03\0\0\0\0\0\0\0\0\0\
\x02\x4f\x03\0\0\0\0\0\0\x02\0\0\x05\0\0\0\0\0\0\0\0\xe9\x02\0\0\0\0\0\0\0\0\0\
\0\xec\x02\0\0\0\0\0\0\0\0\0\0\x02\0\0\x04\0\0\0\0\x7c\x5a\0\0\x9b\0\0\0\0\0\0\
\0\x8a\x5a\0\0\xeb\x02\0\0\0\0\0\0\x90\x5a\0\0\x04\0\0\x04\x08\0\0\0\x5f\x5a\0\
\0\x0f\0\0\0\0\0\0\0\x9c\x5a\0\0\x11\0\0\0\x10\0\0\0\x9f\x5a\0\0\x11\0\0\0\x18\
\0\0\0\xa2\x5a\0\0\x0c\0\0\0\x20\0\0\0\0\0\0\0\0\0\0\x03\0\0\0\0\xea\x02\0\0\
\x04\0\0\0\0\0\0\0\0\0\0\0\x02\0\0\x04\0\0\0\0\xa4\x5a\0\0\x9b\0\0\0\0\0\0\0\
\xb3\x5a\0\0\xed\x02\0\0\0\0\0\0\0\0\0\0\0\0\0\x03\0\0\0\0\xe5\x02\0\0\x04\0\0\
\0\0\0\0\0\0\0\0\0\0\0\0\x03\0\0\0\0\x0e\x01\0\0\x04\0\0\0\x02\0\0\0\0\0\0\0\0\
\0\0\x03\0\0\0\0\x4f\0\0\0\x04\0\0\0\x02\0\0\0\xba\x5a\0\0\x22\0\0\x04\x40\x03\
\0\0\xc5\x5a\0\0\x4f\0\0\0\0\0\0\0\xcf\x5a\0\0\x7b\0\0\0\x80\0\0\0\xdb\x5a\0\0\
\x7b\0\0\0\xc0\0\0\0\xe7\x5a\0\0\x7b\0\0\0\0\x01\0\0\xf3\x5a\0\0\x7b\0\0\0\x40\
\x01\0\0\xff\x5a\0\0\x7b\0\0\0\x80\x01\0\0\x11\x5b\0\0\x0d\0\0\0\xc0\x01\0\0\
\x1d\x5b\0\0\x0d\0\0\0\xe0\x01\0\0\x27\x5b\0\0\x8e\x01\0\0\0\x02\0\0\x37\x5b\0\
\0\x4f\0\0\0\0\x03\0\0\x42\x5b\0\0\x7b\0\0\0\x80\x03\0\0\x4f\x5b\0\0\x0d\0\0\0\
\xc0\x03\0\0\x60\x5b\0\0\x0d\0\0\0\xe0\x03\0\0\x6e\x5b\0\0\xf1\x02\0\0\0\x04\0\
\0\x7d\x5b\0\0\xf3\x02\0\0\xc0\x04\0\0\x8a\x5b\0\0\xf4\x02\0\0\x40\x06\0\0\x97\
\x5b\0\0\x8e\x01\0\0\0\x07\0\0\xa8\x5b\0\0\xf5\x02\0\0\0\x08\0\0\xb7\x5b\0\0\
\x4f\0\0\0\x80\x09\0\0\xc4\x5b\0\0\x3b\0\0\0\0\x0a\0\0\xc9\x5b\0\0\x3b\0\0\0\
\x40\x0a\0\0\xd4\x5b\0\0\x4e\0\0\0\x80\x0a\0\0\xe8\x5b\0\0\x4e\0\0\0\xa0\x0a\0\
\0\xfd\x5b\0\0\x02\0\0\0\xc0\x0a\0\0\x10\x5c\0\0\x4e\0\0\0\xe0\x0a\0\0\x23\x5c\
\0\0\xe5\x01\0\0\0\x0b\0\0\x2a\x06\0\0\x7f\0\0\0\x40\x0b\0\0\x32\x5c\0\0\xbf\0\
\0\0\0\x0c\0\0\x40\x5c\0\0\xbf\0\0\0\0\x12\0\0\x4e\x5c\0\0\x44\0\0\0\0\x18\0\0\
\x5e\x5c\0\0\xaf\0\0\0\x20\x18\0\0\x79\x5c\0\0\xaf\0\0\0\x40\x18\0\0\x95\x5c\0\
\0\x44\0\0\0\x60\x18\0\0\xa6\x5c\0\0\x8f\0\0\0\x80\x18\0\0\0\0\0\0\0\0\0\x03\0\
\0\0\0\x76\0\0\0\x04\0\0\0\x03\0\0\0\xb5\x5c\0\0\x06\0\0\x04\x10\0\0\0\x0c\x08\
\0\0\x7b\0\0\0\0\0\0\0\xc6\x5c\0\0\x0d\0\0\0\x40\0\0\0\xcc\x5c\0\0\x39\0\0\0\
\x60\0\0\0\xd3\x5c\0\0\x39\0\0\0\x68\0\0\0\xda\x5c\0\0\x39\0\0\0\x70\0\0\0\xe1\
\x5c\0\0\x39\0\0\0\x78\0\0\0\0\0\0\0\0\0\0\x03\0\0\0\0\xf2\x02\0\0\x04\0\0\0\
\x03\0\0\0\0\0\0\0\0\0\0\x03\0\0\0\0\x0d\0\0\0\x04\0\0\0\x06\0\0\0\xe8\x5c\0\0\
\x06\0\0\x04\x30\0\0\0\x51\x32\0\0\x8e\x01\0\0\0\0\0\0\xfb\x17\0\0\xad\0\0\0\0\
\x01\0\0\xfc\x5c\0\0\x39\0\0\0\x40\x01\0\0\x03\x5d\0\0\x39\0\0\0\x48\x01\0\0\
\x0a\x5d\0\0\x39\0\0\0\x50\x01\0\0\x11\x5d\0\0\x39\0\0\0\x58\x01\0\0\0\0\0\0\0\
\0\0\x02\xf7\x02\0\0\x18\x5d\0\0\0\0\0\x07\0\0\0\0\x23\x5d\0\0\x05\0\0\x04\x20\
\0\0\0\x2e\x5d\0\0\x02\0\0\0\0\0\0\0\x3f\x5d\0\0\x02\0\0\0\x20\0\0\0\x4b\x5d\0\
\0\xc6\x01\0\0\x40\0\0\0\x5b\x5d\0\0\xf9\x02\0\0\x80\0\0\0\x28\x08\0\0\x7f\0\0\
\0\xc0\0\0\0\0\0\0\0\0\0\0\x02\xfa\x02\0\0\0\0\0\0\0\0\0\x02\xfb\x02\0\0\x6a\
\x5d\0\0\0\0\0\x07\0\0\0\0\x75\x5d\0\0\x10\0\0\x04\xa0\0\0\0\x7f\x5d\0\0\x64\0\
\0\0\0\0\0\0\x88\x5d\0\0\x64\0\0\0\x40\0\0\0\x92\x5d\0\0\x64\0\0\0\x80\0\0\0\
\xa2\x5d\0\0\x64\0\0\0\xc0\0\0\0\xb2\x5d\0\0\x64\0\0\0\0\x01\0\0\xc2\x5d\0\0\
\x64\0\0\0\x40\x01\0\0\xd2\x5d\0\0\x64\0\0\0\x80\x01\0\0\xe2\x5d\0\0\x64\0\0\0\
\xc0\x01\0\0\xf2\x5d\0\0\x64\0\0\0\0\x02\0\0\x02\x5e\0\0\x64\0\0\0\x40\x02\0\0\
\x0e\x5e\0\0\xfd\x02\0\0\x80\x02\0\0\x1d\x5e\0\0\x44\0\0\0\xc0\x02\0\0\x2b\x5e\
\0\0\x5e\x01\0\0\0\x03\0\0\x35\x5e\0\0\xff\x02\0\0\x40\x04\0\0\x3f\x5e\0\0\x01\
\x03\0\0\x80\x04\0\0\x4f\x5e\0\0\x76\0\0\0\xc0\x04\0\0\0\0\0\0\0\0\0\x02\xfe\
\x02\0\0\x58\x5e\0\0\0\0\0\x07\0\0\0\0\0\0\0\0\0\0\0\x02\0\x03\0\0\x6a\x5e\0\0\
\0\0\0\x07\0\0\0\0\0\0\0\0\0\0\0\x02\x02\x03\0\0\x78\x5e\0\0\0\0\0\x07\0\0\0\0\
\x8c\x5e\0\0\x02\0\0\x04\x28\0\0\0\xfb\x17\0\0\x8f\0\0\0\0\0\0\0\x1c\x02\0\0\
\x76\0\0\0\0\x01\0\0\x96\x5e\0\0\x08\0\0\x04\x80\0\0\0\xa1\x5e\0\0\x4f\0\0\0\0\
\0\0\0\xa8\x5e\0\0\x8f\0\0\0\x80\0\0\0\xb2\x5e\0\0\x76\0\0\0\x80\x01\0\0\xb8\
\x5e\0\0\x44\0\0\0\xc0\x01\0\0\xc2\x5e\0\0\x76\0\0\0\0\x02\0\0\xc7\x5e\0\0\x0d\
\0\0\0\x40\x02\0\0\xd3\x5e\0\0\x8f\0\0\0\x80\x02\0\0\xde\x5e\0\0\x4f\0\0\0\x80\
\x03\0\0\xe9\x5e\0\0\x0c\0\0\x04\x60\0\0\0\xf3\x5e\0\0\x06\x03\0\0\0\0\0\0\xfd\
\x5e\0\0\x8f\0\0\0\x40\0\0\0\x0d\x5f\0\0\x08\x03\0\0\x40\x01\0\0\x17\x5f\0\0\
\xa3\0\0\0\x80\x01\0\0\x24\x5f\0\0\x7f\0\0\0\xc0\x01\0\0\x2c\x5f\0\0\x0d\0\0\0\
\0\x02\0\0\x44\x5f\0\0\x0d\0\0\0\x20\x02\0\0\x59\x5f\0\0\x02\0\0\0\x40\x02\0\0\
\x73\x5f\0\0\x02\0\0\0\x60\x02\0\0\x7f\x5f\0\0\x02\0\0\0\x80\x02\0\0\x8b\x5f\0\
\0\x02\0\0\0\xa0\x02\0\0\xa4\x5f\0\0\x02\0\0\0\xc0\x02\0\0\0\0\0\0\0\0\0\x02\
\x07\x03\0\0\xf3\x5e\0\0\0\0\0\x07\0\0\0\0\0\0\0\0\0\0\0\x02\x09\x03\0\0\xbd\
\x5f\0\0\0\0\0\x07\0\0\0\0\xcb\x5f\0\0\x01\0\0\x0c\x36\0\0\0\0\0\0\0\0\0\0\x03\
\0\0\0\0\xd1\0\0\0\x04\0\0\0\x04\0\0\0\xd5\x5f\0\0\0\0\0\x0e\x0b\x03\0\0\x01\0\
\0\0\x94\x43\0\0\0\0\0\x07\0\0\0\0\xdd\x5f\0\0\0\0\0\x07\0\0\0\0\xec\x5f\0\0\0\
\0\0\x07\0\0\0\0\x71\x24\0\0\0\0\0\x07\0\0\0\0\xfb\x5f\0\0\0\0\0\x07\0\0\0\0\
\x0e\x60\0\0\0\0\0\x07\0\0\0\0\x1a\x60\0\0\0\0\0\x07\0\0\0\0\x23\x60\0\0\0\0\0\
\x07\0\0\0\0\x30\x60\0\0\0\0\0\x07\0\0\0\0\x39\x60\0\0\0\0\0\x07\0\0\0\0\x42\
\x60\0\0\0\0\0\x07\0\0\0\0\x4b\x60\0\0\0\0\0\x07\0\0\0\0\xac\x39\0\0\0\0\0\x07\
\0\0\0\0\x5e\x60\0\0\0\0\0\x07\0\0\0\0\x97\x45\0\0\0\0\0\x07\0\0\0\0\x67\x60\0\
\0\0\0\0\x07\0\0\0\0\x6d\x60\0\0\0\0\0\x07\0\0\0\0\x77\x60\0\0\0\0\0\x07\0\0\0\
\0\x25\x30\0\0\0\0\0\x07\0\0\0\0\xba\x38\0\0\0\0\0\x07\0\0\0\0\x7e\x60\0\0\0\0\
\0\x07\0\0\0\0\x88\x60\0\0\0\0\0\x07\0\0\0\0\x94\x60\0\0\0\0\0\x07\0\0\0\0\xa1\
\x60\0\0\0\0\0\x07\0\0\0\0\xac\x60\0\0\0\0\0\x07\0\0\0\0\x08\x3a\0\0\0\0\0\x07\
\0\0\0\0\xb5\x60\0\0\0\0\0\x07\0\0\0\0\xca\x60\0\0\0\0\0\x07\0\0\0\0\xdd\x60\0\
\0\0\0\0\x07\0\0\0\0\xe7\x60\0\0\0\0\0\x07\0\0\0\0\xf5\x60\0\0\0\0\0\x07\0\0\0\
\0\x05\x61\0\0\0\0\0\x07\0\0\0\0\x15\x61\0\0\0\0\0\x07\0\0\0\0\x21\x61\0\0\0\0\
\0\x07\0\0\0\0\x32\x61\0\0\0\0\0\x07\0\0\0\0\x3a\x61\0\0\0\0\0\x07\0\0\0\0\x49\
\x61\0\0\0\0\0\x07\0\0\0\0\x57\x61\0\0\0\0\0\x07\0\0\0\0\x60\x61\0\0\0\0\0\x07\
\0\0\0\0\x6b\x61\0\0\0\0\0\x07\0\0\0\0\x79\x61\0\0\0\0\0\x07\0\0\0\0\x82\x61\0\
\0\0\0\0\x07\0\0\0\0\x95\x61\0\0\0\0\0\x07\0\0\0\0\xa4\x61\0\0\0\0\0\x07\0\0\0\
\0\xaf\x61\0\0\0\0\0\x07\0\0\0\0\xbe\x61\0\0\0\0\0\x07\0\0\0\0\xcc\x61\0\0\0\0\
\0\x07\0\0\0\0\xdb\x61\0\0\0\0\0\x07\0\0\0\0\xed\x61\0\0\0\0\0\x07\0\0\0\0\xf9\
\x61\0\0\0\0\0\x07\0\0\0\0\x07\x62\0\0\0\0\0\x07\0\0\0\0\x16\x62\0\0\0\0\0\x07\
\0\0\0\0\x26\x62\0\0\0\0\0\x07\0\0\0\0\x8f\x46\0\0\0\0\0\x07\0\0\0\0\x31\x62\0\
\0\0\0\0\x07\0\0\0\0\x40\x62\0\0\0\0\0\x07\0\0\0\0\x4d\x62\0\0\0\0\0\x07\0\0\0\
\0\x5a\x62\0\0\0\0\0\x07\0\0\0\0\x64\x62\0\0\0\0\0\x07\0\0\0\0\xd7\x0c\0\0\0\0\
\0\x07\0\0\0\0\x73\x62\0\0\0\0\0\x07\0\0\0\0\x86\x62\0\0\0\0\0\x07\0\0\0\0\x9b\
\x62\0\0\0\0\0\x07\0\0\0\0\xa6\x62\0\0\0\0\0\x07\0\0\0\0\x92\x24\0\0\0\0\0\x07\
\0\0\0\0\xb7\x62\0\0\0\0\0\x07\0\0\0\0\xc3\x62\0\0\0\0\0\x07\0\0\0\0\xd3\x62\0\
\0\0\0\0\x07\0\0\0\0\xde\x62\0\0\0\0\0\x07\0\0\0\0\xf5\x62\0\0\0\0\0\x07\0\0\0\
\0\x52\0\0\0\0\0\0\x07\0\0\0\0\x04\x63\0\0\0\0\0\x07\0\0\0\0\x0c\x63\0\0\0\0\0\
\x07\0\0\0\0\x1b\x63\0\0\0\0\0\x07\0\0\0\0\x5b\x02\0\0\0\0\0\x07\0\0\0\0\xb1\
\x05\0\0\0\0\0\x07\0\0\0\0\x2e\x63\0\0\0\0\0\x07\0\0\0\0\x3d\x63\0\0\0\0\0\x07\
\0\0\0\0\xcd\x02\0\0\0\0\0\x07\0\0\0\0\x68\x06\0\0\0\0\0\x07\0\0\0\0\x46\x63\0\
\0\0\0\0\x07\0\0\0\0\x52\x63\0\0\0\0\0\x07\0\0\0\0\x5a\x63\0\0\0\0\0\x07\0\0\0\
\0\x64\x63\0\0\0\0\0\x07\0\0\0\0\x6c\x63\0\0\0\0\0\x07\0\0\0\0\x7b\x63\0\0\0\0\
\0\x07\0\0\0\0\x89\x63\0\0\0\0\0\x07\0\0\0\0\x93\x63\0\0\0\0\0\x07\0\0\0\0\x9c\
\x63\0\0\0\0\0\x07\0\0\0\0\xa8\x63\0\0\0\0\0\x07\0\0\0\0\xb3\x63\0\0\0\0\0\x07\
\0\0\0\0\xc1\x63\0\0\0\0\0\x07\0\0\0\0\xa1\x0b\0\0\0\0\0\x07\0\0\0\0\xcf\x63\0\
\0\0\0\0\x07\0\0\0\0\xdc\x63\0\0\0\0\0\x07\0\0\0\0\xe8\x63\0\0\0\0\0\x07\0\0\0\
\0\xf6\x63\0\0\0\0\0\x07\0\0\0\0\x04\x64\0\0\0\0\0\x07\0\0\0\0\x13\x64\0\0\0\0\
\0\x07\0\0\0\0\x1f\x64\0\0\0\0\0\x07\0\0\0\0\x2b\x64\0\0\0\0\0\x07\0\0\0\0\x35\
\x64\0\0\0\0\0\x07\0\0\0\0\x42\x64\0\0\0\0\0\x07\0\0\0\0\x4c\x64\0\0\0\0\0\x07\
\0\0\0\0\x57\x64\0\0\0\0\0\x07\0\0\0\0\x60\x64\0\0\0\0\0\x07\0\0\0\0\x6a\x64\0\
\0\0\0\0\x07\0\0\0\0\x79\x64\0\0\0\0\0\x07\0\0\0\0\x8a\x64\0\0\0\0\0\x07\0\0\0\
\0\x9c\x64\0\0\0\0\0\x07\0\0\0\0\xae\x64\0\0\0\0\0\x07\0\0\0\0\x5e\x46\0\0\0\0\
\0\x07\0\0\0\0\xc3\x64\0\0\0\0\0\x07\0\0\0\0\xd3\x64\0\0\0\0\0\x07\0\0\0\0\xdf\
\x64\0\0\0\0\0\x07\0\0\0\0\xf0\x64\0\0\0\0\0\x07\0\0\0\0\xfc\x64\0\0\0\0\0\x07\
\0\0\0\0\x0c\x65\0\0\0\0\0\x07\0\0\0\0\x1d\x65\0\0\0\0\0\x07\0\0\0\0\x50\x23\0\
\0\0\0\0\x07\0\0\0\0\x61\x23\0\0\0\0\0\x07\0\0\0\0\x29\x65\0\0\0\0\0\x07\0\0\0\
\0\x3f\x65\0\0\0\0\0\x07\0\0\0\0\x7d\x24\0\0\0\0\0\x07\0\0\0\0\x88\x24\0\0\0\0\
\0\x07\0\0\0\0\x9e\x24\0\0\0\0\0\x07\0\0\0\0\x4e\x65\0\0\0\0\0\x07\0\0\0\0\x81\
\x25\0\0\0\0\0\x07\0\0\0\0\x58\x65\0\0\0\0\0\x07\0\0\0\0\x61\x65\0\0\0\0\0\x07\
\0\0\0\0\x6c\x65\0\0\0\0\0\x07\0\0\0\0\x7c\x65\0\0\0\0\0\x07\0\0\0\0\x88\x65\0\
\0\0\0\0\x07\0\0\0\0\x97\x65\0\0\0\0\0\x07\0\0\0\0\x9b\x2f\0\0\0\0\0\x07\0\0\0\
\0\xb0\x2f\0\0\0\0\0\x07\0\0\0\0\xad\x65\0\0\0\0\0\x07\0\0\0\0\xb7\x65\0\0\0\0\
\0\x07\0\0\0\0\xd0\x65\0\0\0\0\0\x07\0\0\0\0\xe9\x65\0\0\0\0\0\x07\0\0\0\0\xf0\
\x65\0\0\0\0\0\x07\0\0\0\0\xd4\x3b\0\0\0\0\0\x07\0\0\0\0\xfa\x65\0\0\0\0\0\x07\
\0\0\0\0\x09\x66\0\0\0\0\0\x07\0\0\0\0\x11\x66\0\0\0\0\0\x07\0\0\0\0\x87\x20\0\
\0\0\0\0\x07\0\0\0\0\x1e\x66\0\0\0\0\0\x07\0\0\0\0\x2b\x66\0\0\0\0\0\x07\0\0\0\
\0\xe5\x27\0\0\0\0\0\x07\0\0\0\0\x31\x28\0\0\0\0\0\x07\0\0\0\0\xcd\x28\0\0\0\0\
\0\x07\0\0\0\0\x31\x66\0\0\0\0\0\x07\0\0\0\0\x8b\x27\0\0\0\0\0\x07\0\0\0\0\x42\
\x66\0\0\0\0\0\x07\0\0\0\0\x51\x66\0\0\0\0\0\x07\0\0\0\0\x3c\x28\0\0\0\0\0\x07\
\0\0\0\0\x5d\x66\0\0\0\0\0\x07\0\0\0\0\x6a\x66\0\0\0\0\0\x07\0\0\0\0\xda\x28\0\
\0\0\0\0\x07\0\0\0\0\x9e\x7b\0\0\x05\0\0\x0f\xa8\0\0\0\x17\0\0\0\0\0\0\0\x20\0\
\0\0\x1c\0\0\0\x20\0\0\0\x20\0\0\0\x26\0\0\0\x40\0\0\0\x20\0\0\0\x28\0\0\0\x60\
\0\0\0\x20\0\0\0\x30\0\0\0\x80\0\0\0\x28\0\0\0\xa4\x7b\0\0\x01\0\0\x0f\x04\0\0\
\0\x0c\x03\0\0\0\0\0\0\x04\0\0\0\0\x69\x6e\x74\0\x5f\x5f\x41\x52\x52\x41\x59\
\x5f\x53\x49\x5a\x45\x5f\x54\x59\x50\x45\x5f\x5f\0\x5f\x5f\x75\x36\x34\0\x75\
\x6e\x73\x69\x67\x6e\x65\x64\x20\x6c\x6f\x6e\x67\x20\x6c\x6f\x6e\x67\0\x73\x79\
\x6e\x61\x63\x6b\x5f\x63\x6f\x6e\x6e\x65\x63\x74\x69\x6f\x6e\0\x70\x68\x61\x73\
\x65\0\x68\x61\x73\x5f\x6b\x65\x79\0\x6b\x65\x79\0\x5f\x5f\x75\x33\x32\0\x75\
\x6e\x73\x69\x67\x6e\x65\x64\x20\x69\x6e\x74\0\x73\x79\x6e\x61\x63\x6b\x5f\x6b\
\x65\x79\0\x66\x61\x6d\x69\x6c\x79\0\x70\x72\x6f\x74\x6f\x63\x6f\x6c\0\x70\x61\
\x64\0\x73\x72\x63\0\x64\x73\x74\0\x73\x70\x6f\x72\x74\0\x64\x70\x6f\x72\x74\0\
\x61\x63\x6b\0\x5f\x5f\x75\x31\x36\0\x75\x6e\x73\x69\x67\x6e\x65\x64\x20\x73\
\x68\x6f\x72\x74\0\x5f\x5f\x75\x38\0\x75\x6e\x73\x69\x67\x6e\x65\x64\x20\x63\
\x68\x61\x72\0\x5f\x5f\x62\x65\x31\x36\0\x5f\x5f\x62\x65\x33\x32\0\x74\x79\x70\
\x65\0\x6d\x61\x78\x5f\x65\x6e\x74\x72\x69\x65\x73\0\x76\x61\x6c\x75\x65\0\x73\
\x79\x6e\x61\x63\x6b\x5f\x63\x6f\x6e\x6e\0\x73\x79\x6e\x61\x63\x6b\x5f\x65\x78\
\x70\x65\x63\x74\x61\x74\x69\x6f\x6e\0\x63\x6f\x6f\x6b\x69\x65\0\x73\x79\x6e\
\x61\x63\x6b\x5f\x65\x78\x70\x65\x63\x74\0\x73\x79\x6e\x61\x63\x6b\x5f\x72\x65\
\x63\x6f\x72\x64\0\x76\x65\x72\x73\x69\x6f\x6e\0\x6c\x65\x6e\x67\x74\x68\0\x68\
\x65\x61\x64\x65\x72\x73\0\x73\x79\x6e\x61\x63\x6b\x5f\x73\x63\x72\x61\x74\x63\
\x68\0\x73\x79\x6e\x61\x63\x6b\x5f\x63\x61\x70\x74\x75\x72\x65\0\x6d\x61\x70\
\x5f\x66\x6c\x61\x67\x73\0\x73\x79\x6e\x61\x63\x6b\x5f\x73\x74\x61\x74\x73\0\
\x62\x70\x66\x5f\x6e\x66\x5f\x63\x74\x78\0\x73\x74\x61\x74\x65\0\x73\x6b\x62\0\
\x63\x74\x78\0\x73\x79\x6e\x61\x63\x6b\x5f\x6f\x75\x74\0\x6e\x66\x5f\x68\x6f\
\x6f\x6b\x5f\x73\x74\x61\x74\x65\0\x68\x6f\x6f\x6b\0\x70\x66\0\x69\x6e\0\x6f\
\x75\x74\0\x73\x6b\0\x6e\x65\x74\0\x6f\x6b\x66\x6e\0\x75\x38\0\x70\x61\x73\x73\
\x69\x76\x65\0\x72\x75\x6c\x65\x73\x5f\x6d\x6f\x64\x5f\x6c\x6f\x63\x6b\0\x64\
\x65\x76\x5f\x75\x6e\x72\x65\x67\x5f\x63\x6f\x75\x6e\x74\0\x64\x65\x76\x5f\x62\
\x61\x73\x65\x5f\x73\x65\x71\0\x69\x66\x69\x6e\x64\x65\x78\0\x6e\x73\x69\x64\
\x5f\x6c\x6f\x63\x6b\0\x66\x6e\x68\x65\x5f\x67\x65\x6e\x69\x64\0\x6c\x69\x73\
\x74\0\x65\x78\x69\x74\x5f\x6c\x69\x73\x74\0\x64\x65\x66\x65\x72\x5f\x66\x72\
\x65\x65\x5f\x6c\x69\x73\x74\0\x63\x6c\x65\x61\x6e\x75\x70\x5f\x6c\x69\x73\x74\
\0\x6b\x65\x79\x5f\x64\x6f\x6d\x61\x69\x6e\0\x75\x73\x65\x72\x5f\x6e\x73\0\x75\
\x63\x6f\x75\x6e\x74\x73\0\x6e\x65\x74\x6e\x73\x5f\x69\x64\x73\0\x6e\x73\0\x72\
\x65\x66\x63\x6e\x74\x5f\x74\x72\x61\x63\x6b\x65\x72\0\x6e\x6f\x74\x72\x65\x66\
\x63\x6e\x74\x5f\x74\x72\x61\x63\x6b\x65\x72\0\x64\x65\x76\x5f\x62\x61\x73\x65\
\x5f\x68\x65\x61\x64\0\x70\x72\x6f\x63\x5f\x6e\x65\x74\0\x70\x72\x6f\x63\x5f\
\x6e\x65\x74\x5f\x73\x74\x61\x74\0\x73\x79\x73\x63\x74\x6c\x73\0\x72\x74\x6e\
\x6c\0\x67\x65\x6e\x6c\x5f\x73\x6f\x63\x6b\0\x75\x65\x76\x65\x6e\x74\x5f\x73\
\x6f\x63\x6b\0\x64\x65\x76\x5f\x6e\x61\x6d\x65\x5f\x68\x65\x61\x64\0\x64\x65\
\x76\x5f\x69\x6e\x64\x65\x78\x5f\x68\x65\x61\x64\0\x64\x65\x76\x5f\x62\x79\x5f\
\x69\x6e\x64\x65\x78\0\x6e\x65\x74\x64\x65\x76\x5f\x63\x68\x61\x69\x6e\0\x68\
\x61\x73\x68\x5f\x6d\x69\x78\0\x6c\x6f\x6f\x70\x62\x61\x63\x6b\x5f\x64\x65\x76\
\0\x72\x75\x6c\x65\x73\x5f\x6f\x70\x73\0\x63\x6f\x72\x65\0\x6d\x69\x62\0\x70\
\x61\x63\x6b\x65\x74\0\x75\x6e\x78\0\x6e\x65\x78\x74\x68\x6f\x70\0\x69\x70\x76\
\x34\0\x69\x70\x76\x36\0\x69\x65\x65\x65\x38\x30\x32\x31\x35\x34\x5f\x6c\x6f\
\x77\x70\x61\x6e\0\x73\x63\x74\x70\0\x6e\x66\0\x63\x74\0\x6e\x66\x74\0\x66\x74\
\0\x77\x65\x78\x74\x5f\x6e\x6c\x65\x76\x65\x6e\x74\x73\0\x67\x65\x6e\0\x62\x70\
\x66\0\x78\x66\x72\x6d\0\x6e\x65\x74\x5f\x63\x6f\x6f\x6b\x69\x65\0\x69\x70\x76\
\x73\0\x6d\x70\x6c\x73\0\x63\x61\x6e\0\x78\x64\x70\0\x6d\x63\x74\x70\0\x63\x72\
\x79\x70\x74\x6f\x5f\x6e\x6c\x73\x6b\0\x64\x69\x61\x67\x5f\x6e\x6c\x73\x6b\0\
\x73\x6d\x63\0\x72\x65\x66\x63\x6f\x75\x6e\x74\x5f\x74\0\x72\x65\x66\x63\x6f\
\x75\x6e\x74\x5f\x73\x74\x72\x75\x63\x74\0\x72\x65\x66\x73\0\x61\x74\x6f\x6d\
\x69\x63\x5f\x74\0\x63\x6f\x75\x6e\x74\x65\x72\0\x73\x70\x69\x6e\x6c\x6f\x63\
\x6b\x5f\x74\0\x73\x70\x69\x6e\x6c\x6f\x63\x6b\0\x72\x6c\x6f\x63\x6b\0\x72\x61\
\x77\x5f\x73\x70\x69\x6e\x6c\x6f\x63\x6b\0\x72\x61\x77\x5f\x6c\x6f\x63\x6b\0\
\x61\x72\x63\x68\x5f\x73\x70\x69\x6e\x6c\x6f\x63\x6b\x5f\x74\0\x71\x73\x70\x69\
\x6e\x6c\x6f\x63\x6b\0\x76\x61\x6c\0\x6c\x6f\x63\x6b\x65\x64\0\x70\x65\x6e\x64\
\x69\x6e\x67\0\x6c\x6f\x63\x6b\x65\x64\x5f\x70\x65\x6e\x64\x69\x6e\x67\0\x74\
\x61\x69\x6c\0\x75\x31\x36\0\x75\x33\x32\0\x6c\x69\x73\x74\x5f\x68\x65\x61\x64\
\0\x6e\x65\x78\x74\0\x70\x72\x65\x76\0\x6c\x6c\x69\x73\x74\x5f\x6e\x6f\x64\x65\
\0\x69\x64\x72\0\x69\x64\x72\x5f\x72\x74\0\x69\x64\x72\x5f\x62\x61\x73\x65\0\
\x69\x64\x72\x5f\x6e\x65\x78\x74\0\x78\x61\x72\x72\x61\x79\0\x78\x61\x5f\x6c\
\x6f\x63\x6b\0\x78\x61\x5f\x66\x6c\x61\x67\x73\0\x78\x61\x5f\x68\x65\x61\x64\0\
\x67\x66\x70\x5f\x74\0\x6e\x73\x5f\x63\x6f\x6d\x6d\x6f\x6e\0\x73\x74\x61\x73\
\x68\x65\x64\0\x6f\x70\x73\0\x69\x6e\x75\x6d\0\x63\x6f\x75\x6e\x74\0\x61\x74\
\x6f\x6d\x69\x63\x5f\x6c\x6f\x6e\x67\x5f\x74\0\x61\x74\x6f\x6d\x69\x63\x36\x34\
\x5f\x74\0\x73\x36\x34\0\x5f\x5f\x73\x36\x34\0\x6c\x6f\x6e\x67\x20\x6c\x6f\x6e\
\x67\0\x72\x65\x66\x5f\x74\x72\x61\x63\x6b\x65\x72\x5f\x64\x69\x72\0\x63\x74\
\x6c\x5f\x74\x61\x62\x6c\x65\x5f\x73\x65\x74\0\x69\x73\x5f\x73\x65\x65\x6e\0\
\x64\x69\x72\0\x63\x74\x6c\x5f\x64\x69\x72\0\x68\x65\x61\x64\x65\x72\0\x72\x6f\
\x6f\x74\0\x63\x74\x6c\x5f\x74\x61\x62\x6c\x65\x5f\x68\x65\x61\x64\x65\x72\0\
\x75\x6e\x72\x65\x67\x69\x73\x74\x65\x72\x69\x6e\x67\0\x63\x74\x6c\x5f\x74\x61\
\x62\x6c\x65\x5f\x61\x72\x67\0\x73\x65\x74\0\x70\x61\x72\x65\x6e\x74\0\x6e\x6f\
\x64\x65\0\x69\x6e\x6f\x64\x65\x73\0\x72\x63\x75\0\x63\x74\x6c\x5f\x74\x61\x62\
\x6c\x65\0\x63\x74\x6c\x5f\x74\x61\x62\x6c\x65\x5f\x73\x69\x7a\x65\0\x75\x73\
\x65\x64\0\x6e\x72\x65\x67\0\x63\x61\x6c\x6c\x62\x61\x63\x6b\x5f\x68\x65\x61\
\x64\0\x66\x75\x6e\x63\0\x68\x6c\x69\x73\x74\x5f\x68\x65\x61\x64\0\x66\x69\x72\
\x73\x74\0\x72\x62\x5f\x72\x6f\x6f\x74\0\x72\x62\x5f\x6e\x6f\x64\x65\0\x72\x61\
\x77\x5f\x6e\x6f\x74\x69\x66\x69\x65\x72\x5f\x68\x65\x61\x64\0\x68\x65\x61\x64\
\0\x6e\x65\x74\x6e\x73\x5f\x63\x6f\x72\x65\0\x73\x79\x73\x63\x74\x6c\x5f\x68\
\x64\x72\0\x73\x79\x73\x63\x74\x6c\x5f\x73\x6f\x6d\x61\x78\x63\x6f\x6e\x6e\0\
\x73\x79\x73\x63\x74\x6c\x5f\x6f\x70\x74\x6d\x65\x6d\x5f\x6d\x61\x78\0\x73\x79\
\x73\x63\x74\x6c\x5f\x74\x78\x72\x65\x68\x61\x73\x68\0\x70\x72\x6f\x74\x5f\x69\
\x6e\x75\x73\x65\0\x72\x70\x73\x5f\x64\x65\x66\x61\x75\x6c\x74\x5f\x6d\x61\x73\
\x6b\0\x6e\x65\x74\x6e\x73\x5f\x6d\x69\x62\0\x69\x70\x5f\x73\x74\x61\x74\x69\
\x73\x74\x69\x63\x73\0\x69\x70\x76\x36\x5f\x73\x74\x61\x74\x69\x73\x74\x69\x63\
\x73\0\x74\x63\x70\x5f\x73\x74\x61\x74\x69\x73\x74\x69\x63\x73\0\x6e\x65\x74\
\x5f\x73\x74\x61\x74\x69\x73\x74\x69\x63\x73\0\x75\x64\x70\x5f\x73\x74\x61\x74\
\x69\x73\x74\x69\x63\x73\0\x75\x64\x70\x5f\x73\x74\x61\x74\x73\x5f\x69\x6e\x36\
\0\x78\x66\x72\x6d\x5f\x73\x74\x61\x74\x69\x73\x74\x69\x63\x73\0\x74\x6c\x73\
\x5f\x73\x74\x61\x74\x69\x73\x74\x69\x63\x73\0\x6d\x70\x74\x63\x70\x5f\x73\x74\
\x61\x74\x69\x73\x74\x69\x63\x73\0\x75\x64\x70\x6c\x69\x74\x65\x5f\x73\x74\x61\
\x74\x69\x73\x74\x69\x63\x73\0\x75\x64\x70\x6c\x69\x74\x65\x5f\x73\x74\x61\x74\
\x73\x5f\x69\x6e\x36\0\x69\x63\x6d\x70\x5f\x73\x74\x61\x74\x69\x73\x74\x69\x63\
\x73\0\x69\x63\x6d\x70\x6d\x73\x67\x5f\x73\x74\x61\x74\x69\x73\x74\x69\x63\x73\
\0\x69\x63\x6d\x70\x76\x36\x5f\x73\x74\x61\x74\x69\x73\x74\x69\x63\x73\0\x69\
\x63\x6d\x70\x76\x36\x6d\x73\x67\x5f\x73\x74\x61\x74\x69\x73\x74\x69\x63\x73\0\
\x70\x72\x6f\x63\x5f\x6e\x65\x74\x5f\x64\x65\x76\x73\x6e\x6d\x70\x36\0\x6e\x65\
\x74\x6e\x73\x5f\x70\x61\x63\x6b\x65\x74\0\x73\x6b\x6c\x69\x73\x74\x5f\x6c\x6f\
\x63\x6b\0\x73\x6b\x6c\x69\x73\x74\0\x6d\x75\x74\x65\x78\0\x6f\x77\x6e\x65\x72\
\0\x77\x61\x69\x74\x5f\x6c\x6f\x63\x6b\0\x6f\x73\x71\0\x77\x61\x69\x74\x5f\x6c\
\x69\x73\x74\0\x72\x61\x77\x5f\x73\x70\x69\x6e\x6c\x6f\x63\x6b\x5f\x74\0\x6f\
\x70\x74\x69\x6d\x69\x73\x74\x69\x63\x5f\x73\x70\x69\x6e\x5f\x71\x75\x65\x75\
\x65\0\x6e\x65\x74\x6e\x73\x5f\x75\x6e\x69\x78\0\x74\x61\x62\x6c\x65\0\x73\x79\
\x73\x63\x74\x6c\x5f\x6d\x61\x78\x5f\x64\x67\x72\x61\x6d\x5f\x71\x6c\x65\x6e\0\
\x63\x74\x6c\0\x75\x6e\x69\x78\x5f\x74\x61\x62\x6c\x65\0\x6c\x6f\x63\x6b\x73\0\
\x62\x75\x63\x6b\x65\x74\x73\0\x6e\x65\x74\x6e\x73\x5f\x6e\x65\x78\x74\x68\x6f\
\x70\0\x64\x65\x76\x68\x61\x73\x68\0\x73\x65\x71\0\x6c\x61\x73\x74\x5f\x69\x64\
\x5f\x61\x6c\x6c\x6f\x63\x61\x74\x65\x64\0\x6e\x6f\x74\x69\x66\x69\x65\x72\x5f\
\x63\x68\x61\x69\x6e\0\x62\x6c\x6f\x63\x6b\x69\x6e\x67\x5f\x6e\x6f\x74\x69\x66\
\x69\x65\x72\x5f\x68\x65\x61\x64\0\x72\x77\x73\x65\x6d\0\x72\x77\x5f\x73\x65\
\x6d\x61\x70\x68\x6f\x72\x65\0\x6e\x65\x74\x6e\x73\x5f\x69\x70\x76\x34\0\x5f\
\x5f\x63\x61\x63\x68\x65\x6c\x69\x6e\x65\x5f\x67\x72\x6f\x75\x70\x5f\x62\x65\
\x67\x69\x6e\x5f\x5f\x6e\x65\x74\x6e\x73\x5f\x69\x70\x76\x34\x5f\x72\x65\x61\
\x64\x5f\x74\x78\0\x73\x79\x73\x63\x74\x6c\x5f\x74\x63\x70\x5f\x65\x61\x72\x6c\
\x79\x5f\x72\x65\x74\x72\x61\x6e\x73\0\x73\x79\x73\x63\x74\x6c\x5f\x74\x63\x70\
\x5f\x74\x73\x6f\x5f\x77\x69\x6e\x5f\x64\x69\x76\x69\x73\x6f\x72\0\x73\x79\x73\
\x63\x74\x6c\x5f\x74\x63\x70\x5f\x74\x73\x6f\x5f\x72\x74\x74\x5f\x6c\x6f\x67\0\
\x73\x79\x73\x63\x74\x6c\x5f\x74\x63\x70\x5f\x61\x75\x74\x6f\x63\x6f\x72\x6b\
\x69\x6e\x67\0\x73\x79\x73\x63\x74\x6c\x5f\x74\x63\x70\x5f\x6d\x69\x6e\x5f\x73\
\x6e\x64\x5f\x6d\x73\x73\0\x73\x79\x73\x63\x74\x6c\x5f\x74\x63\x70\x5f\x6e\x6f\
\x74\x73\x65\x6e\x74\x5f\x6c\x6f\x77\x61\x74\0\x73\x79\x73\x63\x74\x6c\x5f\x74\
\x63\x70\x5f\x6c\x69\x6d\x69\x74\x5f\x6f\x75\x74\x70\x75\x74\x5f\x62\x79\x74\
\x65\x73\0\x73\x79\x73\x63\x74\x6c\x5f\x74\x63\x70\x5f\x6d\x69\x6e\x5f\x72\x74\
\x74\x5f\x77\x6c\x65\x6e\0\x73\x79\x73\x63\x74\x6c\x5f\x74\x63\x70\x5f\x77\x6d\
\x65\x6d\0\x73\x79\x73\x63\x74\x6c\x5f\x69\x70\x5f\x66\x77\x64\x5f\x75\x73\x65\
\x5f\x70\x6d\x74\x75\0\x5f\x5f\x63\x61\x63\x68\x65\x6c\x69\x6e\x65\x5f\x67\x72\
\x6f\x75\x70\x5f\x65\x6e\x64\x5f\x5f\x6e\x65\x74\x6e\x73\x5f\x69\x70\x76\x34\
\x5f\x72\x65\x61\x64\x5f\x74\x78\0\x5f\x5f\x63\x61\x63\x68\x65\x6c\x69\x6e\x65\
\x5f\x67\x72\x6f\x75\x70\x5f\x62\x65\x67\x69\x6e\x5f\x5f\x6e\x65\x74\x6e\x73\
\x5f\x69\x70\x76\x34\x5f\x72\x65\x61\x64\x5f\x74\x78\x72\x78\0\x73\x79\x73\x63\
\x74\x6c\x5f\x74\x63\x70\x5f\x6d\x6f\x64\x65\x72\x61\x74\x65\x5f\x72\x63\x76\
\x62\x75\x66\0\x5f\x5f\x63\x61\x63\x68\x65\x6c\x69\x6e\x65\x5f\x67\x72\x6f\x75\
\x70\x5f\x65\x6e\x64\x5f\x5f\x6e\x65\x74\x6e\x73\x5f\x69\x70\x76\x34\x5f\x72\
\x65\x61\x64\x5f\x74\x78\x72\x78\0\x5f\x5f\x63\x61\x63\x68\x65\x6c\x69\x6e\x65\
\x5f\x67\x72\x6f\x75\x70\x5f\x62\x65\x67\x69\x6e\x5f\x5f\x6e\x65\x74\x6e\x73\
\x5f\x69\x70\x76\x34\x5f\x72\x65\x61\x64\x5f\x72\x78\0\x73\x79\x73\x63\x74\x6c\
\x5f\x69\x70\x5f\x65\x61\x72\x6c\x79\x5f\x64\x65\x6d\x75\x78\0\x73\x79\x73\x63\
\x74\x6c\x5f\x74\x63\x70\x5f\x65\x61\x72\x6c\x79\x5f\x64\x65\x6d\x75\x78\0\x73\
\x79\x73\x63\x74\x6c\x5f\x74\x63\x70\x5f\x72\x65\x6f\x72\x64\x65\x72\x69\x6e\
\x67\0\x73\x79\x73\x63\x74\x6c\x5f\x74\x63\x70\x5f\x72\x6d\x65\x6d\0\x5f\x5f\
\x63\x61\x63\x68\x65\x6c\x69\x6e\x65\x5f\x67\x72\x6f\x75\x70\x5f\x65\x6e\x64\
\x5f\x5f\x6e\x65\x74\x6e\x73\x5f\x69\x70\x76\x34\x5f\x72\x65\x61\x64\x5f\x72\
\x78\0\x5f\x5f\x63\x61\x63\x68\x65\x6c\x69\x6e\x65\x5f\x67\x72\x6f\x75\x70\x5f\
\x62\x65\x67\x69\x6e\x5f\x5f\x69\x63\x6d\x70\0\x69\x63\x6d\x70\x5f\x67\x6c\x6f\
\x62\x61\x6c\x5f\x63\x72\x65\x64\x69\x74\0\x69\x63\x6d\x70\x5f\x67\x6c\x6f\x62\
\x61\x6c\x5f\x73\x74\x61\x6d\x70\0\x5f\x5f\x63\x61\x63\x68\x65\x6c\x69\x6e\x65\
\x5f\x67\x72\x6f\x75\x70\x5f\x65\x6e\x64\x5f\x5f\x69\x63\x6d\x70\0\x5f\x5f\x63\
\x61\x63\x68\x65\x6c\x69\x6e\x65\x5f\x67\x72\x6f\x75\x70\x5f\x70\x61\x64\x5f\
\x5f\x69\x63\x6d\x70\0\x74\x63\x70\x5f\x64\x65\x61\x74\x68\x5f\x72\x6f\x77\0\
\x75\x64\x70\x5f\x74\x61\x62\x6c\x65\0\x66\x6f\x72\x77\x5f\x68\x64\x72\0\x66\
\x72\x61\x67\x73\x5f\x68\x64\x72\0\x69\x70\x76\x34\x5f\x68\x64\x72\0\x72\x6f\
\x75\x74\x65\x5f\x68\x64\x72\0\x78\x66\x72\x6d\x34\x5f\x68\x64\x72\0\x64\x65\
\x76\x63\x6f\x6e\x66\x5f\x61\x6c\x6c\0\x64\x65\x76\x63\x6f\x6e\x66\x5f\x64\x66\
\x6c\x74\0\x72\x61\x5f\x63\x68\x61\x69\x6e\0\x72\x61\x5f\x6d\x75\x74\x65\x78\0\
\x66\x69\x62\x5f\x6d\x61\x69\x6e\0\x66\x69\x62\x5f\x64\x65\x66\x61\x75\x6c\x74\
\0\x66\x69\x62\x5f\x72\x75\x6c\x65\x73\x5f\x72\x65\x71\x75\x69\x72\x65\x5f\x66\
\x6c\x64\x69\x73\x73\x65\x63\x74\0\x66\x69\x62\x5f\x68\x61\x73\x5f\x63\x75\x73\
\x74\x6f\x6d\x5f\x72\x75\x6c\x65\x73\0\x66\x69\x62\x5f\x68\x61\x73\x5f\x63\x75\
\x73\x74\x6f\x6d\x5f\x6c\x6f\x63\x61\x6c\x5f\x72\x6f\x75\x74\x65\x73\0\x66\x69\
\x62\x5f\x6f\x66\x66\x6c\x6f\x61\x64\x5f\x64\x69\x73\x61\x62\x6c\x65\x64\0\x73\
\x79\x73\x63\x74\x6c\x5f\x74\x63\x70\x5f\x73\x68\x72\x69\x6e\x6b\x5f\x77\x69\
\x6e\x64\x6f\x77\0\x66\x69\x62\x5f\x6e\x75\x6d\x5f\x74\x63\x6c\x61\x73\x73\x69\
\x64\x5f\x75\x73\x65\x72\x73\0\x66\x69\x62\x5f\x74\x61\x62\x6c\x65\x5f\x68\x61\
\x73\x68\0\x66\x69\x62\x6e\x6c\0\x6d\x63\x5f\x61\x75\x74\x6f\x6a\x6f\x69\x6e\
\x5f\x73\x6b\0\x70\x65\x65\x72\x73\0\x66\x71\x64\x69\x72\0\x73\x79\x73\x63\x74\
\x6c\x5f\x69\x63\x6d\x70\x5f\x65\x63\x68\x6f\x5f\x69\x67\x6e\x6f\x72\x65\x5f\
\x61\x6c\x6c\0\x73\x79\x73\x63\x74\x6c\x5f\x69\x63\x6d\x70\x5f\x65\x63\x68\x6f\
\x5f\x65\x6e\x61\x62\x6c\x65\x5f\x70\x72\x6f\x62\x65\0\x73\x79\x73\x63\x74\x6c\
\x5f\x69\x63\x6d\x70\x5f\x65\x63\x68\x6f\x5f\x69\x67\x6e\x6f\x72\x65\x5f\x62\
\x72\x6f\x61\x64\x63\x61\x73\x74\x73\0\x73\x79\x73\x63\x74\x6c\x5f\x69\x63\x6d\
\x70\x5f\x69\x67\x6e\x6f\x72\x65\x5f\x62\x6f\x67\x75\x73\x5f\x65\x72\x72\x6f\
\x72\x5f\x72\x65\x73\x70\x6f\x6e\x73\x65\x73\0\x73\x79\x73\x63\x74\x6c\x5f\x69\
\x63\x6d\x70\x5f\x65\x72\x72\x6f\x72\x73\x5f\x75\x73\x65\x5f\x69\x6e\x62\x6f\
\x75\x6e\x64\x5f\x69\x66\x61\x64\x64\x72\0\x73\x79\x73\x63\x74\x6c\x5f\x69\x63\
\x6d\x70\x5f\x72\x61\x74\x65\x6c\x69\x6d\x69\x74\0\x73\x79\x73\x63\x74\x6c\x5f\
\x69\x63\x6d\x70\x5f\x72\x61\x74\x65\x6d\x61\x73\x6b\0\x73\x79\x73\x63\x74\x6c\
\x5f\x69\x63\x6d\x70\x5f\x6d\x73\x67\x73\x5f\x70\x65\x72\x5f\x73\x65\x63\0\x73\
\x79\x73\x63\x74\x6c\x5f\x69\x63\x6d\x70\x5f\x6d\x73\x67\x73\x5f\x62\x75\x72\
\x73\x74\0\x69\x70\x5f\x72\x74\x5f\x6d\x69\x6e\x5f\x70\x6d\x74\x75\0\x69\x70\
\x5f\x72\x74\x5f\x6d\x74\x75\x5f\x65\x78\x70\x69\x72\x65\x73\0\x69\x70\x5f\x72\
\x74\x5f\x6d\x69\x6e\x5f\x61\x64\x76\x6d\x73\x73\0\x69\x70\x5f\x6c\x6f\x63\x61\
\x6c\x5f\x70\x6f\x72\x74\x73\0\x73\x79\x73\x63\x74\x6c\x5f\x74\x63\x70\x5f\x65\
\x63\x6e\0\x73\x79\x73\x63\x74\x6c\x5f\x74\x63\x70\x5f\x65\x63\x6e\x5f\x66\x61\
\x6c\x6c\x62\x61\x63\x6b\0\x73\x79\x73\x63\x74\x6c\x5f\x69\x70\x5f\x64\x65\x66\
\x61\x75\x6c\x74\x5f\x74\x74\x6c\0\x73\x79\x73\x63\x74\x6c\x5f\x69\x70\x5f\x6e\
\x6f\x5f\x70\x6d\x74\x75\x5f\x64\x69\x73\x63\0\x73\x79\x73\x63\x74\x6c\x5f\x69\
\x70\x5f\x66\x77\x64\x5f\x75\x70\x64\x61\x74\x65\x5f\x70\x72\x69\x6f\x72\x69\
\x74\x79\0\x73\x79\x73\x63\x74\x6c\x5f\x69\x70\x5f\x6e\x6f\x6e\x6c\x6f\x63\x61\
\x6c\x5f\x62\x69\x6e\x64\0\x73\x79\x73\x63\x74\x6c\x5f\x69\x70\x5f\x61\x75\x74\
\x6f\x62\x69\x6e\x64\x5f\x72\x65\x75\x73\x65\0\x73\x79\x73\x63\x74\x6c\x5f\x69\
\x70\x5f\x64\x79\x6e\x61\x64\x64\x72\0\x73\x79\x73\x63\x74\x6c\x5f\x72\x61\x77\
\x5f\x6c\x33\x6d\x64\x65\x76\x5f\x61\x63\x63\x65\x70\x74\0\x73\x79\x73\x63\x74\
\x6c\x5f\x75\x64\x70\x5f\x65\x61\x72\x6c\x79\x5f\x64\x65\x6d\x75\x78\0\x73\x79\
\x73\x63\x74\x6c\x5f\x6e\x65\x78\x74\x68\x6f\x70\x5f\x63\x6f\x6d\x70\x61\x74\
\x5f\x6d\x6f\x64\x65\0\x73\x79\x73\x63\x74\x6c\x5f\x66\x77\x6d\x61\x72\x6b\x5f\
\x72\x65\x66\x6c\x65\x63\x74\0\x73\x79\x73\x63\x74\x6c\x5f\x74\x63\x70\x5f\x66\
\x77\x6d\x61\x72\x6b\x5f\x61\x63\x63\x65\x70\x74\0\x73\x79\x73\x63\x74\x6c\x5f\
\x74\x63\x70\x5f\x6c\x33\x6d\x64\x65\x76\x5f\x61\x63\x63\x65\x70\x74\0\x73\x79\
\x73\x63\x74\x6c\x5f\x74\x63\x70\x5f\x6d\x74\x75\x5f\x70\x72\x6f\x62\x69\x6e\
\x67\0\x73\x79\x73\x63\x74\x6c\x5f\x74\x63\x70\x5f\x6d\x74\x75\x5f\x70\x72\x6f\
\x62\x65\x5f\x66\x6c\x6f\x6f\x72\0\x73\x79\x73\x63\x74\x6c\x5f\x74\x63\x70\x5f\
\x62\x61\x73\x65\x5f\x6d\x73\x73\0\x73\x79\x73\x63\x74\x6c\x5f\x74\x63\x70\x5f\
\x70\x72\x6f\x62\x65\x5f\x74\x68\x72\x65\x73\x68\x6f\x6c\x64\0\x73\x79\x73\x63\
\x74\x6c\x5f\x74\x63\x70\x5f\x70\x72\x6f\x62\x65\x5f\x69\x6e\x74\x65\x72\x76\
\x61\x6c\0\x73\x79\x73\x63\x74\x6c\x5f\x74\x63\x70\x5f\x6b\x65\x65\x70\x61\x6c\
\x69\x76\x65\x5f\x74\x69\x6d\x65\0\x73\x79\x73\x63\x74\x6c\x5f\x74\x63\x70\x5f\
\x6b\x65\x65\x70\x61\x6c\x69\x76\x65\x5f\x69\x6e\x74\x76\x6c\0\x73\x79\x73\x63\
\x74\x6c\x5f\x74\x63\x70\x5f\x6b\x65\x65\x70\x61\x6c\x69\x76\x65\x5f\x70\x72\
\x6f\x62\x65\x73\0\x73\x79\x73\x63\x74\x6c\x5f\x74\x63\x70\x5f\x73\x79\x6e\x5f\
\x72\x65\x74\x72\x69\x65\x73\0\x73\x79\x73\x63\x74\x6c\x5f\x74\x63\x70\x5f\x73\
\x79\x6e\x61\x63\x6b\x5f\x72\x65\x74\x72\x69\x65\x73\0\x73\x79\x73\x63\x74\x6c\
\x5f\x74\x63\x70\x5f\x73\x79\x6e\x63\x6f\x6f\x6b\x69\x65\x73\0\x73\x79\x73\x63\
\x74\x6c\x5f\x74\x63\x70\x5f\x6d\x69\x67\x72\x61\x74\x65\x5f\x72\x65\x71\0\x73\
\x79\x73\x63\x74\x6c\x5f\x74\x63\x70\x5f\x63\x6f\x6d\x70\x5f\x73\x61\x63\x6b\
\x5f\x6e\x72\0\x73\x79\x73\x63\x74\x6c\x5f\x74\x63\x70\x5f\x62\x61\x63\x6b\x6c\
\x6f\x67\x5f\x61\x63\x6b\x5f\x64\x65\x66\x65\x72\0\x73\x79\x73\x63\x74\x6c\x5f\
\x74\x63\x70\x5f\x70\x69\x6e\x67\x70\x6f\x6e\x67\x5f\x74\x68\x72\x65\x73\x68\0\
\x73\x79\x73\x63\x74\x6c\x5f\x74\x63\x70\x5f\x72\x65\x74\x72\x69\x65\x73\x31\0\
\x73\x79\x73\x63\x74\x6c\x5f\x74\x63\x70\x5f\x72\x65\x74\x72\x69\x65\x73\x32\0\
\x73\x79\x73\x63\x74\x6c\x5f\x74\x63\x70\x5f\x6f\x72\x70\x68\x61\x6e\x5f\x72\
\x65\x74\x72\x69\x65\x73\0\x73\x79\x73\x63\x74\x6c\x5f\x74\x63\x70\x5f\x74\x77\
\x5f\x72\x65\x75\x73\x65\0\x73\x79\x73\x63\x74\x6c\x5f\x74\x63\x70\x5f\x66\x69\
\x6e\x5f\x74\x69\x6d\x65\x6f\x75\x74\0\x73\x79\x73\x63\x74\x6c\x5f\x74\x63\x70\
\x5f\x73\x61\x63\x6b\0\x73\x79\x73\x63\x74\x6c\x5f\x74\x63\x70\x5f\x77\x69\x6e\
\x64\x6f\x77\x5f\x73\x63\x61\x6c\x69\x6e\x67\0\x73\x79\x73\x63\x74\x6c\x5f\x74\
\x63\x70\x5f\x74\x69\x6d\x65\x73\x74\x61\x6d\x70\x73\0\x73\x79\x73\x63\x74\x6c\
\x5f\x74\x63\x70\x5f\x72\x65\x63\x6f\x76\x65\x72\x79\0\x73\x79\x73\x63\x74\x6c\
\x5f\x74\x63\x70\x5f\x74\x68\x69\x6e\x5f\x6c\x69\x6e\x65\x61\x72\x5f\x74\x69\
\x6d\x65\x6f\x75\x74\x73\0\x73\x79\x73\x63\x74\x6c\x5f\x74\x63\x70\x5f\x73\x6c\
\x6f\x77\x5f\x73\x74\x61\x72\x74\x5f\x61\x66\x74\x65\x72\x5f\x69\x64\x6c\x65\0\
\x73\x79\x73\x63\x74\x6c\x5f\x74\x63\x70\x5f\x72\x65\x74\x72\x61\x6e\x73\x5f\
\x63\x6f\x6c\x6c\x61\x70\x73\x65\0\x73\x79\x73\x63\x74\x6c\x5f\x74\x63\x70\x5f\
\x73\x74\x64\x75\x72\x67\0\x73\x79\x73\x63\x74\x6c\x5f\x74\x63\x70\x5f\x72\x66\
\x63\x31\x33\x33\x37\0\x73\x79\x73\x63\x74\x6c\x5f\x74\x63\x70\x5f\x61\x62\x6f\
\x72\x74\x5f\x6f\x6e\x5f\x6f\x76\x65\x72\x66\x6c\x6f\x77\0\x73\x79\x73\x63\x74\
\x6c\x5f\x74\x63\x70\x5f\x66\x61\x63\x6b\0\x73\x79\x73\x63\x74\x6c\x5f\x74\x63\
\x70\x5f\x6d\x61\x78\x5f\x72\x65\x6f\x72\x64\x65\x72\x69\x6e\x67\0\x73\x79\x73\
\x63\x74\x6c\x5f\x74\x63\x70\x5f\x61\x64\x76\x5f\x77\x69\x6e\x5f\x73\x63\x61\
\x6c\x65\0\x73\x79\x73\x63\x74\x6c\x5f\x74\x63\x70\x5f\x64\x73\x61\x63\x6b\0\
\x73\x79\x73\x63\x74\x6c\x5f\x74\x63\x70\x5f\x61\x70\x70\x5f\x77\x69\x6e\0\x73\
\x79\x73\x63\x74\x6c\x5f\x74\x63\x70\x5f\x66\x72\x74\x6f\0\x73\x79\x73\x63\x74\
\x6c\x5f\x74\x63\x70\x5f\x6e\x6f\x6d\x65\x74\x72\x69\x63\x73\x5f\x73\x61\x76\
\x65\0\x73\x79\x73\x63\x74\x6c\x5f\x74\x63\x70\x5f\x6e\x6f\x5f\x73\x73\x74\x68\
\x72\x65\x73\x68\x5f\x6d\x65\x74\x72\x69\x63\x73\x5f\x73\x61\x76\x65\0\x73\x79\
\x73\x63\x74\x6c\x5f\x74\x63\x70\x5f\x77\x6f\x72\x6b\x61\x72\x6f\x75\x6e\x64\
\x5f\x73\x69\x67\x6e\x65\x64\x5f\x77\x69\x6e\x64\x6f\x77\x73\0\x73\x79\x73\x63\
\x74\x6c\x5f\x74\x63\x70\x5f\x63\x68\x61\x6c\x6c\x65\x6e\x67\x65\x5f\x61\x63\
\x6b\x5f\x6c\x69\x6d\x69\x74\0\x73\x79\x73\x63\x74\x6c\x5f\x74\x63\x70\x5f\x6d\
\x69\x6e\x5f\x74\x73\x6f\x5f\x73\x65\x67\x73\0\x73\x79\x73\x63\x74\x6c\x5f\x74\
\x63\x70\x5f\x72\x65\x66\x6c\x65\x63\x74\x5f\x74\x6f\x73\0\x73\x79\x73\x63\x74\
\x6c\x5f\x74\x63\x70\x5f\x69\x6e\x76\x61\x6c\x69\x64\x5f\x72\x61\x74\x65\x6c\
\x69\x6d\x69\x74\0\x73\x79\x73\x63\x74\x6c\x5f\x74\x63\x70\x5f\x70\x61\x63\x69\
\x6e\x67\x5f\x73\x73\x5f\x72\x61\x74\x69\x6f\0\x73\x79\x73\x63\x74\x6c\x5f\x74\
\x63\x70\x5f\x70\x61\x63\x69\x6e\x67\x5f\x63\x61\x5f\x72\x61\x74\x69\x6f\0\x73\
\x79\x73\x63\x74\x6c\x5f\x74\x63\x70\x5f\x63\x68\x69\x6c\x64\x5f\x65\x68\x61\
\x73\x68\x5f\x65\x6e\x74\x72\x69\x65\x73\0\x73\x79\x73\x63\x74\x6c\x5f\x74\x63\
\x70\x5f\x63\x6f\x6d\x70\x5f\x73\x61\x63\x6b\x5f\x64\x65\x6c\x61\x79\x5f\x6e\
\x73\0\x73\x79\x73\x63\x74\x6c\x5f\x74\x63\x70\x5f\x63\x6f\x6d\x70\x5f\x73\x61\
\x63\x6b\x5f\x73\x6c\x61\x63\x6b\x5f\x6e\x73\0\x73\x79\x73\x63\x74\x6c\x5f\x6d\
\x61\x78\x5f\x73\x79\x6e\x5f\x62\x61\x63\x6b\x6c\x6f\x67\0\x73\x79\x73\x63\x74\
\x6c\x5f\x74\x63\x70\x5f\x66\x61\x73\x74\x6f\x70\x65\x6e\0\x74\x63\x70\x5f\x63\
\x6f\x6e\x67\x65\x73\x74\x69\x6f\x6e\x5f\x63\x6f\x6e\x74\x72\x6f\x6c\0\x74\x63\
\x70\x5f\x66\x61\x73\x74\x6f\x70\x65\x6e\x5f\x63\x74\x78\0\x73\x79\x73\x63\x74\
\x6c\x5f\x74\x63\x70\x5f\x66\x61\x73\x74\x6f\x70\x65\x6e\x5f\x62\x6c\x61\x63\
\x6b\x68\x6f\x6c\x65\x5f\x74\x69\x6d\x65\x6f\x75\x74\0\x74\x66\x6f\x5f\x61\x63\
\x74\x69\x76\x65\x5f\x64\x69\x73\x61\x62\x6c\x65\x5f\x74\x69\x6d\x65\x73\0\x74\
\x66\x6f\x5f\x61\x63\x74\x69\x76\x65\x5f\x64\x69\x73\x61\x62\x6c\x65\x5f\x73\
\x74\x61\x6d\x70\0\x74\x63\x70\x5f\x63\x68\x61\x6c\x6c\x65\x6e\x67\x65\x5f\x74\
\x69\x6d\x65\x73\x74\x61\x6d\x70\0\x74\x63\x70\x5f\x63\x68\x61\x6c\x6c\x65\x6e\
\x67\x65\x5f\x63\x6f\x75\x6e\x74\0\x73\x79\x73\x63\x74\x6c\x5f\x74\x63\x70\x5f\
\x70\x6c\x62\x5f\x65\x6e\x61\x62\x6c\x65\x64\0\x73\x79\x73\x63\x74\x6c\x5f\x74\
\x63\x70\x5f\x70\x6c\x62\x5f\x69\x64\x6c\x65\x5f\x72\x65\x68\x61\x73\x68\x5f\
\x72\x6f\x75\x6e\x64\x73\0\x73\x79\x73\x63\x74\x6c\x5f\x74\x63\x70\x5f\x70\x6c\
\x62\x5f\x72\x65\x68\x61\x73\x68\x5f\x72\x6f\x75\x6e\x64\x73\0\x73\x79\x73\x63\
\x74\x6c\x5f\x74\x63\x70\x5f\x70\x6c\x62\x5f\x73\x75\x73\x70\x65\x6e\x64\x5f\
\x72\x74\x6f\x5f\x73\x65\x63\0\x73\x79\x73\x63\x74\x6c\x5f\x74\x63\x70\x5f\x70\
\x6c\x62\x5f\x63\x6f\x6e\x67\x5f\x74\x68\x72\x65\x73\x68\0\x73\x79\x73\x63\x74\
\x6c\x5f\x75\x64\x70\x5f\x77\x6d\x65\x6d\x5f\x6d\x69\x6e\0\x73\x79\x73\x63\x74\
\x6c\x5f\x75\x64\x70\x5f\x72\x6d\x65\x6d\x5f\x6d\x69\x6e\0\x73\x79\x73\x63\x74\
\x6c\x5f\x66\x69\x62\x5f\x6e\x6f\x74\x69\x66\x79\x5f\x6f\x6e\x5f\x66\x6c\x61\
\x67\x5f\x63\x68\x61\x6e\x67\x65\0\x73\x79\x73\x63\x74\x6c\x5f\x74\x63\x70\x5f\
\x73\x79\x6e\x5f\x6c\x69\x6e\x65\x61\x72\x5f\x74\x69\x6d\x65\x6f\x75\x74\x73\0\
\x73\x79\x73\x63\x74\x6c\x5f\x75\x64\x70\x5f\x6c\x33\x6d\x64\x65\x76\x5f\x61\
\x63\x63\x65\x70\x74\0\x73\x79\x73\x63\x74\x6c\x5f\x69\x67\x6d\x70\x5f\x6c\x6c\
\x6d\x5f\x72\x65\x70\x6f\x72\x74\x73\0\x73\x79\x73\x63\x74\x6c\x5f\x69\x67\x6d\
\x70\x5f\x6d\x61\x78\x5f\x6d\x65\x6d\x62\x65\x72\x73\x68\x69\x70\x73\0\x73\x79\
\x73\x63\x74\x6c\x5f\x69\x67\x6d\x70\x5f\x6d\x61\x78\x5f\x6d\x73\x66\0\x73\x79\
\x73\x63\x74\x6c\x5f\x69\x67\x6d\x70\x5f\x71\x72\x76\0\x70\x69\x6e\x67\x5f\x67\
\x72\x6f\x75\x70\x5f\x72\x61\x6e\x67\x65\0\x64\x65\x76\x5f\x61\x64\x64\x72\x5f\
\x67\x65\x6e\x69\x64\0\x73\x79\x73\x63\x74\x6c\x5f\x75\x64\x70\x5f\x63\x68\x69\
\x6c\x64\x5f\x68\x61\x73\x68\x5f\x65\x6e\x74\x72\x69\x65\x73\0\x73\x79\x73\x63\
\x74\x6c\x5f\x6c\x6f\x63\x61\x6c\x5f\x72\x65\x73\x65\x72\x76\x65\x64\x5f\x70\
\x6f\x72\x74\x73\0\x73\x79\x73\x63\x74\x6c\x5f\x69\x70\x5f\x70\x72\x6f\x74\x5f\
\x73\x6f\x63\x6b\0\x6d\x72\x5f\x74\x61\x62\x6c\x65\x73\0\x6d\x72\x5f\x72\x75\
\x6c\x65\x73\x5f\x6f\x70\x73\0\x73\x79\x73\x63\x74\x6c\x5f\x66\x69\x62\x5f\x6d\
\x75\x6c\x74\x69\x70\x61\x74\x68\x5f\x68\x61\x73\x68\x5f\x66\x69\x65\x6c\x64\
\x73\0\x73\x79\x73\x63\x74\x6c\x5f\x66\x69\x62\x5f\x6d\x75\x6c\x74\x69\x70\x61\
\x74\x68\x5f\x75\x73\x65\x5f\x6e\x65\x69\x67\x68\0\x73\x79\x73\x63\x74\x6c\x5f\
\x66\x69\x62\x5f\x6d\x75\x6c\x74\x69\x70\x61\x74\x68\x5f\x68\x61\x73\x68\x5f\
\x70\x6f\x6c\x69\x63\x79\0\x6e\x6f\x74\x69\x66\x69\x65\x72\x5f\x6f\x70\x73\0\
\x66\x69\x62\x5f\x73\x65\x71\0\x69\x70\x6d\x72\x5f\x6e\x6f\x74\x69\x66\x69\x65\
\x72\x5f\x6f\x70\x73\0\x69\x70\x6d\x72\x5f\x73\x65\x71\0\x72\x74\x5f\x67\x65\
\x6e\x69\x64\0\x69\x70\x5f\x69\x64\x5f\x6b\x65\x79\0\x69\x6e\x65\x74\x5f\x74\
\x69\x6d\x65\x77\x61\x69\x74\x5f\x64\x65\x61\x74\x68\x5f\x72\x6f\x77\0\x74\x77\
\x5f\x72\x65\x66\x63\x6f\x75\x6e\x74\0\x68\x61\x73\x68\x69\x6e\x66\x6f\0\x73\
\x79\x73\x63\x74\x6c\x5f\x6d\x61\x78\x5f\x74\x77\x5f\x62\x75\x63\x6b\x65\x74\
\x73\0\x62\x6f\x6f\x6c\0\x5f\x42\x6f\x6f\x6c\0\x6c\x6f\x63\x61\x6c\x5f\x70\x6f\
\x72\x74\x73\0\x72\x61\x6e\x67\x65\0\x77\x61\x72\x6e\x65\x64\0\x75\x6e\x73\x69\
\x67\x6e\x65\x64\x20\x6c\x6f\x6e\x67\0\x6c\x6f\x63\x6b\0\x73\x65\x71\x6c\x6f\
\x63\x6b\x5f\x74\0\x73\x65\x71\x63\x6f\x75\x6e\x74\0\x73\x65\x71\x63\x6f\x75\
\x6e\x74\x5f\x73\x70\x69\x6e\x6c\x6f\x63\x6b\x5f\x74\0\x73\x65\x71\x63\x6f\x75\
\x6e\x74\x5f\x73\x70\x69\x6e\x6c\x6f\x63\x6b\0\x73\x65\x71\x63\x6f\x75\x6e\x74\
\x5f\x74\0\x73\x65\x71\x75\x65\x6e\x63\x65\0\x6b\x67\x69\x64\x5f\x74\0\x67\x69\
\x64\x5f\x74\0\x5f\x5f\x6b\x65\x72\x6e\x65\x6c\x5f\x67\x69\x64\x33\x32\x5f\x74\
\0\x73\x69\x70\x68\x61\x73\x68\x5f\x6b\x65\x79\x5f\x74\0\x75\x36\x34\0\x6e\x65\
\x74\x6e\x73\x5f\x69\x70\x76\x36\0\x69\x70\x36\x5f\x64\x73\x74\x5f\x6f\x70\x73\
\0\x73\x79\x73\x63\x74\x6c\0\x66\x69\x62\x36\x5f\x6e\x75\x6c\x6c\x5f\x65\x6e\
\x74\x72\x79\0\x69\x70\x36\x5f\x6e\x75\x6c\x6c\x5f\x65\x6e\x74\x72\x79\0\x72\
\x74\x36\x5f\x73\x74\x61\x74\x73\0\x69\x70\x36\x5f\x66\x69\x62\x5f\x74\x69\x6d\
\x65\x72\0\x66\x69\x62\x36\x5f\x6d\x61\x69\x6e\x5f\x74\x62\x6c\0\x66\x69\x62\
\x36\x5f\x77\x61\x6c\x6b\x65\x72\x73\0\x66\x69\x62\x36\x5f\x77\x61\x6c\x6b\x65\
\x72\x5f\x6c\x6f\x63\x6b\0\x66\x69\x62\x36\x5f\x67\x63\x5f\x6c\x6f\x63\x6b\0\
\x69\x70\x36\x5f\x72\x74\x5f\x67\x63\x5f\x65\x78\x70\x69\x72\x65\0\x69\x70\x36\
\x5f\x72\x74\x5f\x6c\x61\x73\x74\x5f\x67\x63\0\x66\x6c\x6f\x77\x6c\x61\x62\x65\
\x6c\x5f\x68\x61\x73\x5f\x65\x78\x63\x6c\0\x66\x69\x62\x36\x5f\x68\x61\x73\x5f\
\x63\x75\x73\x74\x6f\x6d\x5f\x72\x75\x6c\x65\x73\0\x66\x69\x62\x36\x5f\x72\x75\
\x6c\x65\x73\x5f\x72\x65\x71\x75\x69\x72\x65\x5f\x66\x6c\x64\x69\x73\x73\x65\
\x63\x74\0\x66\x69\x62\x36\x5f\x72\x6f\x75\x74\x65\x73\x5f\x72\x65\x71\x75\x69\
\x72\x65\x5f\x73\x72\x63\0\x69\x70\x36\x5f\x70\x72\x6f\x68\x69\x62\x69\x74\x5f\
\x65\x6e\x74\x72\x79\0\x69\x70\x36\x5f\x62\x6c\x6b\x5f\x68\x6f\x6c\x65\x5f\x65\
\x6e\x74\x72\x79\0\x66\x69\x62\x36\x5f\x6c\x6f\x63\x61\x6c\x5f\x74\x62\x6c\0\
\x66\x69\x62\x36\x5f\x72\x75\x6c\x65\x73\x5f\x6f\x70\x73\0\x6e\x64\x69\x73\x63\
\x5f\x73\x6b\0\x74\x63\x70\x5f\x73\x6b\0\x69\x67\x6d\x70\x5f\x73\x6b\0\x69\x6e\
\x65\x74\x36\x5f\x61\x64\x64\x72\x5f\x6c\x73\x74\0\x61\x64\x64\x72\x63\x6f\x6e\
\x66\x5f\x68\x61\x73\x68\x5f\x6c\x6f\x63\x6b\0\x61\x64\x64\x72\x5f\x63\x68\x6b\
\x5f\x77\x6f\x72\x6b\0\x6d\x72\x36\x5f\x74\x61\x62\x6c\x65\x73\0\x6d\x72\x36\
\x5f\x72\x75\x6c\x65\x73\x5f\x6f\x70\x73\0\x66\x69\x62\x36\x5f\x73\x65\x72\x6e\
\x75\x6d\0\x73\x65\x67\x36\x5f\x64\x61\x74\x61\0\x69\x70\x36\x6d\x72\x5f\x6e\
\x6f\x74\x69\x66\x69\x65\x72\x5f\x6f\x70\x73\0\x69\x70\x36\x61\x64\x64\x72\x6c\
\x62\x6c\x5f\x74\x61\x62\x6c\x65\0\x69\x6f\x61\x6d\x36\x5f\x64\x61\x74\x61\0\
\x64\x73\x74\x5f\x6f\x70\x73\0\x67\x63\x5f\x74\x68\x72\x65\x73\x68\0\x67\x63\0\
\x63\x68\x65\x63\x6b\0\x64\x65\x66\x61\x75\x6c\x74\x5f\x61\x64\x76\x6d\x73\x73\
\0\x6d\x74\x75\0\x63\x6f\x77\x5f\x6d\x65\x74\x72\x69\x63\x73\0\x64\x65\x73\x74\
\x72\x6f\x79\0\x69\x66\x64\x6f\x77\x6e\0\x6e\x65\x67\x61\x74\x69\x76\x65\x5f\
\x61\x64\x76\x69\x63\x65\0\x6c\x69\x6e\x6b\x5f\x66\x61\x69\x6c\x75\x72\x65\0\
\x75\x70\x64\x61\x74\x65\x5f\x70\x6d\x74\x75\0\x72\x65\x64\x69\x72\x65\x63\x74\
\0\x6c\x6f\x63\x61\x6c\x5f\x6f\x75\x74\0\x6e\x65\x69\x67\x68\x5f\x6c\x6f\x6f\
\x6b\x75\x70\0\x63\x6f\x6e\x66\x69\x72\x6d\x5f\x6e\x65\x69\x67\x68\0\x6b\x6d\
\x65\x6d\x5f\x63\x61\x63\x68\x65\x70\0\x70\x63\x70\x75\x63\x5f\x65\x6e\x74\x72\
\x69\x65\x73\0\x64\x73\x74\x5f\x65\x6e\x74\x72\x79\0\x64\x65\x76\0\x5f\x6d\x65\
\x74\x72\x69\x63\x73\0\x65\x78\x70\x69\x72\x65\x73\0\x69\x6e\x70\x75\x74\0\x6f\
\x75\x74\x70\x75\x74\0\x66\x6c\x61\x67\x73\0\x6f\x62\x73\x6f\x6c\x65\x74\x65\0\
\x68\x65\x61\x64\x65\x72\x5f\x6c\x65\x6e\0\x74\x72\x61\x69\x6c\x65\x72\x5f\x6c\
\x65\x6e\0\x5f\x5f\x72\x63\x75\x72\x65\x66\0\x5f\x5f\x75\x73\x65\0\x6c\x61\x73\
\x74\x75\x73\x65\0\x65\x72\x72\x6f\x72\0\x5f\x5f\x70\x61\x64\0\x74\x63\x6c\x61\
\x73\x73\x69\x64\0\x64\x65\x76\x5f\x74\x72\x61\x63\x6b\x65\x72\0\x72\x74\x5f\
\x75\x6e\x63\x61\x63\x68\x65\x64\0\x72\x74\x5f\x75\x6e\x63\x61\x63\x68\x65\x64\
\x5f\x6c\x69\x73\x74\0\x6c\x77\x74\x73\x74\x61\x74\x65\0\x73\x6b\x5f\x62\x75\
\x66\x66\0\x63\x62\0\x5f\x6e\x66\x63\x74\0\x6c\x65\x6e\0\x64\x61\x74\x61\x5f\
\x6c\x65\x6e\0\x6d\x61\x63\x5f\x6c\x65\x6e\0\x68\x64\x72\x5f\x6c\x65\x6e\0\x71\
\x75\x65\x75\x65\x5f\x6d\x61\x70\x70\x69\x6e\x67\0\x5f\x5f\x63\x6c\x6f\x6e\x65\
\x64\x5f\x6f\x66\x66\x73\x65\x74\0\x63\x6c\x6f\x6e\x65\x64\0\x6e\x6f\x68\x64\
\x72\0\x66\x63\x6c\x6f\x6e\x65\0\x70\x65\x65\x6b\x65\x64\0\x68\x65\x61\x64\x5f\
\x66\x72\x61\x67\0\x70\x66\x6d\x65\x6d\x61\x6c\x6c\x6f\x63\0\x70\x70\x5f\x72\
\x65\x63\x79\x63\x6c\x65\0\x61\x63\x74\x69\x76\x65\x5f\x65\x78\x74\x65\x6e\x73\
\x69\x6f\x6e\x73\0\x65\x6e\x64\0\x64\x61\x74\x61\0\x74\x72\x75\x65\x73\x69\x7a\
\x65\0\x75\x73\x65\x72\x73\0\x65\x78\x74\x65\x6e\x73\x69\x6f\x6e\x73\0\x72\x62\
\x6e\x6f\x64\x65\0\x6c\x6c\x5f\x6e\x6f\x64\x65\0\x64\x65\x76\x5f\x73\x63\x72\
\x61\x74\x63\x68\0\x5f\x5f\x72\x62\x5f\x70\x61\x72\x65\x6e\x74\x5f\x63\x6f\x6c\
\x6f\x72\0\x72\x62\x5f\x72\x69\x67\x68\x74\0\x72\x62\x5f\x6c\x65\x66\x74\0\x74\
\x73\x74\x61\x6d\x70\0\x73\x6b\x62\x5f\x6d\x73\x74\x61\x6d\x70\x5f\x6e\x73\0\
\x6b\x74\x69\x6d\x65\x5f\x74\0\x63\x68\x61\x72\0\x74\x63\x70\x5f\x74\x73\x6f\
\x72\x74\x65\x64\x5f\x61\x6e\x63\x68\x6f\x72\0\x5f\x73\x6b\x5f\x72\x65\x64\x69\
\x72\0\x5f\x73\x6b\x62\x5f\x72\x65\x66\x64\x73\x74\0\x64\x65\x73\x74\x72\x75\
\x63\x74\x6f\x72\0\x5f\x5f\x70\x6b\x74\x5f\x74\x79\x70\x65\x5f\x6f\x66\x66\x73\
\x65\x74\0\x70\x6b\x74\x5f\x74\x79\x70\x65\0\x69\x67\x6e\x6f\x72\x65\x5f\x64\
\x66\0\x64\x73\x74\x5f\x70\x65\x6e\x64\x69\x6e\x67\x5f\x63\x6f\x6e\x66\x69\x72\
\x6d\0\x69\x70\x5f\x73\x75\x6d\x6d\x65\x64\0\x6f\x6f\x6f\x5f\x6f\x6b\x61\x79\0\
\x5f\x5f\x6d\x6f\x6e\x6f\x5f\x74\x63\x5f\x6f\x66\x66\x73\x65\x74\0\x74\x73\x74\
\x61\x6d\x70\x5f\x74\x79\x70\x65\0\x74\x63\x5f\x61\x74\x5f\x69\x6e\x67\x72\x65\
\x73\x73\0\x74\x63\x5f\x73\x6b\x69\x70\x5f\x63\x6c\x61\x73\x73\x69\x66\x79\0\
\x72\x65\x6d\x63\x73\x75\x6d\x5f\x6f\x66\x66\x6c\x6f\x61\x64\0\x63\x73\x75\x6d\
\x5f\x63\x6f\x6d\x70\x6c\x65\x74\x65\x5f\x73\x77\0\x63\x73\x75\x6d\x5f\x6c\x65\
\x76\x65\x6c\0\x69\x6e\x6e\x65\x72\x5f\x70\x72\x6f\x74\x6f\x63\x6f\x6c\x5f\x74\
\x79\x70\x65\0\x6c\x34\x5f\x68\x61\x73\x68\0\x73\x77\x5f\x68\x61\x73\x68\0\x77\
\x69\x66\x69\x5f\x61\x63\x6b\x65\x64\x5f\x76\x61\x6c\x69\x64\0\x77\x69\x66\x69\
\x5f\x61\x63\x6b\x65\x64\0\x6e\x6f\x5f\x66\x63\x73\0\x65\x6e\x63\x61\x70\x73\
\x75\x6c\x61\x74\x69\x6f\x6e\0\x65\x6e\x63\x61\x70\x5f\x68\x64\x72\x5f\x63\x73\
\x75\x6d\0\x63\x73\x75\x6d\x5f\x76\x61\x6c\x69\x64\0\x6e\x64\x69\x73\x63\x5f\
\x6e\x6f\x64\x65\x74\x79\x70\x65\0\x69\x70\x76\x73\x5f\x70\x72\x6f\x70\x65\x72\
\x74\x79\0\x6e\x66\x5f\x74\x72\x61\x63\x65\0\x6f\x66\x66\x6c\x6f\x61\x64\x5f\
\x66\x77\x64\x5f\x6d\x61\x72\x6b\0\x6f\x66\x66\x6c\x6f\x61\x64\x5f\x6c\x33\x5f\
\x66\x77\x64\x5f\x6d\x61\x72\x6b\0\x72\x65\x64\x69\x72\x65\x63\x74\x65\x64\0\
\x66\x72\x6f\x6d\x5f\x69\x6e\x67\x72\x65\x73\x73\0\x6e\x66\x5f\x73\x6b\x69\x70\
\x5f\x65\x67\x72\x65\x73\x73\0\x64\x65\x63\x72\x79\x70\x74\x65\x64\0\x73\x6c\
\x6f\x77\x5f\x67\x72\x6f\0\x63\x73\x75\x6d\x5f\x6e\x6f\x74\x5f\x69\x6e\x65\x74\
\0\x74\x63\x5f\x69\x6e\x64\x65\x78\0\x61\x6c\x6c\x6f\x63\x5f\x63\x70\x75\0\x70\
\x72\x69\x6f\x72\x69\x74\x79\0\x73\x6b\x62\x5f\x69\x69\x66\0\x68\x61\x73\x68\0\
\x73\x65\x63\x6d\x61\x72\x6b\0\x69\x6e\x6e\x65\x72\x5f\x74\x72\x61\x6e\x73\x70\
\x6f\x72\x74\x5f\x68\x65\x61\x64\x65\x72\0\x69\x6e\x6e\x65\x72\x5f\x6e\x65\x74\
\x77\x6f\x72\x6b\x5f\x68\x65\x61\x64\x65\x72\0\x69\x6e\x6e\x65\x72\x5f\x6d\x61\
\x63\x5f\x68\x65\x61\x64\x65\x72\0\x74\x72\x61\x6e\x73\x70\x6f\x72\x74\x5f\x68\
\x65\x61\x64\x65\x72\0\x6e\x65\x74\x77\x6f\x72\x6b\x5f\x68\x65\x61\x64\x65\x72\
\0\x6d\x61\x63\x5f\x68\x65\x61\x64\x65\x72\0\x63\x73\x75\x6d\0\x5f\x5f\x77\x73\
\x75\x6d\0\x63\x73\x75\x6d\x5f\x73\x74\x61\x72\x74\0\x63\x73\x75\x6d\x5f\x6f\
\x66\x66\x73\x65\x74\0\x76\x6c\x61\x6e\x5f\x61\x6c\x6c\0\x76\x6c\x61\x6e\x5f\
\x70\x72\x6f\x74\x6f\0\x76\x6c\x61\x6e\x5f\x74\x63\x69\0\x6e\x61\x70\x69\x5f\
\x69\x64\0\x73\x65\x6e\x64\x65\x72\x5f\x63\x70\x75\0\x6d\x61\x72\x6b\0\x72\x65\
\x73\x65\x72\x76\x65\x64\x5f\x74\x61\x69\x6c\x72\x6f\x6f\x6d\0\x69\x6e\x6e\x65\
\x72\x5f\x70\x72\x6f\x74\x6f\x63\x6f\x6c\0\x69\x6e\x6e\x65\x72\x5f\x69\x70\x70\
\x72\x6f\x74\x6f\0\x73\x6b\x5f\x62\x75\x66\x66\x5f\x64\x61\x74\x61\x5f\x74\0\
\x73\x68\x6f\x72\x74\0\x72\x63\x75\x72\x65\x66\x5f\x74\0\x72\x65\x66\x63\x6e\
\x74\0\x6e\x65\x74\x64\x65\x76\x69\x63\x65\x5f\x74\x72\x61\x63\x6b\x65\x72\0\
\x6e\x65\x74\x5f\x64\x65\x76\x69\x63\x65\0\x5f\x5f\x63\x61\x63\x68\x65\x6c\x69\
\x6e\x65\x5f\x67\x72\x6f\x75\x70\x5f\x62\x65\x67\x69\x6e\x5f\x5f\x6e\x65\x74\
\x5f\x64\x65\x76\x69\x63\x65\x5f\x72\x65\x61\x64\x5f\x74\x78\0\x70\x72\x69\x76\
\x5f\x66\x6c\x61\x67\x73\0\x6e\x65\x74\x64\x65\x76\x5f\x6f\x70\x73\0\x68\x65\
\x61\x64\x65\x72\x5f\x6f\x70\x73\0\x5f\x74\x78\0\x67\x73\x6f\x5f\x70\x61\x72\
\x74\x69\x61\x6c\x5f\x66\x65\x61\x74\x75\x72\x65\x73\0\x72\x65\x61\x6c\x5f\x6e\
\x75\x6d\x5f\x74\x78\x5f\x71\x75\x65\x75\x65\x73\0\x67\x73\x6f\x5f\x6d\x61\x78\
\x5f\x73\x69\x7a\x65\0\x67\x73\x6f\x5f\x69\x70\x76\x34\x5f\x6d\x61\x78\x5f\x73\
\x69\x7a\x65\0\x67\x73\x6f\x5f\x6d\x61\x78\x5f\x73\x65\x67\x73\0\x6e\x75\x6d\
\x5f\x74\x63\0\x6e\x65\x65\x64\x65\x64\x5f\x68\x65\x61\x64\x72\x6f\x6f\x6d\0\
\x74\x63\x5f\x74\x6f\x5f\x74\x78\x71\0\x78\x70\x73\x5f\x6d\x61\x70\x73\0\x6e\
\x66\x5f\x68\x6f\x6f\x6b\x73\x5f\x65\x67\x72\x65\x73\x73\0\x74\x63\x78\x5f\x65\
\x67\x72\x65\x73\x73\0\x5f\x5f\x63\x61\x63\x68\x65\x6c\x69\x6e\x65\x5f\x67\x72\
\x6f\x75\x70\x5f\x65\x6e\x64\x5f\x5f\x6e\x65\x74\x5f\x64\x65\x76\x69\x63\x65\
\x5f\x72\x65\x61\x64\x5f\x74\x78\0\x5f\x5f\x63\x61\x63\x68\x65\x6c\x69\x6e\x65\
\x5f\x67\x72\x6f\x75\x70\x5f\x62\x65\x67\x69\x6e\x5f\x5f\x6e\x65\x74\x5f\x64\
\x65\x76\x69\x63\x65\x5f\x72\x65\x61\x64\x5f\x74\x78\x72\x78\0\x68\x61\x72\x64\
\x5f\x68\x65\x61\x64\x65\x72\x5f\x6c\x65\x6e\0\x66\x65\x61\x74\x75\x72\x65\x73\
\0\x69\x70\x36\x5f\x70\x74\x72\0\x5f\x5f\x63\x61\x63\x68\x65\x6c\x69\x6e\x65\
\x5f\x67\x72\x6f\x75\x70\x5f\x65\x6e\x64\x5f\x5f\x6e\x65\x74\x5f\x64\x65\x76\
\x69\x63\x65\x5f\x72\x65\x61\x64\x5f\x74\x78\x72\x78\0\x5f\x5f\x63\x61\x63\x68\
\x65\x6c\x69\x6e\x65\x5f\x67\x72\x6f\x75\x70\x5f\x62\x65\x67\x69\x6e\x5f\x5f\
\x6e\x65\x74\x5f\x64\x65\x76\x69\x63\x65\x5f\x72\x65\x61\x64\x5f\x72\x78\0\x78\
\x64\x70\x5f\x70\x72\x6f\x67\0\x70\x74\x79\x70\x65\x5f\x73\x70\x65\x63\x69\x66\
\x69\x63\0\x72\x65\x61\x6c\x5f\x6e\x75\x6d\x5f\x72\x78\x5f\x71\x75\x65\x75\x65\
\x73\0\x5f\x72\x78\0\x67\x72\x6f\x5f\x66\x6c\x75\x73\x68\x5f\x74\x69\x6d\x65\
\x6f\x75\x74\0\x6e\x61\x70\x69\x5f\x64\x65\x66\x65\x72\x5f\x68\x61\x72\x64\x5f\
\x69\x72\x71\x73\0\x67\x72\x6f\x5f\x6d\x61\x78\x5f\x73\x69\x7a\x65\0\x67\x72\
\x6f\x5f\x69\x70\x76\x34\x5f\x6d\x61\x78\x5f\x73\x69\x7a\x65\0\x72\x78\x5f\x68\
\x61\x6e\x64\x6c\x65\x72\0\x72\x78\x5f\x68\x61\x6e\x64\x6c\x65\x72\x5f\x64\x61\
\x74\x61\0\x6e\x64\x5f\x6e\x65\x74\0\x6e\x70\x69\x6e\x66\x6f\0\x74\x63\x78\x5f\
\x69\x6e\x67\x72\x65\x73\x73\0\x5f\x5f\x63\x61\x63\x68\x65\x6c\x69\x6e\x65\x5f\
\x67\x72\x6f\x75\x70\x5f\x65\x6e\x64\x5f\x5f\x6e\x65\x74\x5f\x64\x65\x76\x69\
\x63\x65\x5f\x72\x65\x61\x64\x5f\x72\x78\0\x6e\x61\x6d\x65\0\x6e\x61\x6d\x65\
\x5f\x6e\x6f\x64\x65\0\x69\x66\x61\x6c\x69\x61\x73\0\x6d\x65\x6d\x5f\x65\x6e\
\x64\0\x6d\x65\x6d\x5f\x73\x74\x61\x72\x74\0\x62\x61\x73\x65\x5f\x61\x64\x64\
\x72\0\x64\x65\x76\x5f\x6c\x69\x73\x74\0\x6e\x61\x70\x69\x5f\x6c\x69\x73\x74\0\
\x75\x6e\x72\x65\x67\x5f\x6c\x69\x73\x74\0\x63\x6c\x6f\x73\x65\x5f\x6c\x69\x73\
\x74\0\x70\x74\x79\x70\x65\x5f\x61\x6c\x6c\0\x61\x64\x6a\x5f\x6c\x69\x73\x74\0\
\x78\x64\x70\x5f\x66\x65\x61\x74\x75\x72\x65\x73\0\x78\x64\x70\x5f\x6d\x65\x74\
\x61\x64\x61\x74\x61\x5f\x6f\x70\x73\0\x78\x73\x6b\x5f\x74\x78\x5f\x6d\x65\x74\
\x61\x64\x61\x74\x61\x5f\x6f\x70\x73\0\x67\x66\x6c\x61\x67\x73\0\x6e\x65\x65\
\x64\x65\x64\x5f\x74\x61\x69\x6c\x72\x6f\x6f\x6d\0\x68\x77\x5f\x66\x65\x61\x74\
\x75\x72\x65\x73\0\x77\x61\x6e\x74\x65\x64\x5f\x66\x65\x61\x74\x75\x72\x65\x73\
\0\x76\x6c\x61\x6e\x5f\x66\x65\x61\x74\x75\x72\x65\x73\0\x68\x77\x5f\x65\x6e\
\x63\x5f\x66\x65\x61\x74\x75\x72\x65\x73\0\x6d\x70\x6c\x73\x5f\x66\x65\x61\x74\
\x75\x72\x65\x73\0\x6d\x61\x6e\x67\x6c\x65\x69\x64\x5f\x66\x65\x61\x74\x75\x72\
\x65\x73\0\x6d\x69\x6e\x5f\x6d\x74\x75\0\x6d\x61\x78\x5f\x6d\x74\x75\0\x6d\x69\
\x6e\x5f\x68\x65\x61\x64\x65\x72\x5f\x6c\x65\x6e\0\x6e\x61\x6d\x65\x5f\x61\x73\
\x73\x69\x67\x6e\x5f\x74\x79\x70\x65\0\x67\x72\x6f\x75\x70\0\x73\x74\x61\x74\
\x73\0\x63\x6f\x72\x65\x5f\x73\x74\x61\x74\x73\0\x63\x61\x72\x72\x69\x65\x72\
\x5f\x75\x70\x5f\x63\x6f\x75\x6e\x74\0\x63\x61\x72\x72\x69\x65\x72\x5f\x64\x6f\
\x77\x6e\x5f\x63\x6f\x75\x6e\x74\0\x77\x69\x72\x65\x6c\x65\x73\x73\x5f\x68\x61\
\x6e\x64\x6c\x65\x72\x73\0\x77\x69\x72\x65\x6c\x65\x73\x73\x5f\x64\x61\x74\x61\
\0\x65\x74\x68\x74\x6f\x6f\x6c\x5f\x6f\x70\x73\0\x6c\x33\x6d\x64\x65\x76\x5f\
\x6f\x70\x73\0\x6e\x64\x69\x73\x63\x5f\x6f\x70\x73\0\x78\x66\x72\x6d\x64\x65\
\x76\x5f\x6f\x70\x73\0\x74\x6c\x73\x64\x65\x76\x5f\x6f\x70\x73\0\x6f\x70\x65\
\x72\x73\x74\x61\x74\x65\0\x6c\x69\x6e\x6b\x5f\x6d\x6f\x64\x65\0\x69\x66\x5f\
\x70\x6f\x72\x74\0\x64\x6d\x61\0\x70\x65\x72\x6d\x5f\x61\x64\x64\x72\0\x61\x64\
\x64\x72\x5f\x61\x73\x73\x69\x67\x6e\x5f\x74\x79\x70\x65\0\x61\x64\x64\x72\x5f\
\x6c\x65\x6e\0\x75\x70\x70\x65\x72\x5f\x6c\x65\x76\x65\x6c\0\x6c\x6f\x77\x65\
\x72\x5f\x6c\x65\x76\x65\x6c\0\x6e\x65\x69\x67\x68\x5f\x70\x72\x69\x76\x5f\x6c\
\x65\x6e\0\x64\x65\x76\x5f\x69\x64\0\x64\x65\x76\x5f\x70\x6f\x72\x74\0\x70\x61\
\x64\x64\x65\x64\0\x61\x64\x64\x72\x5f\x6c\x69\x73\x74\x5f\x6c\x6f\x63\x6b\0\
\x69\x72\x71\0\x75\x63\0\x6d\x63\0\x64\x65\x76\x5f\x61\x64\x64\x72\x73\0\x71\
\x75\x65\x75\x65\x73\x5f\x6b\x73\x65\x74\0\x70\x72\x6f\x6d\x69\x73\x63\x75\x69\
\x74\x79\0\x61\x6c\x6c\x6d\x75\x6c\x74\x69\0\x75\x63\x5f\x70\x72\x6f\x6d\x69\
\x73\x63\0\x69\x70\x5f\x70\x74\x72\0\x76\x6c\x61\x6e\x5f\x69\x6e\x66\x6f\0\x64\
\x73\x61\x5f\x70\x74\x72\0\x74\x69\x70\x63\x5f\x70\x74\x72\0\x61\x74\x61\x6c\
\x6b\x5f\x70\x74\x72\0\x61\x78\x32\x35\x5f\x70\x74\x72\0\x69\x65\x65\x65\x38\
\x30\x32\x31\x31\x5f\x70\x74\x72\0\x69\x65\x65\x65\x38\x30\x32\x31\x35\x34\x5f\
\x70\x74\x72\0\x6d\x70\x6c\x73\x5f\x70\x74\x72\0\x6d\x63\x74\x70\x5f\x70\x74\
\x72\0\x64\x65\x76\x5f\x61\x64\x64\x72\0\x6e\x75\x6d\x5f\x72\x78\x5f\x71\x75\
\x65\x75\x65\x73\0\x78\x64\x70\x5f\x7a\x63\x5f\x6d\x61\x78\x5f\x73\x65\x67\x73\
\0\x69\x6e\x67\x72\x65\x73\x73\x5f\x71\x75\x65\x75\x65\0\x6e\x66\x5f\x68\x6f\
\x6f\x6b\x73\x5f\x69\x6e\x67\x72\x65\x73\x73\0\x62\x72\x6f\x61\x64\x63\x61\x73\
\x74\0\x72\x78\x5f\x63\x70\x75\x5f\x72\x6d\x61\x70\0\x69\x6e\x64\x65\x78\x5f\
\x68\x6c\x69\x73\x74\0\x6e\x75\x6d\x5f\x74\x78\x5f\x71\x75\x65\x75\x65\x73\0\
\x71\x64\x69\x73\x63\0\x74\x78\x5f\x71\x75\x65\x75\x65\x5f\x6c\x65\x6e\0\x74\
\x78\x5f\x67\x6c\x6f\x62\x61\x6c\x5f\x6c\x6f\x63\x6b\0\x78\x64\x70\x5f\x62\x75\
\x6c\x6b\x71\0\x71\x64\x69\x73\x63\x5f\x68\x61\x73\x68\0\x77\x61\x74\x63\x68\
\x64\x6f\x67\x5f\x74\x69\x6d\x65\x72\0\x77\x61\x74\x63\x68\x64\x6f\x67\x5f\x74\
\x69\x6d\x65\x6f\0\x70\x72\x6f\x74\x6f\x5f\x64\x6f\x77\x6e\x5f\x72\x65\x61\x73\
\x6f\x6e\0\x74\x6f\x64\x6f\x5f\x6c\x69\x73\x74\0\x70\x63\x70\x75\x5f\x72\x65\
\x66\x63\x6e\x74\0\x6c\x69\x6e\x6b\x5f\x77\x61\x74\x63\x68\x5f\x6c\x69\x73\x74\
\0\x72\x65\x67\x5f\x73\x74\x61\x74\x65\0\x64\x69\x73\x6d\x61\x6e\x74\x6c\x65\0\
\x72\x74\x6e\x6c\x5f\x6c\x69\x6e\x6b\x5f\x73\x74\x61\x74\x65\0\x6e\x65\x65\x64\
\x73\x5f\x66\x72\x65\x65\x5f\x6e\x65\x74\x64\x65\x76\0\x70\x72\x69\x76\x5f\x64\
\x65\x73\x74\x72\x75\x63\x74\x6f\x72\0\x6d\x6c\x5f\x70\x72\x69\x76\0\x6d\x6c\
\x5f\x70\x72\x69\x76\x5f\x74\x79\x70\x65\0\x70\x63\x70\x75\x5f\x73\x74\x61\x74\
\x5f\x74\x79\x70\x65\0\x67\x61\x72\x70\x5f\x70\x6f\x72\x74\0\x6d\x72\x70\x5f\
\x70\x6f\x72\x74\0\x64\x6d\x5f\x70\x72\x69\x76\x61\x74\x65\0\x73\x79\x73\x66\
\x73\x5f\x67\x72\x6f\x75\x70\x73\0\x73\x79\x73\x66\x73\x5f\x72\x78\x5f\x71\x75\
\x65\x75\x65\x5f\x67\x72\x6f\x75\x70\0\x72\x74\x6e\x6c\x5f\x6c\x69\x6e\x6b\x5f\
\x6f\x70\x73\0\x74\x73\x6f\x5f\x6d\x61\x78\x5f\x73\x69\x7a\x65\0\x74\x73\x6f\
\x5f\x6d\x61\x78\x5f\x73\x65\x67\x73\0\x64\x63\x62\x6e\x6c\x5f\x6f\x70\x73\0\
\x70\x72\x69\x6f\x5f\x74\x63\x5f\x6d\x61\x70\0\x66\x63\x6f\x65\x5f\x64\x64\x70\
\x5f\x78\x69\x64\0\x70\x72\x69\x6f\x6d\x61\x70\0\x70\x68\x79\x64\x65\x76\0\x73\
\x66\x70\x5f\x62\x75\x73\0\x71\x64\x69\x73\x63\x5f\x74\x78\x5f\x62\x75\x73\x79\
\x6c\x6f\x63\x6b\0\x70\x72\x6f\x74\x6f\x5f\x64\x6f\x77\x6e\0\x77\x6f\x6c\x5f\
\x65\x6e\x61\x62\x6c\x65\x64\0\x74\x68\x72\x65\x61\x64\x65\x64\0\x6e\x65\x74\
\x5f\x6e\x6f\x74\x69\x66\x69\x65\x72\x5f\x6c\x69\x73\x74\0\x6d\x61\x63\x73\x65\
\x63\x5f\x6f\x70\x73\0\x75\x64\x70\x5f\x74\x75\x6e\x6e\x65\x6c\x5f\x6e\x69\x63\
\x5f\x69\x6e\x66\x6f\0\x75\x64\x70\x5f\x74\x75\x6e\x6e\x65\x6c\x5f\x6e\x69\x63\
\0\x78\x64\x70\x5f\x73\x74\x61\x74\x65\0\x64\x65\x76\x5f\x61\x64\x64\x72\x5f\
\x73\x68\x61\x64\x6f\x77\0\x6c\x69\x6e\x6b\x77\x61\x74\x63\x68\x5f\x64\x65\x76\
\x5f\x74\x72\x61\x63\x6b\x65\x72\0\x77\x61\x74\x63\x68\x64\x6f\x67\x5f\x64\x65\
\x76\x5f\x74\x72\x61\x63\x6b\x65\x72\0\x64\x65\x76\x5f\x72\x65\x67\x69\x73\x74\
\x65\x72\x65\x64\x5f\x74\x72\x61\x63\x6b\x65\x72\0\x6f\x66\x66\x6c\x6f\x61\x64\
\x5f\x78\x73\x74\x61\x74\x73\x5f\x6c\x33\0\x64\x65\x76\x6c\x69\x6e\x6b\x5f\x70\
\x6f\x72\x74\0\x64\x70\x6c\x6c\x5f\x70\x69\x6e\0\x70\x61\x67\x65\x5f\x70\x6f\
\x6f\x6c\x73\0\x6e\x65\x74\x64\x65\x76\x5f\x66\x65\x61\x74\x75\x72\x65\x73\x5f\
\x74\0\x73\x31\x36\0\x5f\x5f\x73\x31\x36\0\x6e\x65\x74\x64\x65\x76\x5f\x74\x63\
\x5f\x74\x78\x71\0\x6f\x66\x66\x73\x65\x74\0\x78\x70\x73\x5f\x64\x65\x76\x5f\
\x6d\x61\x70\x73\0\x6e\x72\x5f\x69\x64\x73\0\x61\x74\x74\x72\x5f\x6d\x61\x70\0\
\x78\x70\x73\x5f\x6d\x61\x70\0\x61\x6c\x6c\x6f\x63\x5f\x6c\x65\x6e\0\x71\x75\
\x65\x75\x65\x73\0\x6c\x73\x74\x61\x74\x73\0\x74\x73\x74\x61\x74\x73\0\x64\x73\
\x74\x61\x74\x73\0\x72\x78\x5f\x68\x61\x6e\x64\x6c\x65\x72\x5f\x66\x75\x6e\x63\
\x5f\x74\0\x72\x78\x5f\x68\x61\x6e\x64\x6c\x65\x72\x5f\x72\x65\x73\x75\x6c\x74\
\x5f\x74\0\x72\x78\x5f\x68\x61\x6e\x64\x6c\x65\x72\x5f\x72\x65\x73\x75\x6c\x74\
\0\x52\x58\x5f\x48\x41\x4e\x44\x4c\x45\x52\x5f\x43\x4f\x4e\x53\x55\x4d\x45\x44\
\0\x52\x58\x5f\x48\x41\x4e\x44\x4c\x45\x52\x5f\x41\x4e\x4f\x54\x48\x45\x52\0\
\x52\x58\x5f\x48\x41\x4e\x44\x4c\x45\x52\x5f\x45\x58\x41\x43\x54\0\x52\x58\x5f\
\x48\x41\x4e\x44\x4c\x45\x52\x5f\x50\x41\x53\x53\0\x70\x6f\x73\x73\x69\x62\x6c\
\x65\x5f\x6e\x65\x74\x5f\x74\0\x75\x70\x70\x65\x72\0\x6c\x6f\x77\x65\x72\0\x78\
\x64\x70\x5f\x66\x65\x61\x74\x75\x72\x65\x73\x5f\x74\0\x6e\x65\x74\x5f\x64\x65\
\x76\x69\x63\x65\x5f\x73\x74\x61\x74\x73\0\x72\x78\x5f\x70\x61\x63\x6b\x65\x74\
\x73\0\x5f\x5f\x72\x78\x5f\x70\x61\x63\x6b\x65\x74\x73\0\x74\x78\x5f\x70\x61\
\x63\x6b\x65\x74\x73\0\x5f\x5f\x74\x78\x5f\x70\x61\x63\x6b\x65\x74\x73\0\x72\
\x78\x5f\x62\x79\x74\x65\x73\0\x5f\x5f\x72\x78\x5f\x62\x79\x74\x65\x73\0\x74\
\x78\x5f\x62\x79\x74\x65\x73\0\x5f\x5f\x74\x78\x5f\x62\x79\x74\x65\x73\0\x72\
\x78\x5f\x65\x72\x72\x6f\x72\x73\0\x5f\x5f\x72\x78\x5f\x65\x72\x72\x6f\x72\x73\
\0\x74\x78\x5f\x65\x72\x72\x6f\x72\x73\0\x5f\x5f\x74\x78\x5f\x65\x72\x72\x6f\
\x72\x73\0\x72\x78\x5f\x64\x72\x6f\x70\x70\x65\x64\0\x5f\x5f\x72\x78\x5f\x64\
\x72\x6f\x70\x70\x65\x64\0\x74\x78\x5f\x64\x72\x6f\x70\x70\x65\x64\0\x5f\x5f\
\x74\x78\x5f\x64\x72\x6f\x70\x70\x65\x64\0\x6d\x75\x6c\x74\x69\x63\x61\x73\x74\
\0\x5f\x5f\x6d\x75\x6c\x74\x69\x63\x61\x73\x74\0\x63\x6f\x6c\x6c\x69\x73\x69\
\x6f\x6e\x73\0\x5f\x5f\x63\x6f\x6c\x6c\x69\x73\x69\x6f\x6e\x73\0\x72\x78\x5f\
\x6c\x65\x6e\x67\x74\x68\x5f\x65\x72\x72\x6f\x72\x73\0\x5f\x5f\x72\x78\x5f\x6c\
\x65\x6e\x67\x74\x68\x5f\x65\x72\x72\x6f\x72\x73\0\x72\x78\x5f\x6f\x76\x65\x72\
\x5f\x65\x72\x72\x6f\x72\x73\0\x5f\x5f\x72\x78\x5f\x6f\x76\x65\x72\x5f\x65\x72\
\x72\x6f\x72\x73\0\x72\x78\x5f\x63\x72\x63\x5f\x65\x72\x72\x6f\x72\x73\0\x5f\
\x5f\x72\x78\x5f\x63\x72\x63\x5f\x65\x72\x72\x6f\x72\x73\0\x72\x78\x5f\x66\x72\
\x61\x6d\x65\x5f\x65\x72\x72\x6f\x72\x73\0\x5f\x5f\x72\x78\x5f\x66\x72\x61\x6d\
\x65\x5f\x65\x72\x72\x6f\x72\x73\0\x72\x78\x5f\x66\x69\x66\x6f\x5f\x65\x72\x72\
\x6f\x72\x73\0\x5f\x5f\x72\x78\x5f\x66\x69\x66\x6f\x5f\x65\x72\x72\x6f\x72\x73\
\0\x72\x78\x5f\x6d\x69\x73\x73\x65\x64\x5f\x65\x72\x72\x6f\x72\x73\0\x5f\x5f\
\x72\x78\x5f\x6d\x69\x73\x73\x65\x64\x5f\x65\x72\x72\x6f\x72\x73\0\x74\x78\x5f\
\x61\x62\x6f\x72\x74\x65\x64\x5f\x65\x72\x72\x6f\x72\x73\0\x5f\x5f\x74\x78\x5f\
\x61\x62\x6f\x72\x74\x65\x64\x5f\x65\x72\x72\x6f\x72\x73\0\x74\x78\x5f\x63\x61\
\x72\x72\x69\x65\x72\x5f\x65\x72\x72\x6f\x72\x73\0\x5f\x5f\x74\x78\x5f\x63\x61\
\x72\x72\x69\x65\x72\x5f\x65\x72\x72\x6f\x72\x73\0\x74\x78\x5f\x66\x69\x66\x6f\
\x5f\x65\x72\x72\x6f\x72\x73\0\x5f\x5f\x74\x78\x5f\x66\x69\x66\x6f\x5f\x65\x72\
\x72\x6f\x72\x73\0\x74\x78\x5f\x68\x65\x61\x72\x74\x62\x65\x61\x74\x5f\x65\x72\
\x72\x6f\x72\x73\0\x5f\x5f\x74\x78\x5f\x68\x65\x61\x72\x74\x62\x65\x61\x74\x5f\
\x65\x72\x72\x6f\x72\x73\0\x74\x78\x5f\x77\x69\x6e\x64\x6f\x77\x5f\x65\x72\x72\
\x6f\x72\x73\0\x5f\x5f\x74\x78\x5f\x77\x69\x6e\x64\x6f\x77\x5f\x65\x72\x72\x6f\
\x72\x73\0\x72\x78\x5f\x63\x6f\x6d\x70\x72\x65\x73\x73\x65\x64\0\x5f\x5f\x72\
\x78\x5f\x63\x6f\x6d\x70\x72\x65\x73\x73\x65\x64\0\x74\x78\x5f\x63\x6f\x6d\x70\
\x72\x65\x73\x73\x65\x64\0\x5f\x5f\x74\x78\x5f\x63\x6f\x6d\x70\x72\x65\x73\x73\
\x65\x64\0\x6e\x65\x74\x64\x65\x76\x5f\x68\x77\x5f\x61\x64\x64\x72\x5f\x6c\x69\
\x73\x74\0\x74\x72\x65\x65\0\x74\x69\x70\x63\x5f\x62\x65\x61\x72\x65\x72\0\x6d\
\x70\x6c\x73\x5f\x64\x65\x76\0\x68\x6c\x69\x73\x74\x5f\x6e\x6f\x64\x65\0\x70\
\x70\x72\x65\x76\0\x74\x69\x6d\x65\x72\x5f\x6c\x69\x73\x74\0\x65\x6e\x74\x72\
\x79\0\x66\x75\x6e\x63\x74\x69\x6f\x6e\0\x4e\x45\x54\x52\x45\x47\x5f\x55\x4e\
\x49\x4e\x49\x54\x49\x41\x4c\x49\x5a\x45\x44\0\x4e\x45\x54\x52\x45\x47\x5f\x52\
\x45\x47\x49\x53\x54\x45\x52\x45\x44\0\x4e\x45\x54\x52\x45\x47\x5f\x55\x4e\x52\
\x45\x47\x49\x53\x54\x45\x52\x49\x4e\x47\0\x4e\x45\x54\x52\x45\x47\x5f\x55\x4e\
\x52\x45\x47\x49\x53\x54\x45\x52\x45\x44\0\x4e\x45\x54\x52\x45\x47\x5f\x52\x45\
\x4c\x45\x41\x53\x45\x44\0\x4e\x45\x54\x52\x45\x47\x5f\x44\x55\x4d\x4d\x59\0\
\x52\x54\x4e\x4c\x5f\x4c\x49\x4e\x4b\x5f\x49\x4e\x49\x54\x49\x41\x4c\x49\x5a\
\x45\x44\0\x52\x54\x4e\x4c\x5f\x4c\x49\x4e\x4b\x5f\x49\x4e\x49\x54\x49\x41\x4c\
\x49\x5a\x49\x4e\x47\0\x6e\x65\x74\x64\x65\x76\x5f\x6d\x6c\x5f\x70\x72\x69\x76\
\x5f\x74\x79\x70\x65\0\x4d\x4c\x5f\x50\x52\x49\x56\x5f\x4e\x4f\x4e\x45\0\x4d\
\x4c\x5f\x50\x52\x49\x56\x5f\x43\x41\x4e\0\x6e\x65\x74\x64\x65\x76\x5f\x73\x74\
\x61\x74\x5f\x74\x79\x70\x65\0\x4e\x45\x54\x44\x45\x56\x5f\x50\x43\x50\x55\x5f\
\x53\x54\x41\x54\x5f\x4e\x4f\x4e\x45\0\x4e\x45\x54\x44\x45\x56\x5f\x50\x43\x50\
\x55\x5f\x53\x54\x41\x54\x5f\x4c\x53\x54\x41\x54\x53\0\x4e\x45\x54\x44\x45\x56\
\x5f\x50\x43\x50\x55\x5f\x53\x54\x41\x54\x5f\x54\x53\x54\x41\x54\x53\0\x4e\x45\
\x54\x44\x45\x56\x5f\x50\x43\x50\x55\x5f\x53\x54\x41\x54\x5f\x44\x53\x54\x41\
\x54\x53\0\x64\x65\x76\x69\x63\x65\0\x6b\x6f\x62\x6a\0\x70\0\x69\x6e\x69\x74\
\x5f\x6e\x61\x6d\x65\0\x62\x75\x73\0\x64\x72\x69\x76\x65\x72\0\x70\x6c\x61\x74\
\x66\x6f\x72\x6d\x5f\x64\x61\x74\x61\0\x64\x72\x69\x76\x65\x72\x5f\x64\x61\x74\
\x61\0\x64\x72\x69\x76\x65\x72\x5f\x6f\x76\x65\x72\x72\x69\x64\x65\0\x6c\x69\
\x6e\x6b\x73\0\x70\x6f\x77\x65\x72\0\x70\x6d\x5f\x64\x6f\x6d\x61\x69\x6e\0\x65\
\x6d\x5f\x70\x64\0\x70\x69\x6e\x73\0\x6d\x73\x69\0\x64\x6d\x61\x5f\x6f\x70\x73\
\0\x64\x6d\x61\x5f\x6d\x61\x73\x6b\0\x63\x6f\x68\x65\x72\x65\x6e\x74\x5f\x64\
\x6d\x61\x5f\x6d\x61\x73\x6b\0\x62\x75\x73\x5f\x64\x6d\x61\x5f\x6c\x69\x6d\x69\
\x74\0\x64\x6d\x61\x5f\x72\x61\x6e\x67\x65\x5f\x6d\x61\x70\0\x64\x6d\x61\x5f\
\x70\x61\x72\x6d\x73\0\x64\x6d\x61\x5f\x70\x6f\x6f\x6c\x73\0\x64\x6d\x61\x5f\
\x69\x6f\x5f\x74\x6c\x62\x5f\x6d\x65\x6d\0\x64\x6d\x61\x5f\x69\x6f\x5f\x74\x6c\
\x62\x5f\x70\x6f\x6f\x6c\x73\0\x64\x6d\x61\x5f\x69\x6f\x5f\x74\x6c\x62\x5f\x6c\
\x6f\x63\x6b\0\x64\x6d\x61\x5f\x75\x73\x65\x73\x5f\x69\x6f\x5f\x74\x6c\x62\0\
\x61\x72\x63\x68\x64\x61\x74\x61\0\x6f\x66\x5f\x6e\x6f\x64\x65\0\x66\x77\x6e\
\x6f\x64\x65\0\x6e\x75\x6d\x61\x5f\x6e\x6f\x64\x65\0\x64\x65\x76\x74\0\x69\x64\
\0\x64\x65\x76\x72\x65\x73\x5f\x6c\x6f\x63\x6b\0\x64\x65\x76\x72\x65\x73\x5f\
\x68\x65\x61\x64\0\x63\x6c\x61\x73\x73\0\x67\x72\x6f\x75\x70\x73\0\x72\x65\x6c\
\x65\x61\x73\x65\0\x69\x6f\x6d\x6d\x75\x5f\x67\x72\x6f\x75\x70\0\x69\x6f\x6d\
\x6d\x75\0\x70\x68\x79\x73\x69\x63\x61\x6c\x5f\x6c\x6f\x63\x61\x74\x69\x6f\x6e\
\0\x72\x65\x6d\x6f\x76\x61\x62\x6c\x65\0\x6f\x66\x66\x6c\x69\x6e\x65\x5f\x64\
\x69\x73\x61\x62\x6c\x65\x64\0\x6f\x66\x66\x6c\x69\x6e\x65\0\x6f\x66\x5f\x6e\
\x6f\x64\x65\x5f\x72\x65\x75\x73\x65\x64\0\x73\x74\x61\x74\x65\x5f\x73\x79\x6e\
\x63\x65\x64\0\x63\x61\x6e\x5f\x6d\x61\x74\x63\x68\0\x6b\x6f\x62\x6a\x65\x63\
\x74\0\x6b\x73\x65\x74\0\x6b\x74\x79\x70\x65\0\x73\x64\0\x6b\x72\x65\x66\0\x73\
\x74\x61\x74\x65\x5f\x69\x6e\x69\x74\x69\x61\x6c\x69\x7a\x65\x64\0\x73\x74\x61\
\x74\x65\x5f\x69\x6e\x5f\x73\x79\x73\x66\x73\0\x73\x74\x61\x74\x65\x5f\x61\x64\
\x64\x5f\x75\x65\x76\x65\x6e\x74\x5f\x73\x65\x6e\x74\0\x73\x74\x61\x74\x65\x5f\
\x72\x65\x6d\x6f\x76\x65\x5f\x75\x65\x76\x65\x6e\x74\x5f\x73\x65\x6e\x74\0\x75\
\x65\x76\x65\x6e\x74\x5f\x73\x75\x70\x70\x72\x65\x73\x73\0\x72\x65\x66\x63\x6f\
\x75\x6e\x74\0\x64\x65\x76\x5f\x6c\x69\x6e\x6b\x73\x5f\x69\x6e\x66\x6f\0\x73\
\x75\x70\x70\x6c\x69\x65\x72\x73\0\x63\x6f\x6e\x73\x75\x6d\x65\x72\x73\0\x64\
\x65\x66\x65\x72\x5f\x73\x79\x6e\x63\0\x73\x74\x61\x74\x75\x73\0\x64\x6c\x5f\
\x64\x65\x76\x5f\x73\x74\x61\x74\x65\0\x44\x4c\x5f\x44\x45\x56\x5f\x4e\x4f\x5f\
\x44\x52\x49\x56\x45\x52\0\x44\x4c\x5f\x44\x45\x56\x5f\x50\x52\x4f\x42\x49\x4e\
\x47\0\x44\x4c\x5f\x44\x45\x56\x5f\x44\x52\x49\x56\x45\x52\x5f\x42\x4f\x55\x4e\
\x44\0\x44\x4c\x5f\x44\x45\x56\x5f\x55\x4e\x42\x49\x4e\x44\x49\x4e\x47\0\x64\
\x65\x76\x5f\x70\x6d\x5f\x69\x6e\x66\x6f\0\x70\x6f\x77\x65\x72\x5f\x73\x74\x61\
\x74\x65\0\x63\x61\x6e\x5f\x77\x61\x6b\x65\x75\x70\0\x61\x73\x79\x6e\x63\x5f\
\x73\x75\x73\x70\x65\x6e\x64\0\x69\x6e\x5f\x64\x70\x6d\x5f\x6c\x69\x73\x74\0\
\x69\x73\x5f\x70\x72\x65\x70\x61\x72\x65\x64\0\x69\x73\x5f\x73\x75\x73\x70\x65\
\x6e\x64\x65\x64\0\x69\x73\x5f\x6e\x6f\x69\x72\x71\x5f\x73\x75\x73\x70\x65\x6e\
\x64\x65\x64\0\x69\x73\x5f\x6c\x61\x74\x65\x5f\x73\x75\x73\x70\x65\x6e\x64\x65\
\x64\0\x6e\x6f\x5f\x70\x6d\0\x65\x61\x72\x6c\x79\x5f\x69\x6e\x69\x74\0\x64\x69\
\x72\x65\x63\x74\x5f\x63\x6f\x6d\x70\x6c\x65\x74\x65\0\x64\x72\x69\x76\x65\x72\
\x5f\x66\x6c\x61\x67\x73\0\x63\x6f\x6d\x70\x6c\x65\x74\x69\x6f\x6e\0\x77\x61\
\x6b\x65\x75\x70\0\x77\x61\x6b\x65\x75\x70\x5f\x70\x61\x74\x68\0\x73\x79\x73\
\x63\x6f\x72\x65\0\x6e\x6f\x5f\x70\x6d\x5f\x63\x61\x6c\x6c\x62\x61\x63\x6b\x73\
\0\x61\x73\x79\x6e\x63\x5f\x69\x6e\x5f\x70\x72\x6f\x67\x72\x65\x73\x73\0\x6d\
\x75\x73\x74\x5f\x72\x65\x73\x75\x6d\x65\0\x6d\x61\x79\x5f\x73\x6b\x69\x70\x5f\
\x72\x65\x73\x75\x6d\x65\0\x73\x75\x73\x70\x65\x6e\x64\x5f\x74\x69\x6d\x65\x72\
\0\x74\x69\x6d\x65\x72\x5f\x65\x78\x70\x69\x72\x65\x73\0\x77\x6f\x72\x6b\0\x77\
\x61\x69\x74\x5f\x71\x75\x65\x75\x65\0\x77\x61\x6b\x65\x69\x72\x71\0\x75\x73\
\x61\x67\x65\x5f\x63\x6f\x75\x6e\x74\0\x63\x68\x69\x6c\x64\x5f\x63\x6f\x75\x6e\
\x74\0\x64\x69\x73\x61\x62\x6c\x65\x5f\x64\x65\x70\x74\x68\0\x69\x64\x6c\x65\
\x5f\x6e\x6f\x74\x69\x66\x69\x63\x61\x74\x69\x6f\x6e\0\x72\x65\x71\x75\x65\x73\
\x74\x5f\x70\x65\x6e\x64\x69\x6e\x67\0\x64\x65\x66\x65\x72\x72\x65\x64\x5f\x72\
\x65\x73\x75\x6d\x65\0\x6e\x65\x65\x64\x73\x5f\x66\x6f\x72\x63\x65\x5f\x72\x65\
\x73\x75\x6d\x65\0\x72\x75\x6e\x74\x69\x6d\x65\x5f\x61\x75\x74\x6f\0\x69\x67\
\x6e\x6f\x72\x65\x5f\x63\x68\x69\x6c\x64\x72\x65\x6e\0\x6e\x6f\x5f\x63\x61\x6c\
\x6c\x62\x61\x63\x6b\x73\0\x69\x72\x71\x5f\x73\x61\x66\x65\0\x75\x73\x65\x5f\
\x61\x75\x74\x6f\x73\x75\x73\x70\x65\x6e\x64\0\x74\x69\x6d\x65\x72\x5f\x61\x75\
\x74\x6f\x73\x75\x73\x70\x65\x6e\x64\x73\0\x6d\x65\x6d\x61\x6c\x6c\x6f\x63\x5f\
\x6e\x6f\x69\x6f\0\x6c\x69\x6e\x6b\x73\x5f\x63\x6f\x75\x6e\x74\0\x72\x65\x71\
\x75\x65\x73\x74\0\x72\x75\x6e\x74\x69\x6d\x65\x5f\x73\x74\x61\x74\x75\x73\0\
\x6c\x61\x73\x74\x5f\x73\x74\x61\x74\x75\x73\0\x72\x75\x6e\x74\x69\x6d\x65\x5f\
\x65\x72\x72\x6f\x72\0\x61\x75\x74\x6f\x73\x75\x73\x70\x65\x6e\x64\x5f\x64\x65\
\x6c\x61\x79\0\x6c\x61\x73\x74\x5f\x62\x75\x73\x79\0\x61\x63\x74\x69\x76\x65\
\x5f\x74\x69\x6d\x65\0\x73\x75\x73\x70\x65\x6e\x64\x65\x64\x5f\x74\x69\x6d\x65\
\0\x61\x63\x63\x6f\x75\x6e\x74\x69\x6e\x67\x5f\x74\x69\x6d\x65\x73\x74\x61\x6d\
\x70\0\x73\x75\x62\x73\x79\x73\x5f\x64\x61\x74\x61\0\x73\x65\x74\x5f\x6c\x61\
\x74\x65\x6e\x63\x79\x5f\x74\x6f\x6c\x65\x72\x61\x6e\x63\x65\0\x71\x6f\x73\0\
\x70\x6d\x5f\x6d\x65\x73\x73\x61\x67\x65\x5f\x74\0\x70\x6d\x5f\x6d\x65\x73\x73\
\x61\x67\x65\0\x65\x76\x65\x6e\x74\0\x64\x6f\x6e\x65\0\x77\x61\x69\x74\0\x73\
\x77\x61\x69\x74\x5f\x71\x75\x65\x75\x65\x5f\x68\x65\x61\x64\0\x74\x61\x73\x6b\
\x5f\x6c\x69\x73\x74\0\x68\x72\x74\x69\x6d\x65\x72\0\x5f\x73\x6f\x66\x74\x65\
\x78\x70\x69\x72\x65\x73\0\x62\x61\x73\x65\0\x69\x73\x5f\x72\x65\x6c\0\x69\x73\
\x5f\x73\x6f\x66\x74\0\x69\x73\x5f\x68\x61\x72\x64\0\x74\x69\x6d\x65\x72\x71\
\x75\x65\x75\x65\x5f\x6e\x6f\x64\x65\0\x68\x72\x74\x69\x6d\x65\x72\x5f\x72\x65\
\x73\x74\x61\x72\x74\0\x48\x52\x54\x49\x4d\x45\x52\x5f\x4e\x4f\x52\x45\x53\x54\
\x41\x52\x54\0\x48\x52\x54\x49\x4d\x45\x52\x5f\x52\x45\x53\x54\x41\x52\x54\0\
\x77\x6f\x72\x6b\x5f\x73\x74\x72\x75\x63\x74\0\x77\x6f\x72\x6b\x5f\x66\x75\x6e\
\x63\x5f\x74\0\x77\x61\x69\x74\x5f\x71\x75\x65\x75\x65\x5f\x68\x65\x61\x64\x5f\
\x74\0\x77\x61\x69\x74\x5f\x71\x75\x65\x75\x65\x5f\x68\x65\x61\x64\0\x72\x70\
\x6d\x5f\x72\x65\x71\x75\x65\x73\x74\0\x52\x50\x4d\x5f\x52\x45\x51\x5f\x4e\x4f\
\x4e\x45\0\x52\x50\x4d\x5f\x52\x45\x51\x5f\x49\x44\x4c\x45\0\x52\x50\x4d\x5f\
\x52\x45\x51\x5f\x53\x55\x53\x50\x45\x4e\x44\0\x52\x50\x4d\x5f\x52\x45\x51\x5f\
\x41\x55\x54\x4f\x53\x55\x53\x50\x45\x4e\x44\0\x52\x50\x4d\x5f\x52\x45\x51\x5f\
\x52\x45\x53\x55\x4d\x45\0\x72\x70\x6d\x5f\x73\x74\x61\x74\x75\x73\0\x52\x50\
\x4d\x5f\x49\x4e\x56\x41\x4c\x49\x44\0\x52\x50\x4d\x5f\x41\x43\x54\x49\x56\x45\
\0\x52\x50\x4d\x5f\x52\x45\x53\x55\x4d\x49\x4e\x47\0\x52\x50\x4d\x5f\x53\x55\
\x53\x50\x45\x4e\x44\x45\x44\0\x52\x50\x4d\x5f\x53\x55\x53\x50\x45\x4e\x44\x49\
\x4e\x47\0\x73\x33\x32\0\x5f\x5f\x73\x33\x32\0\x64\x65\x76\x5f\x6d\x73\x69\x5f\
\x69\x6e\x66\x6f\0\x64\x6f\x6d\x61\x69\x6e\0\x64\x65\x76\x5f\x61\x72\x63\x68\
\x64\x61\x74\x61\0\x64\x65\x76\x5f\x74\0\x5f\x5f\x6b\x65\x72\x6e\x65\x6c\x5f\
\x64\x65\x76\x5f\x74\0\x64\x65\x76\x69\x63\x65\x5f\x72\x65\x6d\x6f\x76\x61\x62\
\x6c\x65\0\x44\x45\x56\x49\x43\x45\x5f\x52\x45\x4d\x4f\x56\x41\x42\x4c\x45\x5f\
\x4e\x4f\x54\x5f\x53\x55\x50\x50\x4f\x52\x54\x45\x44\0\x44\x45\x56\x49\x43\x45\
\x5f\x52\x45\x4d\x4f\x56\x41\x42\x4c\x45\x5f\x55\x4e\x4b\x4e\x4f\x57\x4e\0\x44\
\x45\x56\x49\x43\x45\x5f\x46\x49\x58\x45\x44\0\x44\x45\x56\x49\x43\x45\x5f\x52\
\x45\x4d\x4f\x56\x41\x42\x4c\x45\0\x61\x74\x74\x72\x69\x62\x75\x74\x65\x5f\x67\
\x72\x6f\x75\x70\0\x69\x73\x5f\x76\x69\x73\x69\x62\x6c\x65\0\x69\x73\x5f\x62\
\x69\x6e\x5f\x76\x69\x73\x69\x62\x6c\x65\0\x61\x74\x74\x72\x73\0\x62\x69\x6e\
\x5f\x61\x74\x74\x72\x73\0\x75\x6d\x6f\x64\x65\x5f\x74\0\x61\x74\x74\x72\x69\
\x62\x75\x74\x65\0\x6d\x6f\x64\x65\0\x62\x69\x6e\x5f\x61\x74\x74\x72\x69\x62\
\x75\x74\x65\0\x61\x74\x74\x72\0\x73\x69\x7a\x65\0\x70\x72\x69\x76\x61\x74\x65\
\0\x66\x5f\x6d\x61\x70\x70\x69\x6e\x67\0\x72\x65\x61\x64\0\x77\x72\x69\x74\x65\
\0\x6c\x6c\x73\x65\x65\x6b\0\x6d\x6d\x61\x70\0\x73\x69\x7a\x65\x5f\x74\0\x5f\
\x5f\x6b\x65\x72\x6e\x65\x6c\x5f\x73\x69\x7a\x65\x5f\x74\0\x5f\x5f\x6b\x65\x72\
\x6e\x65\x6c\x5f\x75\x6c\x6f\x6e\x67\x5f\x74\0\x61\x64\x64\x72\x65\x73\x73\x5f\
\x73\x70\x61\x63\x65\0\x68\x6f\x73\x74\0\x69\x5f\x70\x61\x67\x65\x73\0\x69\x6e\
\x76\x61\x6c\x69\x64\x61\x74\x65\x5f\x6c\x6f\x63\x6b\0\x67\x66\x70\x5f\x6d\x61\
\x73\x6b\0\x69\x5f\x6d\x6d\x61\x70\x5f\x77\x72\x69\x74\x61\x62\x6c\x65\0\x69\
\x5f\x6d\x6d\x61\x70\0\x6e\x72\x70\x61\x67\x65\x73\0\x77\x72\x69\x74\x65\x62\
\x61\x63\x6b\x5f\x69\x6e\x64\x65\x78\0\x61\x5f\x6f\x70\x73\0\x69\x5f\x6d\x6d\
\x61\x70\x5f\x72\x77\x73\x65\x6d\0\x77\x62\x5f\x65\x72\x72\0\x69\x5f\x70\x72\
\x69\x76\x61\x74\x65\x5f\x6c\x6f\x63\x6b\0\x69\x5f\x70\x72\x69\x76\x61\x74\x65\
\x5f\x6c\x69\x73\x74\0\x69\x5f\x70\x72\x69\x76\x61\x74\x65\x5f\x64\x61\x74\x61\
\0\x72\x62\x5f\x72\x6f\x6f\x74\x5f\x63\x61\x63\x68\x65\x64\0\x72\x62\x5f\x6c\
\x65\x66\x74\x6d\x6f\x73\x74\0\x65\x72\x72\x73\x65\x71\x5f\x74\0\x73\x73\x69\
\x7a\x65\x5f\x74\0\x5f\x5f\x6b\x65\x72\x6e\x65\x6c\x5f\x73\x73\x69\x7a\x65\x5f\
\x74\0\x5f\x5f\x6b\x65\x72\x6e\x65\x6c\x5f\x6c\x6f\x6e\x67\x5f\x74\0\x6c\x6f\
\x6e\x67\0\x66\x69\x6c\x65\0\x66\x5f\x6c\x6f\x63\x6b\0\x66\x5f\x6d\x6f\x64\x65\
\0\x66\x5f\x63\x6f\x75\x6e\x74\0\x66\x5f\x70\x6f\x73\x5f\x6c\x6f\x63\x6b\0\x66\
\x5f\x70\x6f\x73\0\x66\x5f\x66\x6c\x61\x67\x73\0\x66\x5f\x6f\x77\x6e\x65\x72\0\
\x66\x5f\x63\x72\x65\x64\0\x66\x5f\x72\x61\0\x66\x5f\x70\x61\x74\x68\0\x66\x5f\
\x69\x6e\x6f\x64\x65\0\x66\x5f\x6f\x70\0\x66\x5f\x76\x65\x72\x73\x69\x6f\x6e\0\
\x66\x5f\x73\x65\x63\x75\x72\x69\x74\x79\0\x70\x72\x69\x76\x61\x74\x65\x5f\x64\
\x61\x74\x61\0\x66\x5f\x65\x70\0\x66\x5f\x77\x62\x5f\x65\x72\x72\0\x66\x5f\x73\
\x62\x5f\x65\x72\x72\0\x66\x5f\x74\x61\x73\x6b\x5f\x77\x6f\x72\x6b\0\x66\x5f\
\x6c\x6c\x69\x73\x74\0\x66\x5f\x69\x6f\x63\x62\x5f\x66\x6c\x61\x67\x73\0\x66\
\x6d\x6f\x64\x65\x5f\x74\0\x6c\x6f\x66\x66\x5f\x74\0\x5f\x5f\x6b\x65\x72\x6e\
\x65\x6c\x5f\x6c\x6f\x66\x66\x5f\x74\0\x66\x6f\x77\x6e\x5f\x73\x74\x72\x75\x63\
\x74\0\x70\x69\x64\0\x70\x69\x64\x5f\x74\x79\x70\x65\0\x75\x69\x64\0\x65\x75\
\x69\x64\0\x73\x69\x67\x6e\x75\x6d\0\x72\x77\x6c\x6f\x63\x6b\x5f\x74\0\x61\x72\
\x63\x68\x5f\x72\x77\x6c\x6f\x63\x6b\x5f\x74\0\x71\x72\x77\x6c\x6f\x63\x6b\0\
\x63\x6e\x74\x73\0\x77\x6c\x6f\x63\x6b\x65\x64\0\x5f\x5f\x6c\x73\x74\x61\x74\
\x65\0\x50\x49\x44\x54\x59\x50\x45\x5f\x50\x49\x44\0\x50\x49\x44\x54\x59\x50\
\x45\x5f\x54\x47\x49\x44\0\x50\x49\x44\x54\x59\x50\x45\x5f\x50\x47\x49\x44\0\
\x50\x49\x44\x54\x59\x50\x45\x5f\x53\x49\x44\0\x50\x49\x44\x54\x59\x50\x45\x5f\
\x4d\x41\x58\0\x6b\x75\x69\x64\x5f\x74\0\x75\x69\x64\x5f\x74\0\x5f\x5f\x6b\x65\
\x72\x6e\x65\x6c\x5f\x75\x69\x64\x33\x32\x5f\x74\0\x66\x69\x6c\x65\x5f\x72\x61\
\x5f\x73\x74\x61\x74\x65\0\x73\x74\x61\x72\x74\0\x61\x73\x79\x6e\x63\x5f\x73\
\x69\x7a\x65\0\x72\x61\x5f\x70\x61\x67\x65\x73\0\x6d\x6d\x61\x70\x5f\x6d\x69\
\x73\x73\0\x70\x72\x65\x76\x5f\x70\x6f\x73\0\x70\x61\x74\x68\0\x6d\x6e\x74\0\
\x64\x65\x6e\x74\x72\x79\0\x76\x6d\x5f\x61\x72\x65\x61\x5f\x73\x74\x72\x75\x63\
\x74\0\x76\x6d\x5f\x6d\x6d\0\x76\x6d\x5f\x70\x61\x67\x65\x5f\x70\x72\x6f\x74\0\
\x76\x6d\x5f\x6c\x6f\x63\x6b\x5f\x73\x65\x71\0\x76\x6d\x5f\x6c\x6f\x63\x6b\0\
\x64\x65\x74\x61\x63\x68\x65\x64\0\x73\x68\x61\x72\x65\x64\0\x61\x6e\x6f\x6e\
\x5f\x76\x6d\x61\x5f\x63\x68\x61\x69\x6e\0\x61\x6e\x6f\x6e\x5f\x76\x6d\x61\0\
\x76\x6d\x5f\x6f\x70\x73\0\x76\x6d\x5f\x70\x67\x6f\x66\x66\0\x76\x6d\x5f\x66\
\x69\x6c\x65\0\x76\x6d\x5f\x70\x72\x69\x76\x61\x74\x65\x5f\x64\x61\x74\x61\0\
\x61\x6e\x6f\x6e\x5f\x6e\x61\x6d\x65\0\x73\x77\x61\x70\x5f\x72\x65\x61\x64\x61\
\x68\x65\x61\x64\x5f\x69\x6e\x66\x6f\0\x76\x6d\x5f\x70\x6f\x6c\x69\x63\x79\0\
\x6e\x75\x6d\x61\x62\x5f\x73\x74\x61\x74\x65\0\x76\x6d\x5f\x75\x73\x65\x72\x66\
\x61\x75\x6c\x74\x66\x64\x5f\x63\x74\x78\0\x76\x6d\x5f\x72\x63\x75\0\x76\x6d\
\x5f\x73\x74\x61\x72\x74\0\x76\x6d\x5f\x65\x6e\x64\0\x70\x67\x70\x72\x6f\x74\
\x5f\x74\0\x70\x67\x70\x72\x6f\x74\0\x70\x67\x70\x72\x6f\x74\x76\x61\x6c\x5f\
\x74\0\x76\x6d\x5f\x66\x6c\x61\x67\x73\0\x5f\x5f\x76\x6d\x5f\x66\x6c\x61\x67\
\x73\0\x76\x6d\x5f\x66\x6c\x61\x67\x73\x5f\x74\0\x72\x62\0\x72\x62\x5f\x73\x75\
\x62\x74\x72\x65\x65\x5f\x6c\x61\x73\x74\0\x62\x70\x66\x5f\x78\x64\x70\x5f\x65\
\x6e\x74\x69\x74\x79\0\x70\x72\x6f\x67\0\x6c\x69\x6e\x6b\0\x73\x6f\x63\x6b\0\
\x5f\x5f\x73\x6b\x5f\x63\x6f\x6d\x6d\x6f\x6e\0\x73\x6b\x5f\x72\x78\x5f\x64\x73\
\x74\0\x73\x6b\x5f\x72\x78\x5f\x64\x73\x74\x5f\x69\x66\x69\x6e\x64\x65\x78\0\
\x73\x6b\x5f\x72\x78\x5f\x64\x73\x74\x5f\x63\x6f\x6f\x6b\x69\x65\0\x73\x6b\x5f\
\x6c\x6f\x63\x6b\0\x73\x6b\x5f\x64\x72\x6f\x70\x73\0\x73\x6b\x5f\x72\x63\x76\
\x6c\x6f\x77\x61\x74\0\x73\x6b\x5f\x65\x72\x72\x6f\x72\x5f\x71\x75\x65\x75\x65\
\0\x73\x6b\x5f\x72\x65\x63\x65\x69\x76\x65\x5f\x71\x75\x65\x75\x65\0\x73\x6b\
\x5f\x62\x61\x63\x6b\x6c\x6f\x67\0\x73\x6b\x5f\x66\x6f\x72\x77\x61\x72\x64\x5f\
\x61\x6c\x6c\x6f\x63\0\x73\x6b\x5f\x72\x65\x73\x65\x72\x76\x65\x64\x5f\x6d\x65\
\x6d\0\x73\x6b\x5f\x6c\x6c\x5f\x75\x73\x65\x63\0\x73\x6b\x5f\x6e\x61\x70\x69\
\x5f\x69\x64\0\x73\x6b\x5f\x72\x63\x76\x62\x75\x66\0\x73\x6b\x5f\x64\x69\x73\
\x63\x6f\x6e\x6e\x65\x63\x74\x73\0\x73\x6b\x5f\x66\x69\x6c\x74\x65\x72\0\x73\
\x6b\x5f\x70\x6f\x6c\x69\x63\x79\0\x73\x6b\x5f\x64\x73\x74\x5f\x63\x61\x63\x68\
\x65\0\x73\x6b\x5f\x6f\x6d\x65\x6d\x5f\x61\x6c\x6c\x6f\x63\0\x73\x6b\x5f\x73\
\x6e\x64\x62\x75\x66\0\x73\x6b\x5f\x77\x6d\x65\x6d\x5f\x71\x75\x65\x75\x65\x64\
\0\x73\x6b\x5f\x77\x6d\x65\x6d\x5f\x61\x6c\x6c\x6f\x63\0\x73\x6b\x5f\x74\x73\
\x71\x5f\x66\x6c\x61\x67\x73\0\x73\x6b\x5f\x77\x72\x69\x74\x65\x5f\x71\x75\x65\
\x75\x65\0\x73\x6b\x5f\x70\x65\x65\x6b\x5f\x6f\x66\x66\0\x73\x6b\x5f\x77\x72\
\x69\x74\x65\x5f\x70\x65\x6e\x64\x69\x6e\x67\0\x73\x6b\x5f\x64\x73\x74\x5f\x70\
\x65\x6e\x64\x69\x6e\x67\x5f\x63\x6f\x6e\x66\x69\x72\x6d\0\x73\x6b\x5f\x70\x61\
\x63\x69\x6e\x67\x5f\x73\x74\x61\x74\x75\x73\0\x73\x6b\x5f\x73\x6e\x64\x74\x69\
\x6d\x65\x6f\0\x73\x6b\x5f\x74\x69\x6d\x65\x72\0\x73\x6b\x5f\x70\x72\x69\x6f\
\x72\x69\x74\x79\0\x73\x6b\x5f\x6d\x61\x72\x6b\0\x73\x6b\x5f\x70\x61\x63\x69\
\x6e\x67\x5f\x72\x61\x74\x65\0\x73\x6b\x5f\x6d\x61\x78\x5f\x70\x61\x63\x69\x6e\
\x67\x5f\x72\x61\x74\x65\0\x73\x6b\x5f\x66\x72\x61\x67\0\x73\x6b\x5f\x72\x6f\
\x75\x74\x65\x5f\x63\x61\x70\x73\0\x73\x6b\x5f\x67\x73\x6f\x5f\x74\x79\x70\x65\
\0\x73\x6b\x5f\x67\x73\x6f\x5f\x6d\x61\x78\x5f\x73\x69\x7a\x65\0\x73\x6b\x5f\
\x61\x6c\x6c\x6f\x63\x61\x74\x69\x6f\x6e\0\x73\x6b\x5f\x74\x78\x68\x61\x73\x68\
\0\x73\x6b\x5f\x67\x73\x6f\x5f\x64\x69\x73\x61\x62\x6c\x65\x64\0\x73\x6b\x5f\
\x6b\x65\x72\x6e\x5f\x73\x6f\x63\x6b\0\x73\x6b\x5f\x6e\x6f\x5f\x63\x68\x65\x63\
\x6b\x5f\x74\x78\0\x73\x6b\x5f\x6e\x6f\x5f\x63\x68\x65\x63\x6b\x5f\x72\x78\0\
\x73\x6b\x5f\x75\x73\x65\x72\x6c\x6f\x63\x6b\x73\0\x73\x6b\x5f\x70\x61\x63\x69\
\x6e\x67\x5f\x73\x68\x69\x66\x74\0\x73\x6b\x5f\x74\x79\x70\x65\0\x73\x6b\x5f\
\x70\x72\x6f\x74\x6f\x63\x6f\x6c\0\x73\x6b\x5f\x67\x73\x6f\x5f\x6d\x61\x78\x5f\
\x73\x65\x67\x73\0\x73\x6b\x5f\x6c\x69\x6e\x67\x65\x72\x74\x69\x6d\x65\0\x73\
\x6b\x5f\x70\x72\x6f\x74\x5f\x63\x72\x65\x61\x74\x6f\x72\0\x73\x6b\x5f\x63\x61\
\x6c\x6c\x62\x61\x63\x6b\x5f\x6c\x6f\x63\x6b\0\x73\x6b\x5f\x65\x72\x72\0\x73\
\x6b\x5f\x65\x72\x72\x5f\x73\x6f\x66\x74\0\x73\x6b\x5f\x61\x63\x6b\x5f\x62\x61\
\x63\x6b\x6c\x6f\x67\0\x73\x6b\x5f\x6d\x61\x78\x5f\x61\x63\x6b\x5f\x62\x61\x63\
\x6b\x6c\x6f\x67\0\x73\x6b\x5f\x75\x69\x64\0\x73\x6b\x5f\x74\x78\x72\x65\x68\
\x61\x73\x68\0\x73\x6b\x5f\x70\x72\x65\x66\x65\x72\x5f\x62\x75\x73\x79\x5f\x70\
\x6f\x6c\x6c\0\x73\x6b\x5f\x62\x75\x73\x79\x5f\x70\x6f\x6c\x6c\x5f\x62\x75\x64\
\x67\x65\x74\0\x73\x6b\x5f\x70\x65\x65\x72\x5f\x6c\x6f\x63\x6b\0\x73\x6b\x5f\
\x62\x69\x6e\x64\x5f\x70\x68\x63\0\x73\x6b\x5f\x70\x65\x65\x72\x5f\x70\x69\x64\
\0\x73\x6b\x5f\x70\x65\x65\x72\x5f\x63\x72\x65\x64\0\x73\x6b\x5f\x72\x63\x76\
\x74\x69\x6d\x65\x6f\0\x73\x6b\x5f\x73\x74\x61\x6d\x70\0\x73\x6b\x5f\x74\x73\
\x6b\x65\x79\0\x73\x6b\x5f\x7a\x63\x6b\x65\x79\0\x73\x6b\x5f\x74\x73\x66\x6c\
\x61\x67\x73\0\x73\x6b\x5f\x73\x68\x75\x74\x64\x6f\x77\x6e\0\x73\x6b\x5f\x63\
\x6c\x6f\x63\x6b\x69\x64\0\x73\x6b\x5f\x74\x78\x74\x69\x6d\x65\x5f\x64\x65\x61\
\x64\x6c\x69\x6e\x65\x5f\x6d\x6f\x64\x65\0\x73\x6b\x5f\x74\x78\x74\x69\x6d\x65\
\x5f\x72\x65\x70\x6f\x72\x74\x5f\x65\x72\x72\x6f\x72\x73\0\x73\x6b\x5f\x74\x78\
\x74\x69\x6d\x65\x5f\x75\x6e\x75\x73\x65\x64\0\x73\x6b\x5f\x75\x73\x65\x5f\x74\
\x61\x73\x6b\x5f\x66\x72\x61\x67\0\x73\x6b\x5f\x73\x6f\x63\x6b\x65\x74\0\x73\
\x6b\x5f\x75\x73\x65\x72\x5f\x64\x61\x74\x61\0\x73\x6b\x5f\x73\x65\x63\x75\x72\
\x69\x74\x79\0\x73\x6b\x5f\x63\x67\x72\x70\x5f\x64\x61\x74\x61\0\x73\x6b\x5f\
\x6d\x65\x6d\x63\x67\0\x73\x6b\x5f\x73\x74\x61\x74\x65\x5f\x63\x68\x61\x6e\x67\
\x65\0\x73\x6b\x5f\x64\x61\x74\x61\x5f\x72\x65\x61\x64\x79\0\x73\x6b\x5f\x77\
\x72\x69\x74\x65\x5f\x73\x70\x61\x63\x65\0\x73\x6b\x5f\x65\x72\x72\x6f\x72\x5f\
\x72\x65\x70\x6f\x72\x74\0\x73\x6b\x5f\x62\x61\x63\x6b\x6c\x6f\x67\x5f\x72\x63\
\x76\0\x73\x6b\x5f\x76\x61\x6c\x69\x64\x61\x74\x65\x5f\x78\x6d\x69\x74\x5f\x73\
\x6b\x62\0\x73\x6b\x5f\x64\x65\x73\x74\x72\x75\x63\x74\0\x73\x6b\x5f\x72\x65\
\x75\x73\x65\x70\x6f\x72\x74\x5f\x63\x62\0\x73\x6b\x5f\x62\x70\x66\x5f\x73\x74\
\x6f\x72\x61\x67\x65\0\x73\x6b\x5f\x72\x63\x75\0\x6e\x73\x5f\x74\x72\x61\x63\
\x6b\x65\x72\0\x73\x6f\x63\x6b\x5f\x63\x6f\x6d\x6d\x6f\x6e\0\x73\x6b\x63\x5f\
\x66\x61\x6d\x69\x6c\x79\0\x73\x6b\x63\x5f\x73\x74\x61\x74\x65\0\x73\x6b\x63\
\x5f\x72\x65\x75\x73\x65\0\x73\x6b\x63\x5f\x72\x65\x75\x73\x65\x70\x6f\x72\x74\
\0\x73\x6b\x63\x5f\x69\x70\x76\x36\x6f\x6e\x6c\x79\0\x73\x6b\x63\x5f\x6e\x65\
\x74\x5f\x72\x65\x66\x63\x6e\x74\0\x73\x6b\x63\x5f\x62\x6f\x75\x6e\x64\x5f\x64\
\x65\x76\x5f\x69\x66\0\x73\x6b\x63\x5f\x70\x72\x6f\x74\0\x73\x6b\x63\x5f\x6e\
\x65\x74\0\x73\x6b\x63\x5f\x76\x36\x5f\x64\x61\x64\x64\x72\0\x73\x6b\x63\x5f\
\x76\x36\x5f\x72\x63\x76\x5f\x73\x61\x64\x64\x72\0\x73\x6b\x63\x5f\x63\x6f\x6f\
\x6b\x69\x65\0\x73\x6b\x63\x5f\x64\x6f\x6e\x74\x63\x6f\x70\x79\x5f\x62\x65\x67\
\x69\x6e\0\x73\x6b\x63\x5f\x74\x78\x5f\x71\x75\x65\x75\x65\x5f\x6d\x61\x70\x70\
\x69\x6e\x67\0\x73\x6b\x63\x5f\x72\x78\x5f\x71\x75\x65\x75\x65\x5f\x6d\x61\x70\
\x70\x69\x6e\x67\0\x73\x6b\x63\x5f\x72\x65\x66\x63\x6e\x74\0\x73\x6b\x63\x5f\
\x64\x6f\x6e\x74\x63\x6f\x70\x79\x5f\x65\x6e\x64\0\x73\x6b\x63\x5f\x61\x64\x64\
\x72\x70\x61\x69\x72\0\x5f\x5f\x61\x64\x64\x72\x70\x61\x69\x72\0\x73\x6b\x63\
\x5f\x64\x61\x64\x64\x72\0\x73\x6b\x63\x5f\x72\x63\x76\x5f\x73\x61\x64\x64\x72\
\0\x73\x6b\x63\x5f\x68\x61\x73\x68\0\x73\x6b\x63\x5f\x75\x31\x36\x68\x61\x73\
\x68\x65\x73\0\x73\x6b\x63\x5f\x70\x6f\x72\x74\x70\x61\x69\x72\0\x5f\x5f\x70\
\x6f\x72\x74\x70\x61\x69\x72\0\x73\x6b\x63\x5f\x64\x70\x6f\x72\x74\0\x73\x6b\
\x63\x5f\x6e\x75\x6d\0\x73\x6b\x63\x5f\x62\x69\x6e\x64\x5f\x6e\x6f\x64\x65\0\
\x73\x6b\x63\x5f\x70\x6f\x72\x74\x61\x64\x64\x72\x5f\x6e\x6f\x64\x65\0\x69\x6e\
\x36\x5f\x61\x64\x64\x72\0\x69\x6e\x36\x5f\x75\0\x75\x36\x5f\x61\x64\x64\x72\
\x38\0\x75\x36\x5f\x61\x64\x64\x72\x31\x36\0\x75\x36\x5f\x61\x64\x64\x72\x33\
\x32\0\x73\x6b\x63\x5f\x66\x6c\x61\x67\x73\0\x73\x6b\x63\x5f\x6c\x69\x73\x74\
\x65\x6e\x65\x72\0\x73\x6b\x63\x5f\x74\x77\x5f\x64\x72\0\x73\x6b\x63\x5f\x6e\
\x6f\x64\x65\0\x73\x6b\x63\x5f\x6e\x75\x6c\x6c\x73\x5f\x6e\x6f\x64\x65\0\x68\
\x6c\x69\x73\x74\x5f\x6e\x75\x6c\x6c\x73\x5f\x6e\x6f\x64\x65\0\x73\x6b\x63\x5f\
\x69\x6e\x63\x6f\x6d\x69\x6e\x67\x5f\x63\x70\x75\0\x73\x6b\x63\x5f\x72\x63\x76\
\x5f\x77\x6e\x64\0\x73\x6b\x63\x5f\x74\x77\x5f\x72\x63\x76\x5f\x6e\x78\x74\0\
\x73\x6b\x63\x5f\x72\x78\x68\x61\x73\x68\0\x73\x6b\x63\x5f\x77\x69\x6e\x64\x6f\
\x77\x5f\x63\x6c\x61\x6d\x70\0\x73\x6b\x63\x5f\x74\x77\x5f\x73\x6e\x64\x5f\x6e\
\x78\x74\0\x73\x6f\x63\x6b\x65\x74\x5f\x6c\x6f\x63\x6b\x5f\x74\0\x73\x6c\x6f\
\x63\x6b\0\x6f\x77\x6e\x65\x64\0\x77\x71\0\x73\x6b\x5f\x62\x75\x66\x66\x5f\x68\
\x65\x61\x64\0\x71\x6c\x65\x6e\0\x73\x6b\x5f\x62\x75\x66\x66\x5f\x6c\x69\x73\
\x74\0\x72\x6d\x65\x6d\x5f\x61\x6c\x6c\x6f\x63\0\x73\x6b\x5f\x77\x71\0\x73\x6b\
\x5f\x77\x71\x5f\x72\x61\x77\0\x78\x66\x72\x6d\x5f\x70\x6f\x6c\x69\x63\x79\0\
\x78\x70\x5f\x6e\x65\x74\0\x62\x79\x64\x73\x74\0\x62\x79\x69\x64\x78\0\x73\x74\
\x61\x74\x65\x5f\x63\x61\x63\x68\x65\x5f\x6c\x69\x73\x74\0\x70\x6f\x73\0\x74\
\x69\x6d\x65\x72\0\x67\x65\x6e\x69\x64\0\x69\x6e\x64\x65\x78\0\x69\x66\x5f\x69\
\x64\0\x73\x65\x6c\x65\x63\x74\x6f\x72\0\x6c\x66\x74\0\x63\x75\x72\x6c\x66\x74\
\0\x77\x61\x6c\x6b\0\x70\x6f\x6c\x71\0\x62\x79\x64\x73\x74\x5f\x72\x65\x69\x6e\
\x73\x65\x72\x74\0\x61\x63\x74\x69\x6f\x6e\0\x78\x66\x72\x6d\x5f\x6e\x72\0\x73\
\x65\x63\x75\x72\x69\x74\x79\0\x78\x66\x72\x6d\x5f\x76\x65\x63\0\x62\x79\x64\
\x73\x74\x5f\x69\x6e\x65\x78\x61\x63\x74\x5f\x6c\x69\x73\x74\0\x78\x64\x6f\0\
\x78\x66\x72\x6d\x5f\x6d\x61\x72\x6b\0\x76\0\x6d\0\x78\x66\x72\x6d\x5f\x73\x65\
\x6c\x65\x63\x74\x6f\x72\0\x64\x61\x64\x64\x72\0\x73\x61\x64\x64\x72\0\x64\x70\
\x6f\x72\x74\x5f\x6d\x61\x73\x6b\0\x73\x70\x6f\x72\x74\x5f\x6d\x61\x73\x6b\0\
\x70\x72\x65\x66\x69\x78\x6c\x65\x6e\x5f\x64\0\x70\x72\x65\x66\x69\x78\x6c\x65\
\x6e\x5f\x73\0\x70\x72\x6f\x74\x6f\0\x75\x73\x65\x72\0\x78\x66\x72\x6d\x5f\x61\
\x64\x64\x72\x65\x73\x73\x5f\x74\0\x61\x34\0\x61\x36\0\x69\x6e\x36\0\x78\x66\
\x72\x6d\x5f\x6c\x69\x66\x65\x74\x69\x6d\x65\x5f\x63\x66\x67\0\x73\x6f\x66\x74\
\x5f\x62\x79\x74\x65\x5f\x6c\x69\x6d\x69\x74\0\x68\x61\x72\x64\x5f\x62\x79\x74\
\x65\x5f\x6c\x69\x6d\x69\x74\0\x73\x6f\x66\x74\x5f\x70\x61\x63\x6b\x65\x74\x5f\
\x6c\x69\x6d\x69\x74\0\x68\x61\x72\x64\x5f\x70\x61\x63\x6b\x65\x74\x5f\x6c\x69\
\x6d\x69\x74\0\x73\x6f\x66\x74\x5f\x61\x64\x64\x5f\x65\x78\x70\x69\x72\x65\x73\
\x5f\x73\x65\x63\x6f\x6e\x64\x73\0\x68\x61\x72\x64\x5f\x61\x64\x64\x5f\x65\x78\
\x70\x69\x72\x65\x73\x5f\x73\x65\x63\x6f\x6e\x64\x73\0\x73\x6f\x66\x74\x5f\x75\
\x73\x65\x5f\x65\x78\x70\x69\x72\x65\x73\x5f\x73\x65\x63\x6f\x6e\x64\x73\0\x68\
\x61\x72\x64\x5f\x75\x73\x65\x5f\x65\x78\x70\x69\x72\x65\x73\x5f\x73\x65\x63\
\x6f\x6e\x64\x73\0\x78\x66\x72\x6d\x5f\x6c\x69\x66\x65\x74\x69\x6d\x65\x5f\x63\
\x75\x72\0\x62\x79\x74\x65\x73\0\x70\x61\x63\x6b\x65\x74\x73\0\x61\x64\x64\x5f\
\x74\x69\x6d\x65\0\x75\x73\x65\x5f\x74\x69\x6d\x65\0\x78\x66\x72\x6d\x5f\x70\
\x6f\x6c\x69\x63\x79\x5f\x77\x61\x6c\x6b\x5f\x65\x6e\x74\x72\x79\0\x61\x6c\x6c\
\0\x64\x65\x61\x64\0\x78\x66\x72\x6d\x5f\x70\x6f\x6c\x69\x63\x79\x5f\x71\x75\
\x65\x75\x65\0\x68\x6f\x6c\x64\x5f\x71\x75\x65\x75\x65\0\x68\x6f\x6c\x64\x5f\
\x74\x69\x6d\x65\x72\0\x74\x69\x6d\x65\x6f\x75\x74\0\x78\x66\x72\x6d\x5f\x74\
\x6d\x70\x6c\0\x65\x6e\x63\x61\x70\x5f\x66\x61\x6d\x69\x6c\x79\0\x72\x65\x71\
\x69\x64\0\x73\x68\x61\x72\x65\0\x6f\x70\x74\x69\x6f\x6e\x61\x6c\0\x61\x6c\x6c\
\x61\x6c\x67\x73\0\x61\x61\x6c\x67\x6f\x73\0\x65\x61\x6c\x67\x6f\x73\0\x63\x61\
\x6c\x67\x6f\x73\0\x78\x66\x72\x6d\x5f\x69\x64\0\x73\x70\x69\0\x78\x66\x72\x6d\
\x5f\x64\x65\x76\x5f\x6f\x66\x66\x6c\x6f\x61\x64\0\x72\x65\x61\x6c\x5f\x64\x65\
\x76\0\x6f\x66\x66\x6c\x6f\x61\x64\x5f\x68\x61\x6e\x64\x6c\x65\0\x73\x6b\x5f\
\x73\x65\x6e\x64\x5f\x68\x65\x61\x64\0\x74\x63\x70\x5f\x72\x74\x78\x5f\x71\x75\
\x65\x75\x65\0\x70\x61\x67\x65\x5f\x66\x72\x61\x67\0\x70\x61\x67\x65\0\x63\x72\
\x65\x64\0\x75\x73\x61\x67\x65\0\x67\x69\x64\0\x73\x75\x69\x64\0\x73\x67\x69\
\x64\0\x65\x67\x69\x64\0\x66\x73\x75\x69\x64\0\x66\x73\x67\x69\x64\0\x73\x65\
\x63\x75\x72\x65\x62\x69\x74\x73\0\x63\x61\x70\x5f\x69\x6e\x68\x65\x72\x69\x74\
\x61\x62\x6c\x65\0\x63\x61\x70\x5f\x70\x65\x72\x6d\x69\x74\x74\x65\x64\0\x63\
\x61\x70\x5f\x65\x66\x66\x65\x63\x74\x69\x76\x65\0\x63\x61\x70\x5f\x62\x73\x65\
\x74\0\x63\x61\x70\x5f\x61\x6d\x62\x69\x65\x6e\x74\0\x6a\x69\x74\x5f\x6b\x65\
\x79\x72\x69\x6e\x67\0\x73\x65\x73\x73\x69\x6f\x6e\x5f\x6b\x65\x79\x72\x69\x6e\
\x67\0\x70\x72\x6f\x63\x65\x73\x73\x5f\x6b\x65\x79\x72\x69\x6e\x67\0\x74\x68\
\x72\x65\x61\x64\x5f\x6b\x65\x79\x72\x69\x6e\x67\0\x72\x65\x71\x75\x65\x73\x74\
\x5f\x6b\x65\x79\x5f\x61\x75\x74\x68\0\x67\x72\x6f\x75\x70\x5f\x69\x6e\x66\x6f\
\0\x6b\x65\x72\x6e\x65\x6c\x5f\x63\x61\x70\x5f\x74\0\x6e\x6f\x6e\x5f\x72\x63\
\x75\0\x73\x6f\x63\x6b\x5f\x63\x67\x72\x6f\x75\x70\x5f\x64\x61\x74\x61\0\x63\
\x67\x72\x6f\x75\x70\0\x63\x6c\x61\x73\x73\x69\x64\0\x70\x72\x69\x6f\x69\x64\
\x78\0\x6e\x65\x74\x6e\x73\x5f\x74\x72\x61\x63\x6b\x65\x72\0\x6e\x65\x69\x67\
\x68\x62\x6f\x75\x72\0\x74\x62\x6c\0\x70\x61\x72\x6d\x73\0\x63\x6f\x6e\x66\x69\
\x72\x6d\x65\x64\0\x75\x70\x64\x61\x74\x65\x64\0\x61\x72\x70\x5f\x71\x75\x65\
\x75\x65\x5f\x6c\x65\x6e\x5f\x62\x79\x74\x65\x73\0\x61\x72\x70\x5f\x71\x75\x65\
\x75\x65\0\x70\x72\x6f\x62\x65\x73\0\x6e\x75\x64\x5f\x73\x74\x61\x74\x65\0\x68\
\x61\x5f\x6c\x6f\x63\x6b\0\x68\x61\0\x68\x68\0\x67\x63\x5f\x6c\x69\x73\x74\0\
\x6d\x61\x6e\x61\x67\x65\x64\x5f\x6c\x69\x73\x74\0\x70\x72\x69\x6d\x61\x72\x79\
\x5f\x6b\x65\x79\0\x68\x68\x5f\x63\x61\x63\x68\x65\0\x68\x68\x5f\x6c\x65\x6e\0\
\x68\x68\x5f\x6c\x6f\x63\x6b\0\x68\x68\x5f\x64\x61\x74\x61\0\x70\x65\x72\x63\
\x70\x75\x5f\x63\x6f\x75\x6e\x74\x65\x72\0\x63\x6f\x75\x6e\x74\x65\x72\x73\0\
\x6e\x65\x74\x6e\x73\x5f\x73\x79\x73\x63\x74\x6c\x5f\x69\x70\x76\x36\0\x68\x64\
\x72\0\x69\x63\x6d\x70\x5f\x68\x64\x72\0\x78\x66\x72\x6d\x36\x5f\x68\x64\x72\0\
\x66\x6c\x75\x73\x68\x5f\x64\x65\x6c\x61\x79\0\x69\x70\x36\x5f\x72\x74\x5f\x6d\
\x61\x78\x5f\x73\x69\x7a\x65\0\x69\x70\x36\x5f\x72\x74\x5f\x67\x63\x5f\x6d\x69\
\x6e\x5f\x69\x6e\x74\x65\x72\x76\x61\x6c\0\x69\x70\x36\x5f\x72\x74\x5f\x67\x63\
\x5f\x74\x69\x6d\x65\x6f\x75\x74\0\x69\x70\x36\x5f\x72\x74\x5f\x67\x63\x5f\x69\
\x6e\x74\x65\x72\x76\x61\x6c\0\x69\x70\x36\x5f\x72\x74\x5f\x67\x63\x5f\x65\x6c\
\x61\x73\x74\x69\x63\x69\x74\x79\0\x69\x70\x36\x5f\x72\x74\x5f\x6d\x74\x75\x5f\
\x65\x78\x70\x69\x72\x65\x73\0\x69\x70\x36\x5f\x72\x74\x5f\x6d\x69\x6e\x5f\x61\
\x64\x76\x6d\x73\x73\0\x6d\x75\x6c\x74\x69\x70\x61\x74\x68\x5f\x68\x61\x73\x68\
\x5f\x66\x69\x65\x6c\x64\x73\0\x6d\x75\x6c\x74\x69\x70\x61\x74\x68\x5f\x68\x61\
\x73\x68\x5f\x70\x6f\x6c\x69\x63\x79\0\x62\x69\x6e\x64\x76\x36\x6f\x6e\x6c\x79\
\0\x66\x6c\x6f\x77\x6c\x61\x62\x65\x6c\x5f\x63\x6f\x6e\x73\x69\x73\x74\x65\x6e\
\x63\x79\0\x61\x75\x74\x6f\x5f\x66\x6c\x6f\x77\x6c\x61\x62\x65\x6c\x73\0\x69\
\x63\x6d\x70\x76\x36\x5f\x74\x69\x6d\x65\0\x69\x63\x6d\x70\x76\x36\x5f\x65\x63\
\x68\x6f\x5f\x69\x67\x6e\x6f\x72\x65\x5f\x61\x6c\x6c\0\x69\x63\x6d\x70\x76\x36\
\x5f\x65\x63\x68\x6f\x5f\x69\x67\x6e\x6f\x72\x65\x5f\x6d\x75\x6c\x74\x69\x63\
\x61\x73\x74\0\x69\x63\x6d\x70\x76\x36\x5f\x65\x63\x68\x6f\x5f\x69\x67\x6e\x6f\
\x72\x65\x5f\x61\x6e\x79\x63\x61\x73\x74\0\x69\x63\x6d\x70\x76\x36\x5f\x72\x61\
\x74\x65\x6d\x61\x73\x6b\0\x69\x63\x6d\x70\x76\x36\x5f\x72\x61\x74\x65\x6d\x61\
\x73\x6b\x5f\x70\x74\x72\0\x61\x6e\x79\x63\x61\x73\x74\x5f\x73\x72\x63\x5f\x65\
\x63\x68\x6f\x5f\x72\x65\x70\x6c\x79\0\x69\x70\x5f\x6e\x6f\x6e\x6c\x6f\x63\x61\
\x6c\x5f\x62\x69\x6e\x64\0\x66\x77\x6d\x61\x72\x6b\x5f\x72\x65\x66\x6c\x65\x63\
\x74\0\x66\x6c\x6f\x77\x6c\x61\x62\x65\x6c\x5f\x73\x74\x61\x74\x65\x5f\x72\x61\
\x6e\x67\x65\x73\0\x69\x64\x67\x65\x6e\x5f\x72\x65\x74\x72\x69\x65\x73\0\x69\
\x64\x67\x65\x6e\x5f\x64\x65\x6c\x61\x79\0\x66\x6c\x6f\x77\x6c\x61\x62\x65\x6c\
\x5f\x72\x65\x66\x6c\x65\x63\x74\0\x6d\x61\x78\x5f\x64\x73\x74\x5f\x6f\x70\x74\
\x73\x5f\x63\x6e\x74\0\x6d\x61\x78\x5f\x68\x62\x68\x5f\x6f\x70\x74\x73\x5f\x63\
\x6e\x74\0\x6d\x61\x78\x5f\x64\x73\x74\x5f\x6f\x70\x74\x73\x5f\x6c\x65\x6e\0\
\x6d\x61\x78\x5f\x68\x62\x68\x5f\x6f\x70\x74\x73\x5f\x6c\x65\x6e\0\x73\x65\x67\
\x36\x5f\x66\x6c\x6f\x77\x6c\x61\x62\x65\x6c\0\x69\x6f\x61\x6d\x36\x5f\x69\x64\
\0\x69\x6f\x61\x6d\x36\x5f\x69\x64\x5f\x77\x69\x64\x65\0\x73\x6b\x69\x70\x5f\
\x6e\x6f\x74\x69\x66\x79\x5f\x6f\x6e\x5f\x64\x65\x76\x5f\x64\x6f\x77\x6e\0\x66\
\x69\x62\x5f\x6e\x6f\x74\x69\x66\x79\x5f\x6f\x6e\x5f\x66\x6c\x61\x67\x5f\x63\
\x68\x61\x6e\x67\x65\0\x69\x63\x6d\x70\x76\x36\x5f\x65\x72\x72\x6f\x72\x5f\x61\
\x6e\x79\x63\x61\x73\x74\x5f\x61\x73\x5f\x75\x6e\x69\x63\x61\x73\x74\0\x64\x65\
\x6c\x61\x79\x65\x64\x5f\x77\x6f\x72\x6b\0\x63\x70\x75\0\x6e\x65\x74\x6e\x73\
\x5f\x69\x65\x65\x65\x38\x30\x32\x31\x35\x34\x5f\x6c\x6f\x77\x70\x61\x6e\0\x6e\
\x65\x74\x6e\x73\x5f\x73\x79\x73\x63\x74\x6c\x5f\x6c\x6f\x77\x70\x61\x6e\0\x6e\
\x65\x74\x6e\x73\x5f\x73\x63\x74\x70\0\x73\x63\x74\x70\x5f\x73\x74\x61\x74\x69\
\x73\x74\x69\x63\x73\0\x70\x72\x6f\x63\x5f\x6e\x65\x74\x5f\x73\x63\x74\x70\0\
\x73\x79\x73\x63\x74\x6c\x5f\x68\x65\x61\x64\x65\x72\0\x63\x74\x6c\x5f\x73\x6f\
\x63\x6b\0\x75\x64\x70\x34\x5f\x73\x6f\x63\x6b\0\x75\x64\x70\x36\x5f\x73\x6f\
\x63\x6b\0\x75\x64\x70\x5f\x70\x6f\x72\x74\0\x65\x6e\x63\x61\x70\x5f\x70\x6f\
\x72\x74\0\x6c\x6f\x63\x61\x6c\x5f\x61\x64\x64\x72\x5f\x6c\x69\x73\x74\0\x61\
\x64\x64\x72\x5f\x77\x61\x69\x74\x71\0\x61\x64\x64\x72\x5f\x77\x71\x5f\x74\x69\
\x6d\x65\x72\0\x61\x75\x74\x6f\x5f\x61\x73\x63\x6f\x6e\x66\x5f\x73\x70\x6c\x69\
\x73\x74\0\x61\x64\x64\x72\x5f\x77\x71\x5f\x6c\x6f\x63\x6b\0\x6c\x6f\x63\x61\
\x6c\x5f\x61\x64\x64\x72\x5f\x6c\x6f\x63\x6b\0\x72\x74\x6f\x5f\x69\x6e\x69\x74\
\x69\x61\x6c\0\x72\x74\x6f\x5f\x6d\x69\x6e\0\x72\x74\x6f\x5f\x6d\x61\x78\0\x72\
\x74\x6f\x5f\x61\x6c\x70\x68\x61\0\x72\x74\x6f\x5f\x62\x65\x74\x61\0\x6d\x61\
\x78\x5f\x62\x75\x72\x73\x74\0\x63\x6f\x6f\x6b\x69\x65\x5f\x70\x72\x65\x73\x65\
\x72\x76\x65\x5f\x65\x6e\x61\x62\x6c\x65\0\x73\x63\x74\x70\x5f\x68\x6d\x61\x63\
\x5f\x61\x6c\x67\0\x76\x61\x6c\x69\x64\x5f\x63\x6f\x6f\x6b\x69\x65\x5f\x6c\x69\
\x66\x65\0\x73\x61\x63\x6b\x5f\x74\x69\x6d\x65\x6f\x75\x74\0\x68\x62\x5f\x69\
\x6e\x74\x65\x72\x76\x61\x6c\0\x70\x72\x6f\x62\x65\x5f\x69\x6e\x74\x65\x72\x76\
\x61\x6c\0\x6d\x61\x78\x5f\x72\x65\x74\x72\x61\x6e\x73\x5f\x61\x73\x73\x6f\x63\
\x69\x61\x74\x69\x6f\x6e\0\x6d\x61\x78\x5f\x72\x65\x74\x72\x61\x6e\x73\x5f\x70\
\x61\x74\x68\0\x6d\x61\x78\x5f\x72\x65\x74\x72\x61\x6e\x73\x5f\x69\x6e\x69\x74\
\0\x70\x66\x5f\x72\x65\x74\x72\x61\x6e\x73\0\x70\x73\x5f\x72\x65\x74\x72\x61\
\x6e\x73\0\x70\x66\x5f\x65\x6e\x61\x62\x6c\x65\0\x70\x66\x5f\x65\x78\x70\x6f\
\x73\x65\0\x73\x6e\x64\x62\x75\x66\x5f\x70\x6f\x6c\x69\x63\x79\0\x72\x63\x76\
\x62\x75\x66\x5f\x70\x6f\x6c\x69\x63\x79\0\x64\x65\x66\x61\x75\x6c\x74\x5f\x61\
\x75\x74\x6f\x5f\x61\x73\x63\x6f\x6e\x66\0\x61\x64\x64\x69\x70\x5f\x65\x6e\x61\
\x62\x6c\x65\0\x61\x64\x64\x69\x70\x5f\x6e\x6f\x61\x75\x74\x68\0\x70\x72\x73\
\x63\x74\x70\x5f\x65\x6e\x61\x62\x6c\x65\0\x72\x65\x63\x6f\x6e\x66\x5f\x65\x6e\
\x61\x62\x6c\x65\0\x61\x75\x74\x68\x5f\x65\x6e\x61\x62\x6c\x65\0\x69\x6e\x74\
\x6c\x5f\x65\x6e\x61\x62\x6c\x65\0\x65\x63\x6e\x5f\x65\x6e\x61\x62\x6c\x65\0\
\x73\x63\x6f\x70\x65\x5f\x70\x6f\x6c\x69\x63\x79\0\x72\x77\x6e\x64\x5f\x75\x70\
\x64\x5f\x73\x68\x69\x66\x74\0\x6d\x61\x78\x5f\x61\x75\x74\x6f\x63\x6c\x6f\x73\
\x65\0\x6c\x33\x6d\x64\x65\x76\x5f\x61\x63\x63\x65\x70\x74\0\x73\x63\x74\x70\
\x5f\x6d\x69\x62\0\x6e\x65\x74\x6e\x73\x5f\x6e\x66\0\x70\x72\x6f\x63\x5f\x6e\
\x65\x74\x66\x69\x6c\x74\x65\x72\0\x6e\x66\x5f\x6c\x6f\x67\x67\x65\x72\x73\0\
\x6e\x66\x5f\x6c\x6f\x67\x5f\x64\x69\x72\x5f\x68\x65\x61\x64\x65\x72\0\x6e\x66\
\x5f\x6c\x77\x74\x6e\x6c\x5f\x64\x69\x72\x5f\x68\x65\x61\x64\x65\x72\0\x68\x6f\
\x6f\x6b\x73\x5f\x69\x70\x76\x34\0\x68\x6f\x6f\x6b\x73\x5f\x69\x70\x76\x36\0\
\x68\x6f\x6f\x6b\x73\x5f\x61\x72\x70\0\x68\x6f\x6f\x6b\x73\x5f\x62\x72\x69\x64\
\x67\x65\0\x64\x65\x66\x72\x61\x67\x5f\x69\x70\x76\x34\x5f\x75\x73\x65\x72\x73\
\0\x64\x65\x66\x72\x61\x67\x5f\x69\x70\x76\x36\x5f\x75\x73\x65\x72\x73\0\x6e\
\x66\x5f\x6c\x6f\x67\x67\x65\x72\0\x6c\x6f\x67\x66\x6e\0\x6d\x65\0\x6e\x66\x5f\
\x6c\x6f\x67\x5f\x74\x79\x70\x65\0\x4e\x46\x5f\x4c\x4f\x47\x5f\x54\x59\x50\x45\
\x5f\x4c\x4f\x47\0\x4e\x46\x5f\x4c\x4f\x47\x5f\x54\x59\x50\x45\x5f\x55\x4c\x4f\
\x47\0\x4e\x46\x5f\x4c\x4f\x47\x5f\x54\x59\x50\x45\x5f\x4d\x41\x58\0\x6e\x66\
\x5f\x6c\x6f\x67\x66\x6e\0\x75\x5f\x69\x6e\x74\x38\x5f\x74\0\x6e\x66\x5f\x6c\
\x6f\x67\x69\x6e\x66\x6f\0\x75\0\x75\x6c\x6f\x67\0\x6c\x6f\x67\0\x63\x6f\x70\
\x79\x5f\x6c\x65\x6e\0\x71\x74\x68\x72\x65\x73\x68\x6f\x6c\x64\0\x75\x5f\x69\
\x6e\x74\x33\x32\x5f\x74\0\x75\x5f\x69\x6e\x74\x31\x36\x5f\x74\0\x6c\x65\x76\
\x65\x6c\0\x6c\x6f\x67\x66\x6c\x61\x67\x73\0\x6e\x66\x5f\x68\x6f\x6f\x6b\x5f\
\x65\x6e\x74\x72\x69\x65\x73\0\x6e\x75\x6d\x5f\x68\x6f\x6f\x6b\x5f\x65\x6e\x74\
\x72\x69\x65\x73\0\x68\x6f\x6f\x6b\x73\0\x6e\x66\x5f\x68\x6f\x6f\x6b\x5f\x65\
\x6e\x74\x72\x79\0\x70\x72\x69\x76\0\x6e\x66\x5f\x68\x6f\x6f\x6b\x66\x6e\0\x6e\
\x65\x74\x6e\x73\x5f\x63\x74\0\x65\x63\x61\x63\x68\x65\x5f\x64\x77\x6f\x72\x6b\
\x5f\x70\x65\x6e\x64\x69\x6e\x67\0\x73\x79\x73\x63\x74\x6c\x5f\x6c\x6f\x67\x5f\
\x69\x6e\x76\x61\x6c\x69\x64\0\x73\x79\x73\x63\x74\x6c\x5f\x65\x76\x65\x6e\x74\
\x73\0\x73\x79\x73\x63\x74\x6c\x5f\x61\x63\x63\x74\0\x73\x79\x73\x63\x74\x6c\
\x5f\x74\x73\x74\x61\x6d\x70\0\x73\x79\x73\x63\x74\x6c\x5f\x63\x68\x65\x63\x6b\
\x73\x75\x6d\0\x73\x74\x61\x74\0\x6e\x66\x5f\x63\x6f\x6e\x6e\x74\x72\x61\x63\
\x6b\x5f\x65\x76\x65\x6e\x74\x5f\x63\x62\0\x6e\x66\x5f\x63\x74\x5f\x70\x72\x6f\
\x74\x6f\0\x6c\x61\x62\x65\x6c\x73\x5f\x75\x73\x65\x64\0\x6e\x66\x5f\x69\x70\
\x5f\x6e\x65\x74\0\x67\x65\x6e\x65\x72\x69\x63\0\x74\x63\x70\0\x75\x64\x70\0\
\x69\x63\x6d\x70\0\x69\x63\x6d\x70\x76\x36\0\x64\x63\x63\x70\0\x67\x72\x65\0\
\x6e\x66\x5f\x67\x65\x6e\x65\x72\x69\x63\x5f\x6e\x65\x74\0\x6e\x66\x5f\x74\x63\
\x70\x5f\x6e\x65\x74\0\x74\x69\x6d\x65\x6f\x75\x74\x73\0\x74\x63\x70\x5f\x6c\
\x6f\x6f\x73\x65\0\x74\x63\x70\x5f\x62\x65\x5f\x6c\x69\x62\x65\x72\x61\x6c\0\
\x74\x63\x70\x5f\x6d\x61\x78\x5f\x72\x65\x74\x72\x61\x6e\x73\0\x74\x63\x70\x5f\
\x69\x67\x6e\x6f\x72\x65\x5f\x69\x6e\x76\x61\x6c\x69\x64\x5f\x72\x73\x74\0\x6f\
\x66\x66\x6c\x6f\x61\x64\x5f\x74\x69\x6d\x65\x6f\x75\x74\0\x6e\x66\x5f\x75\x64\
\x70\x5f\x6e\x65\x74\0\x6e\x66\x5f\x69\x63\x6d\x70\x5f\x6e\x65\x74\0\x6e\x66\
\x5f\x64\x63\x63\x70\x5f\x6e\x65\x74\0\x64\x63\x63\x70\x5f\x6c\x6f\x6f\x73\x65\
\0\x64\x63\x63\x70\x5f\x74\x69\x6d\x65\x6f\x75\x74\0\x6e\x66\x5f\x73\x63\x74\
\x70\x5f\x6e\x65\x74\0\x6e\x66\x5f\x67\x72\x65\x5f\x6e\x65\x74\0\x6b\x65\x79\
\x6d\x61\x70\x5f\x6c\x69\x73\x74\0\x6e\x65\x74\x6e\x73\x5f\x6e\x66\x74\x61\x62\
\x6c\x65\x73\0\x62\x61\x73\x65\x5f\x73\x65\x71\0\x67\x65\x6e\x63\x75\x72\x73\
\x6f\x72\0\x6e\x65\x74\x6e\x73\x5f\x66\x74\0\x6e\x65\x74\x6e\x73\x5f\x62\x70\
\x66\0\x72\x75\x6e\x5f\x61\x72\x72\x61\x79\0\x70\x72\x6f\x67\x73\0\x62\x70\x66\
\x5f\x70\x72\x6f\x67\x5f\x61\x72\x72\x61\x79\0\x69\x74\x65\x6d\x73\0\x62\x70\
\x66\x5f\x70\x72\x6f\x67\x5f\x61\x72\x72\x61\x79\x5f\x69\x74\x65\x6d\0\x63\x67\
\x72\x6f\x75\x70\x5f\x73\x74\x6f\x72\x61\x67\x65\0\x62\x70\x66\x5f\x63\x6f\x6f\
\x6b\x69\x65\0\x62\x70\x66\x5f\x63\x67\x72\x6f\x75\x70\x5f\x73\x74\x6f\x72\x61\
\x67\x65\0\x6d\x61\x70\0\x6c\x69\x73\x74\x5f\x6d\x61\x70\0\x6c\x69\x73\x74\x5f\
\x63\x67\0\x62\x75\x66\0\x70\x65\x72\x63\x70\x75\x5f\x62\x75\x66\0\x62\x70\x66\
\x5f\x63\x67\x72\x6f\x75\x70\x5f\x73\x74\x6f\x72\x61\x67\x65\x5f\x6b\x65\x79\0\
\x63\x67\x72\x6f\x75\x70\x5f\x69\x6e\x6f\x64\x65\x5f\x69\x64\0\x61\x74\x74\x61\
\x63\x68\x5f\x74\x79\x70\x65\0\x62\x70\x66\x5f\x70\x72\x6f\x67\0\x70\x61\x67\
\x65\x73\0\x6a\x69\x74\x65\x64\0\x6a\x69\x74\x5f\x72\x65\x71\x75\x65\x73\x74\
\x65\x64\0\x67\x70\x6c\x5f\x63\x6f\x6d\x70\x61\x74\x69\x62\x6c\x65\0\x63\x62\
\x5f\x61\x63\x63\x65\x73\x73\0\x64\x73\x74\x5f\x6e\x65\x65\x64\x65\x64\0\x62\
\x6c\x69\x6e\x64\x69\x6e\x67\x5f\x72\x65\x71\x75\x65\x73\x74\x65\x64\0\x62\x6c\
\x69\x6e\x64\x65\x64\0\x69\x73\x5f\x66\x75\x6e\x63\0\x6b\x70\x72\x6f\x62\x65\
\x5f\x6f\x76\x65\x72\x72\x69\x64\x65\0\x68\x61\x73\x5f\x63\x61\x6c\x6c\x63\x68\
\x61\x69\x6e\x5f\x62\x75\x66\0\x65\x6e\x66\x6f\x72\x63\x65\x5f\x65\x78\x70\x65\
\x63\x74\x65\x64\x5f\x61\x74\x74\x61\x63\x68\x5f\x74\x79\x70\x65\0\x63\x61\x6c\
\x6c\x5f\x67\x65\x74\x5f\x73\x74\x61\x63\x6b\0\x63\x61\x6c\x6c\x5f\x67\x65\x74\
\x5f\x66\x75\x6e\x63\x5f\x69\x70\0\x74\x73\x74\x61\x6d\x70\x5f\x74\x79\x70\x65\
\x5f\x61\x63\x63\x65\x73\x73\0\x65\x78\x70\x65\x63\x74\x65\x64\x5f\x61\x74\x74\
\x61\x63\x68\x5f\x74\x79\x70\x65\0\x6a\x69\x74\x65\x64\x5f\x6c\x65\x6e\0\x74\
\x61\x67\0\x61\x63\x74\x69\x76\x65\0\x62\x70\x66\x5f\x66\x75\x6e\x63\0\x61\x75\
\x78\0\x6f\x72\x69\x67\x5f\x70\x72\x6f\x67\0\x62\x70\x66\x5f\x70\x72\x6f\x67\
\x5f\x74\x79\x70\x65\0\x42\x50\x46\x5f\x50\x52\x4f\x47\x5f\x54\x59\x50\x45\x5f\
\x55\x4e\x53\x50\x45\x43\0\x42\x50\x46\x5f\x50\x52\x4f\x47\x5f\x54\x59\x50\x45\
\x5f\x53\x4f\x43\x4b\x45\x54\x5f\x46\x49\x4c\x54\x45\x52\0\x42\x50\x46\x5f\x50\
\x52\x4f\x47\x5f\x54\x59\x50\x45\x5f\x4b\x50\x52\x4f\x42\x45\0\x42\x50\x46\x5f\
\x50\x52\x4f\x47\x5f\x54\x59\x50\x45\x5f\x53\x43\x48\x45\x44\x5f\x43\x4c\x53\0\
\x42\x50\x46\x5f\x50\x52\x4f\x47\x5f\x54\x59\x50\x45\x5f\x53\x43\x48\x45\x44\
\x5f\x41\x43\x54\0\x42\x50\x46\x5f\x50\x52\x4f\x47\x5f\x54\x59\x50\x45\x5f\x54\
\x52\x41\x43\x45\x50\x4f\x49\x4e\x54\0\x42\x50\x46\x5f\x50\x52\x4f\x47\x5f\x54\
\x59\x50\x45\x5f\x58\x44\x50\0\x42\x50\x46\x5f\x50\x52\x4f\x47\x5f\x54\x59\x50\
\x45\x5f\x50\x45\x52\x46\x5f\x45\x56\x45\x4e\x54\0\x42\x50\x46\x5f\x50\x52\x4f\
\x47\x5f\x54\x59\x50\x45\x5f\x43\x47\x52\x4f\x55\x50\x5f\x53\x4b\x42\0\x42\x50\
\x46\x5f\x50\x52\x4f\x47\x5f\x54\x59\x50\x45\x5f\x43\x47\x52\x4f\x55\x50\x5f\
\x53\x4f\x43\x4b\0\x42\x50\x46\x5f\x50\x52\x4f\x47\x5f\x54\x59\x50\x45\x5f\x4c\
\x57\x54\x5f\x49\x4e\0\x42\x50\x46\x5f\x50\x52\x4f\x47\x5f\x54\x59\x50\x45\x5f\
\x4c\x57\x54\x5f\x4f\x55\x54\0\x42\x50\x46\x5f\x50\x52\x4f\x47\x5f\x54\x59\x50\
\x45\x5f\x4c\x57\x54\x5f\x58\x4d\x49\x54\0\x42\x50\x46\x5f\x50\x52\x4f\x47\x5f\
\x54\x59\x50\x45\x5f\x53\x4f\x43\x4b\x5f\x4f\x50\x53\0\x42\x50\x46\x5f\x50\x52\
\x4f\x47\x5f\x54\x59\x50\x45\x5f\x53\x4b\x5f\x53\x4b\x42\0\x42\x50\x46\x5f\x50\
\x52\x4f\x47\x5f\x54\x59\x50\x45\x5f\x43\x47\x52\x4f\x55\x50\x5f\x44\x45\x56\
\x49\x43\x45\0\x42\x50\x46\x5f\x50\x52\x4f\x47\x5f\x54\x59\x50\x45\x5f\x53\x4b\
\x5f\x4d\x53\x47\0\x42\x50\x46\x5f\x50\x52\x4f\x47\x5f\x54\x59\x50\x45\x5f\x52\
\x41\x57\x5f\x54\x52\x41\x43\x45\x50\x4f\x49\x4e\x54\0\x42\x50\x46\x5f\x50\x52\
\x4f\x47\x5f\x54\x59\x50\x45\x5f\x43\x47\x52\x4f\x55\x50\x5f\x53\x4f\x43\x4b\
\x5f\x41\x44\x44\x52\0\x42\x50\x46\x5f\x50\x52\x4f\x47\x5f\x54\x59\x50\x45\x5f\
\x4c\x57\x54\x5f\x53\x45\x47\x36\x4c\x4f\x43\x41\x4c\0\x42\x50\x46\x5f\x50\x52\
\x4f\x47\x5f\x54\x59\x50\x45\x5f\x4c\x49\x52\x43\x5f\x4d\x4f\x44\x45\x32\0\x42\
\x50\x46\x5f\x50\x52\x4f\x47\x5f\x54\x59\x50\x45\x5f\x53\x4b\x5f\x52\x45\x55\
\x53\x45\x50\x4f\x52\x54\0\x42\x50\x46\x5f\x50\x52\x4f\x47\x5f\x54\x59\x50\x45\
\x5f\x46\x4c\x4f\x57\x5f\x44\x49\x53\x53\x45\x43\x54\x4f\x52\0\x42\x50\x46\x5f\
\x50\x52\x4f\x47\x5f\x54\x59\x50\x45\x5f\x43\x47\x52\x4f\x55\x50\x5f\x53\x59\
\x53\x43\x54\x4c\0\x42\x50\x46\x5f\x50\x52\x4f\x47\x5f\x54\x59\x50\x45\x5f\x52\
\x41\x57\x5f\x54\x52\x41\x43\x45\x50\x4f\x49\x4e\x54\x5f\x57\x52\x49\x54\x41\
\x42\x4c\x45\0\x42\x50\x46\x5f\x50\x52\x4f\x47\x5f\x54\x59\x50\x45\x5f\x43\x47\
\x52\x4f\x55\x50\x5f\x53\x4f\x43\x4b\x4f\x50\x54\0\x42\x50\x46\x5f\x50\x52\x4f\
\x47\x5f\x54\x59\x50\x45\x5f\x54\x52\x41\x43\x49\x4e\x47\0\x42\x50\x46\x5f\x50\
\x52\x4f\x47\x5f\x54\x59\x50\x45\x5f\x53\x54\x52\x55\x43\x54\x5f\x4f\x50\x53\0\
\x42\x50\x46\x5f\x50\x52\x4f\x47\x5f\x54\x59\x50\x45\x5f\x45\x58\x54\0\x42\x50\
\x46\x5f\x50\x52\x4f\x47\x5f\x54\x59\x50\x45\x5f\x4c\x53\x4d\0\x42\x50\x46\x5f\
\x50\x52\x4f\x47\x5f\x54\x59\x50\x45\x5f\x53\x4b\x5f\x4c\x4f\x4f\x4b\x55\x50\0\
\x42\x50\x46\x5f\x50\x52\x4f\x47\x5f\x54\x59\x50\x45\x5f\x53\x59\x53\x43\x41\
\x4c\x4c\0\x42\x50\x46\x5f\x50\x52\x4f\x47\x5f\x54\x59\x50\x45\x5f\x4e\x45\x54\
\x46\x49\x4c\x54\x45\x52\0\x5f\x5f\x4d\x41\x58\x5f\x42\x50\x46\x5f\x50\x52\x4f\
\x47\x5f\x54\x59\x50\x45\0\x62\x70\x66\x5f\x61\x74\x74\x61\x63\x68\x5f\x74\x79\
\x70\x65\0\x42\x50\x46\x5f\x43\x47\x52\x4f\x55\x50\x5f\x49\x4e\x45\x54\x5f\x49\
\x4e\x47\x52\x45\x53\x53\0\x42\x50\x46\x5f\x43\x47\x52\x4f\x55\x50\x5f\x49\x4e\
\x45\x54\x5f\x45\x47\x52\x45\x53\x53\0\x42\x50\x46\x5f\x43\x47\x52\x4f\x55\x50\
\x5f\x49\x4e\x45\x54\x5f\x53\x4f\x43\x4b\x5f\x43\x52\x45\x41\x54\x45\0\x42\x50\
\x46\x5f\x43\x47\x52\x4f\x55\x50\x5f\x53\x4f\x43\x4b\x5f\x4f\x50\x53\0\x42\x50\
\x46\x5f\x53\x4b\x5f\x53\x4b\x42\x5f\x53\x54\x52\x45\x41\x4d\x5f\x50\x41\x52\
\x53\x45\x52\0\x42\x50\x46\x5f\x53\x4b\x5f\x53\x4b\x42\x5f\x53\x54\x52\x45\x41\
\x4d\x5f\x56\x45\x52\x44\x49\x43\x54\0\x42\x50\x46\x5f\x43\x47\x52\x4f\x55\x50\
\x5f\x44\x45\x56\x49\x43\x45\0\x42\x50\x46\x5f\x53\x4b\x5f\x4d\x53\x47\x5f\x56\
\x45\x52\x44\x49\x43\x54\0\x42\x50\x46\x5f\x43\x47\x52\x4f\x55\x50\x5f\x49\x4e\
\x45\x54\x34\x5f\x42\x49\x4e\x44\0\x42\x50\x46\x5f\x43\x47\x52\x4f\x55\x50\x5f\
\x49\x4e\x45\x54\x36\x5f\x42\x49\x4e\x44\0\x42\x50\x46\x5f\x43\x47\x52\x4f\x55\
\x50\x5f\x49\x4e\x45\x54\x34\x5f\x43\x4f\x4e\x4e\x45\x43\x54\0\x42\x50\x46\x5f\
\x43\x47\x52\x4f\x55\x50\x5f\x49\x4e\x45\x54\x36\x5f\x43\x4f\x4e\x4e\x45\x43\
\x54\0\x42\x50\x46\x5f\x43\x47\x52\x4f\x55\x50\x5f\x49\x4e\x45\x54\x34\x5f\x50\
\x4f\x53\x54\x5f\x42\x49\x4e\x44\0\x42\x50\x46\x5f\x43\x47\x52\x4f\x55\x50\x5f\
\x49\x4e\x45\x54\x36\x5f\x50\x4f\x53\x54\x5f\x42\x49\x4e\x44\0\x42\x50\x46\x5f\
\x43\x47\x52\x4f\x55\x50\x5f\x55\x44\x50\x34\x5f\x53\x45\x4e\x44\x4d\x53\x47\0\
\x42\x50\x46\x5f\x43\x47\x52\x4f\x55\x50\x5f\x55\x44\x50\x36\x5f\x53\x45\x4e\
\x44\x4d\x53\x47\0\x42\x50\x46\x5f\x4c\x49\x52\x43\x5f\x4d\x4f\x44\x45\x32\0\
\x42\x50\x46\x5f\x46\x4c\x4f\x57\x5f\x44\x49\x53\x53\x45\x43\x54\x4f\x52\0\x42\
\x50\x46\x5f\x43\x47\x52\x4f\x55\x50\x5f\x53\x59\x53\x43\x54\x4c\0\x42\x50\x46\
\x5f\x43\x47\x52\x4f\x55\x50\x5f\x55\x44\x50\x34\x5f\x52\x45\x43\x56\x4d\x53\
\x47\0\x42\x50\x46\x5f\x43\x47\x52\x4f\x55\x50\x5f\x55\x44\x50\x36\x5f\x52\x45\
\x43\x56\x4d\x53\x47\0\x42\x50\x46\x5f\x43\x47\x52\x4f\x55\x50\x5f\x47\x45\x54\
\x53\x4f\x43\x4b\x4f\x50\x54\0\x42\x50\x46\x5f\x43\x47\x52\x4f\x55\x50\x5f\x53\
\x45\x54\x53\x4f\x43\x4b\x4f\x50\x54\0\x42\x50\x46\x5f\x54\x52\x41\x43\x45\x5f\
\x52\x41\x57\x5f\x54\x50\0\x42\x50\x46\x5f\x54\x52\x41\x43\x45\x5f\x46\x45\x4e\
\x54\x52\x59\0\x42\x50\x46\x5f\x54\x52\x41\x43\x45\x5f\x46\x45\x58\x49\x54\0\
\x42\x50\x46\x5f\x4d\x4f\x44\x49\x46\x59\x5f\x52\x45\x54\x55\x52\x4e\0\x42\x50\
\x46\x5f\x4c\x53\x4d\x5f\x4d\x41\x43\0\x42\x50\x46\x5f\x54\x52\x41\x43\x45\x5f\
\x49\x54\x45\x52\0\x42\x50\x46\x5f\x43\x47\x52\x4f\x55\x50\x5f\x49\x4e\x45\x54\
\x34\x5f\x47\x45\x54\x50\x45\x45\x52\x4e\x41\x4d\x45\0\x42\x50\x46\x5f\x43\x47\
\x52\x4f\x55\x50\x5f\x49\x4e\x45\x54\x36\x5f\x47\x45\x54\x50\x45\x45\x52\x4e\
\x41\x4d\x45\0\x42\x50\x46\x5f\x43\x47\x52\x4f\x55\x50\x5f\x49\x4e\x45\x54\x34\
\x5f\x47\x45\x54\x53\x4f\x43\x4b\x4e\x41\x4d\x45\0\x42\x50\x46\x5f\x43\x47\x52\
\x4f\x55\x50\x5f\x49\x4e\x45\x54\x36\x5f\x47\x45\x54\x53\x4f\x43\x4b\x4e\x41\
\x4d\x45\0\x42\x50\x46\x5f\x58\x44\x50\x5f\x44\x45\x56\x4d\x41\x50\0\x42\x50\
\x46\x5f\x43\x47\x52\x4f\x55\x50\x5f\x49\x4e\x45\x54\x5f\x53\x4f\x43\x4b\x5f\
\x52\x45\x4c\x45\x41\x53\x45\0\x42\x50\x46\x5f\x58\x44\x50\x5f\x43\x50\x55\x4d\
\x41\x50\0\x42\x50\x46\x5f\x53\x4b\x5f\x4c\x4f\x4f\x4b\x55\x50\0\x42\x50\x46\
\x5f\x58\x44\x50\0\x42\x50\x46\x5f\x53\x4b\x5f\x53\x4b\x42\x5f\x56\x45\x52\x44\
\x49\x43\x54\0\x42\x50\x46\x5f\x53\x4b\x5f\x52\x45\x55\x53\x45\x50\x4f\x52\x54\
\x5f\x53\x45\x4c\x45\x43\x54\0\x42\x50\x46\x5f\x53\x4b\x5f\x52\x45\x55\x53\x45\
\x50\x4f\x52\x54\x5f\x53\x45\x4c\x45\x43\x54\x5f\x4f\x52\x5f\x4d\x49\x47\x52\
\x41\x54\x45\0\x42\x50\x46\x5f\x50\x45\x52\x46\x5f\x45\x56\x45\x4e\x54\0\x42\
\x50\x46\x5f\x54\x52\x41\x43\x45\x5f\x4b\x50\x52\x4f\x42\x45\x5f\x4d\x55\x4c\
\x54\x49\0\x42\x50\x46\x5f\x4c\x53\x4d\x5f\x43\x47\x52\x4f\x55\x50\0\x42\x50\
\x46\x5f\x53\x54\x52\x55\x43\x54\x5f\x4f\x50\x53\0\x42\x50\x46\x5f\x4e\x45\x54\
\x46\x49\x4c\x54\x45\x52\0\x42\x50\x46\x5f\x54\x43\x58\x5f\x49\x4e\x47\x52\x45\
\x53\x53\0\x42\x50\x46\x5f\x54\x43\x58\x5f\x45\x47\x52\x45\x53\x53\0\x42\x50\
\x46\x5f\x54\x52\x41\x43\x45\x5f\x55\x50\x52\x4f\x42\x45\x5f\x4d\x55\x4c\x54\
\x49\0\x42\x50\x46\x5f\x43\x47\x52\x4f\x55\x50\x5f\x55\x4e\x49\x58\x5f\x43\x4f\
\x4e\x4e\x45\x43\x54\0\x42\x50\x46\x5f\x43\x47\x52\x4f\x55\x50\x5f\x55\x4e\x49\
\x58\x5f\x53\x45\x4e\x44\x4d\x53\x47\0\x42\x50\x46\x5f\x43\x47\x52\x4f\x55\x50\
\x5f\x55\x4e\x49\x58\x5f\x52\x45\x43\x56\x4d\x53\x47\0\x42\x50\x46\x5f\x43\x47\
\x52\x4f\x55\x50\x5f\x55\x4e\x49\x58\x5f\x47\x45\x54\x50\x45\x45\x52\x4e\x41\
\x4d\x45\0\x42\x50\x46\x5f\x43\x47\x52\x4f\x55\x50\x5f\x55\x4e\x49\x58\x5f\x47\
\x45\x54\x53\x4f\x43\x4b\x4e\x41\x4d\x45\0\x42\x50\x46\x5f\x4e\x45\x54\x4b\x49\
\x54\x5f\x50\x52\x49\x4d\x41\x52\x59\0\x42\x50\x46\x5f\x4e\x45\x54\x4b\x49\x54\
\x5f\x50\x45\x45\x52\0\x5f\x5f\x4d\x41\x58\x5f\x42\x50\x46\x5f\x41\x54\x54\x41\
\x43\x48\x5f\x54\x59\x50\x45\0\x62\x70\x66\x5f\x69\x6e\x73\x6e\0\x63\x6f\x64\
\x65\0\x64\x73\x74\x5f\x72\x65\x67\0\x73\x72\x63\x5f\x72\x65\x67\0\x6f\x66\x66\
\0\x69\x6d\x6d\0\x5f\x5f\x65\x6d\x70\x74\x79\x5f\x69\x6e\x73\x6e\x73\0\x69\x6e\
\x73\x6e\x73\0\x73\x6f\x63\x6b\x5f\x66\x69\x6c\x74\x65\x72\0\x6a\x74\0\x6a\x66\
\0\x6b\0\x5f\x5f\x65\x6d\x70\x74\x79\x5f\x69\x6e\x73\x6e\x73\x69\0\x69\x6e\x73\
\x6e\x73\x69\0\x6e\x65\x74\x6e\x73\x5f\x78\x66\x72\x6d\0\x73\x74\x61\x74\x65\
\x5f\x61\x6c\x6c\0\x73\x74\x61\x74\x65\x5f\x62\x79\x64\x73\x74\0\x73\x74\x61\
\x74\x65\x5f\x62\x79\x73\x72\x63\0\x73\x74\x61\x74\x65\x5f\x62\x79\x73\x70\x69\
\0\x73\x74\x61\x74\x65\x5f\x62\x79\x73\x65\x71\0\x73\x74\x61\x74\x65\x5f\x63\
\x61\x63\x68\x65\x5f\x69\x6e\x70\x75\x74\0\x73\x74\x61\x74\x65\x5f\x68\x6d\x61\
\x73\x6b\0\x73\x74\x61\x74\x65\x5f\x6e\x75\x6d\0\x73\x74\x61\x74\x65\x5f\x68\
\x61\x73\x68\x5f\x77\x6f\x72\x6b\0\x70\x6f\x6c\x69\x63\x79\x5f\x61\x6c\x6c\0\
\x70\x6f\x6c\x69\x63\x79\x5f\x62\x79\x69\x64\x78\0\x70\x6f\x6c\x69\x63\x79\x5f\
\x69\x64\x78\x5f\x68\x6d\x61\x73\x6b\0\x69\x64\x78\x5f\x67\x65\x6e\x65\x72\x61\
\x74\x6f\x72\0\x70\x6f\x6c\x69\x63\x79\x5f\x69\x6e\x65\x78\x61\x63\x74\0\x70\
\x6f\x6c\x69\x63\x79\x5f\x62\x79\x64\x73\x74\0\x70\x6f\x6c\x69\x63\x79\x5f\x63\
\x6f\x75\x6e\x74\0\x70\x6f\x6c\x69\x63\x79\x5f\x68\x61\x73\x68\x5f\x77\x6f\x72\
\x6b\0\x70\x6f\x6c\x69\x63\x79\x5f\x68\x74\x68\x72\x65\x73\x68\0\x69\x6e\x65\
\x78\x61\x63\x74\x5f\x62\x69\x6e\x73\0\x6e\x6c\x73\x6b\0\x6e\x6c\x73\x6b\x5f\
\x73\x74\x61\x73\x68\0\x73\x79\x73\x63\x74\x6c\x5f\x61\x65\x76\x65\x6e\x74\x5f\
\x65\x74\x69\x6d\x65\0\x73\x79\x73\x63\x74\x6c\x5f\x61\x65\x76\x65\x6e\x74\x5f\
\x72\x73\x65\x71\x74\x68\0\x73\x79\x73\x63\x74\x6c\x5f\x6c\x61\x72\x76\x61\x6c\
\x5f\x64\x72\x6f\x70\0\x73\x79\x73\x63\x74\x6c\x5f\x61\x63\x71\x5f\x65\x78\x70\
\x69\x72\x65\x73\0\x70\x6f\x6c\x69\x63\x79\x5f\x64\x65\x66\x61\x75\x6c\x74\0\
\x78\x66\x72\x6d\x34\x5f\x64\x73\x74\x5f\x6f\x70\x73\0\x78\x66\x72\x6d\x36\x5f\
\x64\x73\x74\x5f\x6f\x70\x73\0\x78\x66\x72\x6d\x5f\x73\x74\x61\x74\x65\x5f\x6c\
\x6f\x63\x6b\0\x78\x66\x72\x6d\x5f\x73\x74\x61\x74\x65\x5f\x68\x61\x73\x68\x5f\
\x67\x65\x6e\x65\x72\x61\x74\x69\x6f\x6e\0\x78\x66\x72\x6d\x5f\x70\x6f\x6c\x69\
\x63\x79\x5f\x68\x61\x73\x68\x5f\x67\x65\x6e\x65\x72\x61\x74\x69\x6f\x6e\0\x78\
\x66\x72\x6d\x5f\x70\x6f\x6c\x69\x63\x79\x5f\x6c\x6f\x63\x6b\0\x78\x66\x72\x6d\
\x5f\x63\x66\x67\x5f\x6d\x75\x74\x65\x78\0\x78\x66\x72\x6d\x5f\x70\x6f\x6c\x69\
\x63\x79\x5f\x68\x61\x73\x68\0\x68\x6d\x61\x73\x6b\0\x64\x62\x69\x74\x73\x34\0\
\x73\x62\x69\x74\x73\x34\0\x64\x62\x69\x74\x73\x36\0\x73\x62\x69\x74\x73\x36\0\
\x78\x66\x72\x6d\x5f\x70\x6f\x6c\x69\x63\x79\x5f\x68\x74\x68\x72\x65\x73\x68\0\
\x6c\x62\x69\x74\x73\x34\0\x72\x62\x69\x74\x73\x34\0\x6c\x62\x69\x74\x73\x36\0\
\x72\x62\x69\x74\x73\x36\0\x6e\x65\x74\x6e\x73\x5f\x69\x70\x76\x73\0\x6e\x65\
\x74\x6e\x73\x5f\x6d\x70\x6c\x73\0\x69\x70\x5f\x74\x74\x6c\x5f\x70\x72\x6f\x70\
\x61\x67\x61\x74\x65\0\x64\x65\x66\x61\x75\x6c\x74\x5f\x74\x74\x6c\0\x70\x6c\
\x61\x74\x66\x6f\x72\x6d\x5f\x6c\x61\x62\x65\x6c\x73\0\x70\x6c\x61\x74\x66\x6f\
\x72\x6d\x5f\x6c\x61\x62\x65\x6c\0\x6d\x70\x6c\x73\x5f\x72\x6f\x75\x74\x65\0\
\x6e\x65\x74\x6e\x73\x5f\x63\x61\x6e\0\x70\x72\x6f\x63\x5f\x64\x69\x72\0\x70\
\x64\x65\x5f\x73\x74\x61\x74\x73\0\x70\x64\x65\x5f\x72\x65\x73\x65\x74\x5f\x73\
\x74\x61\x74\x73\0\x70\x64\x65\x5f\x72\x63\x76\x6c\x69\x73\x74\x5f\x61\x6c\x6c\
\0\x70\x64\x65\x5f\x72\x63\x76\x6c\x69\x73\x74\x5f\x66\x69\x6c\0\x70\x64\x65\
\x5f\x72\x63\x76\x6c\x69\x73\x74\x5f\x69\x6e\x76\0\x70\x64\x65\x5f\x72\x63\x76\
\x6c\x69\x73\x74\x5f\x73\x66\x66\0\x70\x64\x65\x5f\x72\x63\x76\x6c\x69\x73\x74\
\x5f\x65\x66\x66\0\x70\x64\x65\x5f\x72\x63\x76\x6c\x69\x73\x74\x5f\x65\x72\x72\
\0\x62\x63\x6d\x70\x72\x6f\x63\x5f\x64\x69\x72\0\x72\x78\x5f\x61\x6c\x6c\x64\
\x65\x76\x5f\x6c\x69\x73\x74\0\x72\x63\x76\x6c\x69\x73\x74\x73\x5f\x6c\x6f\x63\
\x6b\0\x73\x74\x61\x74\x74\x69\x6d\x65\x72\0\x70\x6b\x67\x5f\x73\x74\x61\x74\
\x73\0\x72\x63\x76\x5f\x6c\x69\x73\x74\x73\x5f\x73\x74\x61\x74\x73\0\x63\x67\
\x77\x5f\x6c\x69\x73\x74\0\x63\x61\x6e\x5f\x64\x65\x76\x5f\x72\x63\x76\x5f\x6c\
\x69\x73\x74\x73\0\x63\x61\x6e\x5f\x70\x6b\x67\x5f\x73\x74\x61\x74\x73\0\x63\
\x61\x6e\x5f\x72\x63\x76\x5f\x6c\x69\x73\x74\x73\x5f\x73\x74\x61\x74\x73\0\x6e\
\x65\x74\x6e\x73\x5f\x78\x64\x70\0\x6e\x65\x74\x6e\x73\x5f\x6d\x63\x74\x70\0\
\x72\x6f\x75\x74\x65\x73\0\x62\x69\x6e\x64\x5f\x6c\x6f\x63\x6b\0\x62\x69\x6e\
\x64\x73\0\x6b\x65\x79\x73\x5f\x6c\x6f\x63\x6b\0\x6b\x65\x79\x73\0\x64\x65\x66\
\x61\x75\x6c\x74\x5f\x6e\x65\x74\0\x6e\x65\x69\x67\x68\x5f\x6c\x6f\x63\x6b\0\
\x6e\x65\x69\x67\x68\x62\x6f\x75\x72\x73\0\x6e\x65\x74\x6e\x73\x5f\x73\x6d\x63\
\0\x73\x6d\x63\x5f\x73\x74\x61\x74\x73\0\x6d\x75\x74\x65\x78\x5f\x66\x62\x61\
\x63\x6b\x5f\x72\x73\x6e\0\x66\x62\x61\x63\x6b\x5f\x72\x73\x6e\0\x6c\x69\x6d\
\x69\x74\x5f\x73\x6d\x63\x5f\x68\x73\0\x73\x6d\x63\x5f\x68\x64\x72\0\x73\x79\
\x73\x63\x74\x6c\x5f\x61\x75\x74\x6f\x63\x6f\x72\x6b\x69\x6e\x67\x5f\x73\x69\
\x7a\x65\0\x73\x79\x73\x63\x74\x6c\x5f\x73\x6d\x63\x72\x5f\x62\x75\x66\x5f\x74\
\x79\x70\x65\0\x73\x79\x73\x63\x74\x6c\x5f\x73\x6d\x63\x72\x5f\x74\x65\x73\x74\
\x6c\x69\x6e\x6b\x5f\x74\x69\x6d\x65\0\x73\x79\x73\x63\x74\x6c\x5f\x77\x6d\x65\
\x6d\0\x73\x79\x73\x63\x74\x6c\x5f\x72\x6d\x65\x6d\0\x73\x79\x73\x63\x74\x6c\
\x5f\x6d\x61\x78\x5f\x6c\x69\x6e\x6b\x73\x5f\x70\x65\x72\x5f\x6c\x67\x72\0\x73\
\x79\x73\x63\x74\x6c\x5f\x6d\x61\x78\x5f\x63\x6f\x6e\x6e\x73\x5f\x70\x65\x72\
\x5f\x6c\x67\x72\0\x73\x6d\x63\x5f\x73\x74\x61\x74\x73\x5f\x72\x73\x6e\0\x73\
\x79\x6e\x61\x63\x6b\x5f\x69\x6e\0\x4c\x49\x43\x45\x4e\x53\x45\0\x6e\x65\x74\
\x5f\x64\x65\x76\x69\x63\x65\x5f\x6f\x70\x73\0\x69\x77\x5f\x70\x75\x62\x6c\x69\
\x63\x5f\x64\x61\x74\x61\0\x6e\x66\x5f\x66\x6c\x6f\x77\x5f\x74\x61\x62\x6c\x65\
\x5f\x73\x74\x61\x74\0\x6e\x65\x74\x5f\x67\x65\x6e\x65\x72\x69\x63\0\x61\x78\
\x32\x35\x5f\x64\x65\x76\0\x77\x69\x72\x65\x6c\x65\x73\x73\x5f\x64\x65\x76\0\
\x77\x70\x61\x6e\x5f\x64\x65\x76\0\x6d\x63\x74\x70\x5f\x64\x65\x76\0\x63\x70\
\x75\x5f\x72\x6d\x61\x70\0\x78\x64\x70\x5f\x64\x65\x76\x5f\x62\x75\x6c\x6b\x5f\
\x71\x75\x65\x75\x65\0\x76\x66\x73\x6d\x6f\x75\x6e\x74\0\x69\x6e\x6f\x64\x65\0\
\x6b\x6f\x62\x6a\x5f\x74\x79\x70\x65\0\x6d\x6f\x64\x75\x6c\x65\0\x6d\x6d\x5f\
\x73\x74\x72\x75\x63\x74\0\x64\x65\x76\x69\x63\x65\x5f\x74\x79\x70\x65\0\x64\
\x65\x76\x5f\x70\x69\x6e\x5f\x69\x6e\x66\x6f\0\x69\x72\x71\x5f\x64\x6f\x6d\x61\
\x69\x6e\0\x76\x6d\x61\x5f\x6c\x6f\x63\x6b\0\x76\x6d\x5f\x6f\x70\x65\x72\x61\
\x74\x69\x6f\x6e\x73\x5f\x73\x74\x72\x75\x63\x74\0\x62\x70\x66\x5f\x73\x74\x6f\
\x72\x61\x67\x65\x5f\x62\x75\x66\x66\x65\x72\0\x6d\x65\x6d\x70\x6f\x6c\x69\x63\
\x79\0\x61\x6e\x6f\x6e\x5f\x76\x6d\x61\x5f\x6e\x61\x6d\x65\0\x76\x6d\x61\x5f\
\x6e\x75\x6d\x61\x62\x5f\x73\x74\x61\x74\x65\0\x75\x73\x65\x72\x66\x61\x75\x6c\
\x74\x66\x64\x5f\x63\x74\x78\0\x6b\x65\x72\x6e\x66\x73\x5f\x6e\x6f\x64\x65\0\
\x77\x6f\x72\x6b\x71\x75\x65\x75\x65\x5f\x73\x74\x72\x75\x63\x74\0\x63\x70\x75\
\x6d\x61\x73\x6b\0\x64\x65\x76\x69\x63\x65\x5f\x70\x72\x69\x76\x61\x74\x65\0\
\x64\x65\x76\x69\x63\x65\x5f\x64\x72\x69\x76\x65\x72\0\x62\x75\x73\x5f\x74\x79\
\x70\x65\0\x6d\x65\x6d\x5f\x63\x67\x72\x6f\x75\x70\0\x77\x61\x6b\x65\x75\x70\
\x5f\x73\x6f\x75\x72\x63\x65\0\x77\x61\x6b\x65\x5f\x69\x72\x71\0\x68\x72\x74\
\x69\x6d\x65\x72\x5f\x63\x6c\x6f\x63\x6b\x5f\x62\x61\x73\x65\0\x70\x6d\x5f\x73\
\x75\x62\x73\x79\x73\x5f\x64\x61\x74\x61\0\x64\x65\x76\x5f\x70\x6d\x5f\x71\x6f\
\x73\0\x6e\x6f\x74\x69\x66\x69\x65\x72\x5f\x62\x6c\x6f\x63\x6b\0\x64\x65\x76\
\x5f\x70\x6d\x5f\x64\x6f\x6d\x61\x69\x6e\0\x65\x6d\x5f\x70\x65\x72\x66\x5f\x64\
\x6f\x6d\x61\x69\x6e\0\x62\x70\x66\x5f\x6c\x6f\x63\x61\x6c\x5f\x73\x74\x6f\x72\
\x61\x67\x65\0\x64\x65\x76\x69\x63\x65\x5f\x6e\x6f\x64\x65\0\x66\x77\x6e\x6f\
\x64\x65\x5f\x68\x61\x6e\x64\x6c\x65\0\x70\x72\x6f\x63\x5f\x64\x69\x72\x5f\x65\
\x6e\x74\x72\x79\0\x66\x69\x6c\x65\x5f\x6f\x70\x65\x72\x61\x74\x69\x6f\x6e\x73\
\0\x6b\x6d\x65\x6d\x5f\x63\x61\x63\x68\x65\0\x62\x70\x66\x5f\x70\x72\x6f\x67\
\x5f\x73\x74\x61\x74\x73\0\x62\x70\x66\x5f\x70\x72\x6f\x67\x5f\x61\x75\x78\0\
\x78\x66\x72\x6d\x5f\x73\x65\x63\x5f\x63\x74\x78\0\x66\x69\x62\x5f\x74\x61\x62\
\x6c\x65\0\x69\x6e\x65\x74\x5f\x70\x65\x65\x72\x5f\x62\x61\x73\x65\0\x74\x63\
\x70\x5f\x63\x6f\x6e\x67\x65\x73\x74\x69\x6f\x6e\x5f\x6f\x70\x73\0\x74\x63\x70\
\x5f\x66\x61\x73\x74\x6f\x70\x65\x6e\x5f\x63\x6f\x6e\x74\x65\x78\x74\0\x78\x66\
\x72\x6d\x5f\x73\x74\x61\x74\x65\0\x66\x69\x62\x5f\x6e\x6f\x74\x69\x66\x69\x65\
\x72\x5f\x6f\x70\x73\0\x75\x73\x65\x72\x5f\x73\x74\x72\x75\x63\x74\0\x73\x6f\
\x63\x6b\x5f\x66\x70\x72\x6f\x67\x5f\x6b\x65\x72\x6e\0\x69\x6f\x5f\x74\x6c\x62\
\x5f\x6d\x65\x6d\0\x62\x70\x66\x5f\x63\x67\x72\x6f\x75\x70\x5f\x73\x74\x6f\x72\
\x61\x67\x65\x5f\x6d\x61\x70\0\x6c\x6f\x63\x6b\x5f\x63\x6c\x61\x73\x73\x5f\x6b\
\x65\x79\0\x6b\x65\x79\x5f\x74\x61\x67\0\x75\x73\x65\x72\x5f\x6e\x61\x6d\x65\
\x73\x70\x61\x63\x65\0\x70\x72\x6f\x63\x5f\x6e\x73\x5f\x6f\x70\x65\x72\x61\x74\
\x69\x6f\x6e\x73\0\x63\x74\x6c\x5f\x74\x61\x62\x6c\x65\x5f\x72\x6f\x6f\x74\0\
\x63\x74\x6c\x5f\x6e\x6f\x64\x65\0\x69\x70\x73\x74\x61\x74\x73\x5f\x6d\x69\x62\
\0\x74\x63\x70\x5f\x6d\x69\x62\0\x6c\x69\x6e\x75\x78\x5f\x6d\x69\x62\0\x75\x64\
\x70\x5f\x6d\x69\x62\0\x6c\x69\x6e\x75\x78\x5f\x78\x66\x72\x6d\x5f\x6d\x69\x62\
\0\x6c\x69\x6e\x75\x78\x5f\x74\x6c\x73\x5f\x6d\x69\x62\0\x6d\x70\x74\x63\x70\
\x5f\x6d\x69\x62\0\x69\x63\x6d\x70\x5f\x6d\x69\x62\0\x69\x63\x6d\x70\x6d\x73\
\x67\x5f\x6d\x69\x62\0\x69\x63\x6d\x70\x76\x36\x5f\x6d\x69\x62\0\x69\x63\x6d\
\x70\x76\x36\x6d\x73\x67\x5f\x6d\x69\x62\0\x69\x6e\x65\x74\x5f\x68\x61\x73\x68\
\x69\x6e\x66\x6f\0\x69\x70\x76\x34\x5f\x64\x65\x76\x63\x6f\x6e\x66\0\x69\x70\
\x5f\x72\x61\x5f\x63\x68\x61\x69\x6e\0\x66\x69\x62\x5f\x72\x75\x6c\x65\x73\x5f\
\x6f\x70\x73\0\x75\x6e\x63\x61\x63\x68\x65\x64\x5f\x6c\x69\x73\x74\0\x6c\x77\
\x74\x75\x6e\x6e\x65\x6c\x5f\x73\x74\x61\x74\x65\0\x6e\x65\x69\x67\x68\x5f\x74\
\x61\x62\x6c\x65\0\x6e\x65\x69\x67\x68\x5f\x70\x61\x72\x6d\x73\0\x6e\x65\x69\
\x67\x68\x5f\x6f\x70\x73\0\x69\x70\x76\x36\x5f\x64\x65\x76\x63\x6f\x6e\x66\0\
\x66\x69\x62\x36\x5f\x69\x6e\x66\x6f\0\x66\x69\x62\x36\x5f\x74\x61\x62\x6c\x65\
\0\x72\x74\x36\x5f\x69\x6e\x66\x6f\0\x69\x6e\x65\x74\x36\x5f\x64\x65\x76\0\x72\
\x74\x36\x5f\x73\x74\x61\x74\x69\x73\x74\x69\x63\x73\0\x73\x65\x67\x36\x5f\x70\
\x65\x72\x6e\x65\x74\x5f\x64\x61\x74\x61\0\x69\x6f\x61\x6d\x36\x5f\x70\x65\x72\
\x6e\x65\x74\x5f\x64\x61\x74\x61\0\x69\x70\x5f\x63\x6f\x6e\x6e\x74\x72\x61\x63\
\x6b\x5f\x73\x74\x61\x74\0\x6e\x66\x5f\x63\x74\x5f\x65\x76\x65\x6e\x74\x5f\x6e\
\x6f\x74\x69\x66\x69\x65\x72\0\x62\x70\x66\x5f\x6d\x70\x72\x6f\x67\x5f\x65\x6e\
\x74\x72\x79\0\x70\x63\x70\x75\x5f\x6c\x73\x74\x61\x74\x73\0\x70\x63\x70\x75\
\x5f\x73\x77\x5f\x6e\x65\x74\x73\x74\x61\x74\x73\0\x70\x63\x70\x75\x5f\x64\x73\
\x74\x61\x74\x73\0\x6e\x65\x74\x64\x65\x76\x5f\x72\x78\x5f\x71\x75\x65\x75\x65\
\0\x6e\x65\x74\x64\x65\x76\x5f\x6e\x61\x6d\x65\x5f\x6e\x6f\x64\x65\0\x64\x65\
\x76\x5f\x69\x66\x61\x6c\x69\x61\x73\0\x6e\x65\x74\x5f\x64\x65\x76\x69\x63\x65\
\x5f\x63\x6f\x72\x65\x5f\x73\x74\x61\x74\x73\0\x69\x77\x5f\x68\x61\x6e\x64\x6c\
\x65\x72\x5f\x64\x65\x66\0\x69\x6e\x5f\x64\x65\x76\x69\x63\x65\0\x64\x73\x61\
\x5f\x70\x6f\x72\x74\0\x70\x68\x79\x5f\x64\x65\x76\x69\x63\x65\0\x6d\x73\x69\
\x5f\x64\x65\x76\x69\x63\x65\x5f\x64\x61\x74\x61\0\x64\x6d\x61\x5f\x6d\x61\x70\
\x5f\x6f\x70\x73\0\x62\x75\x73\x5f\x64\x6d\x61\x5f\x72\x65\x67\x69\x6f\x6e\0\
\x64\x65\x76\x69\x63\x65\x5f\x64\x6d\x61\x5f\x70\x61\x72\x61\x6d\x65\x74\x65\
\x72\x73\0\x64\x65\x76\x5f\x69\x6f\x6d\x6d\x75\0\x64\x65\x76\x69\x63\x65\x5f\
\x70\x68\x79\x73\x69\x63\x61\x6c\x5f\x6c\x6f\x63\x61\x74\x69\x6f\x6e\0\x61\x64\
\x64\x72\x65\x73\x73\x5f\x73\x70\x61\x63\x65\x5f\x6f\x70\x65\x72\x61\x74\x69\
\x6f\x6e\x73\0\x73\x6f\x63\x6b\x65\x74\0\x73\x6f\x63\x6b\x65\x74\x5f\x77\x71\0\
\x73\x6f\x63\x6b\x5f\x72\x65\x75\x73\x65\x70\x6f\x72\x74\0\x73\x6b\x62\x5f\x65\
\x78\x74\0\x6e\x65\x74\x70\x6f\x6c\x6c\x5f\x69\x6e\x66\x6f\0\x6e\x65\x74\x64\
\x65\x76\x5f\x71\x75\x65\x75\x65\0\x51\x64\x69\x73\x63\0\x64\x6d\x5f\x68\x77\
\x5f\x73\x74\x61\x74\x5f\x64\x65\x6c\x74\x61\0\x64\x63\x62\x6e\x6c\x5f\x72\x74\
\x6e\x6c\x5f\x6f\x70\x73\0\x6e\x65\x74\x70\x72\x69\x6f\x5f\x6d\x61\x70\0\x62\
\x70\x66\x5f\x78\x64\x70\x5f\x6c\x69\x6e\x6b\0\x72\x74\x6e\x6c\x5f\x68\x77\x5f\
\x73\x74\x61\x74\x73\x36\x34\0\x2e\x2f\x62\x70\x66\x2f\x6e\x67\x78\x5f\x65\x62\
\x70\x66\x2e\x62\x70\x66\x2e\x63\0\x73\x79\x6e\x61\x63\x6b\x5f\x6f\x75\x74\x28\
\x73\x74\x72\x75\x63\x74\x20\x62\x70\x66\x5f\x6e\x66\x5f\x63\x74\x78\x20\x2a\
\x63\x74\x78\x29\0\x20\x20\x20\x20\x73\x74\x72\x75\x63\x74\x20\x73\x79\x6e\x61\
\x63\x6b\x5f\x6b\x65\x79\x20\x20\x20\x20\x20\x20\x20\x20\x20\x20\x20\x20\x70\
\x61\x63\x6b\x65\x74\x20\x3d\x20\x7b\x7d\x2c\x20\x77\x69\x72\x65\x20\x3d\x20\
\x7b\x7d\x3b\0\x20\x20\x20\x20\x73\x6b\x20\x3d\x20\x63\x74\x78\x2d\x3e\x73\x74\
\x61\x74\x65\x2d\x3e\x73\x6b\x3b\0\x20\x20\x20\x20\x69\x66\x20\x28\x73\x6b\x20\
\x3d\x3d\x20\x4e\x55\x4c\x4c\x29\x20\x7b\0\x20\x20\x20\x20\x20\x20\x20\x20\x73\
\x6b\x20\x3d\x20\x63\x74\x78\x2d\x3e\x73\x6b\x62\x2d\x3e\x73\x6b\x3b\0\x20\x20\
\x20\x20\x73\x74\x61\x74\x65\x20\x3d\x20\x73\x6b\x2d\x3e\x5f\x5f\x73\x6b\x5f\
\x63\x6f\x6d\x6d\x6f\x6e\x2e\x73\x6b\x63\x5f\x73\x74\x61\x74\x65\x3b\0\x20\x20\
\x20\x20\x69\x66\x20\x28\x73\x74\x61\x74\x65\x20\x21\x3d\x20\x54\x43\x50\x5f\
\x53\x59\x4e\x5f\x53\x45\x4e\x54\x20\x26\x26\x20\x73\x74\x61\x74\x65\x20\x21\
\x3d\x20\x54\x43\x50\x5f\x43\x4c\x4f\x53\x45\x29\x20\x7b\0\x20\x20\x20\x20\x63\
\x6f\x6f\x6b\x69\x65\x20\x3d\x20\x73\x6b\x2d\x3e\x5f\x5f\x73\x6b\x5f\x63\x6f\
\x6d\x6d\x6f\x6e\x2e\x73\x6b\x63\x5f\x63\x6f\x6f\x6b\x69\x65\x2e\x63\x6f\x75\
\x6e\x74\x65\x72\x3b\0\x20\x20\x20\x20\x69\x66\x20\x28\x63\x6f\x6f\x6b\x69\x65\
\x20\x3d\x3d\x20\x30\x29\x20\x7b\0\x20\x20\x20\x20\x63\x20\x3d\x20\x62\x70\x66\
\x5f\x6d\x61\x70\x5f\x6c\x6f\x6f\x6b\x75\x70\x5f\x65\x6c\x65\x6d\x28\x26\x73\
\x79\x6e\x61\x63\x6b\x5f\x63\x6f\x6e\x6e\x2c\x20\x26\x63\x6f\x6f\x6b\x69\x65\
\x29\x3b\0\x20\x20\x20\x20\x69\x66\x20\x28\x63\x20\x3d\x3d\x20\x4e\x55\x4c\x4c\
\x20\x7c\x7c\x20\x63\x2d\x3e\x70\x68\x61\x73\x65\x20\x21\x3d\x20\x53\x59\x4e\
\x41\x43\x4b\x5f\x50\x45\x4e\x44\x49\x4e\x47\x29\x20\x7b\0\x20\x20\x20\x20\x66\
\x6c\x61\x67\x73\x20\x3d\x20\x73\x79\x6e\x61\x63\x6b\x5f\x70\x61\x72\x73\x65\
\x5f\x70\x61\x63\x6b\x65\x74\x28\x63\x74\x78\x2d\x3e\x73\x6b\x62\x2c\x20\x26\
\x70\x61\x63\x6b\x65\x74\x2c\x20\x26\x6c\x65\x6e\x67\x74\x68\x2c\x20\x26\x73\
\x65\x71\x29\x3b\0\x20\x20\x20\x20\x68\x65\x61\x64\x20\x3d\x20\x73\x6b\x62\x2d\
\x3e\x68\x65\x61\x64\x3b\0\x20\x20\x20\x20\x64\x61\x74\x61\x5f\x6f\x66\x66\x73\
\x65\x74\x20\x3d\x20\x73\x6b\x62\x2d\x3e\x64\x61\x74\x61\x20\x2d\x20\x68\x65\
\x61\x64\x3b\0\x20\x20\x20\x20\x70\x61\x63\x6b\x65\x74\x5f\x6c\x65\x6e\x67\x74\
\x68\x20\x3d\x20\x73\x6b\x62\x2d\x3e\x6c\x65\x6e\x3b\0\x20\x20\x20\x20\x6f\x66\
\x66\x73\x65\x74\x20\x3d\x20\x73\x6b\x62\x2d\x3e\x6e\x65\x74\x77\x6f\x72\x6b\
\x5f\x68\x65\x61\x64\x65\x72\x3b\0\x20\x20\x20\x20\x74\x61\x69\x6c\x20\x3d\x20\
\x73\x6b\x62\x2d\x3e\x74\x61\x69\x6c\x3b\0\x20\x20\x20\x20\x20\x20\x20\x20\x7c\
\x7c\x20\x74\x61\x69\x6c\x20\x2d\x20\x6f\x66\x66\x73\x65\x74\x20\x3c\x20\x32\
\x30\0\x20\x20\x20\x20\x20\x20\x20\x20\x7c\x7c\x20\x64\x61\x74\x61\x5f\x6f\x66\
\x66\x73\x65\x74\x20\x3e\x20\x74\x61\x69\x6c\0\x20\x20\x20\x20\x20\x20\x20\x20\
\x7c\x7c\x20\x70\x61\x63\x6b\x65\x74\x5f\x6c\x65\x6e\x67\x74\x68\x20\x2b\x20\
\x64\x61\x74\x61\x5f\x6f\x66\x66\x73\x65\x74\x20\x3c\x20\x6f\x66\x66\x73\x65\
\x74\x29\0\x20\x20\x20\x20\x69\x66\x20\x28\x6f\x66\x66\x73\x65\x74\x20\x3e\x20\
\x74\x61\x69\x6c\0\x20\x20\x20\x20\x69\x66\x20\x28\x62\x70\x66\x5f\x70\x72\x6f\
\x62\x65\x5f\x72\x65\x61\x64\x5f\x6b\x65\x72\x6e\x65\x6c\x28\x69\x70\x2c\x20\
\x32\x30\x2c\x20\x68\x65\x61\x64\x20\x2b\x20\x6f\x66\x66\x73\x65\x74\x29\x29\
\x20\x7b\0\x20\x20\x20\x20\x69\x66\x20\x28\x69\x70\x5b\x30\x5d\x20\x3e\x3e\x20\
\x34\x20\x3d\x3d\x20\x34\x29\x20\x7b\0\x20\x20\x20\x20\x20\x20\x20\x20\x6f\x66\
\x66\x20\x3d\x20\x28\x69\x70\x5b\x30\x5d\x20\x26\x20\x30\x78\x30\x66\x29\x20\
\x2a\x20\x34\x3b\0\x20\x20\x20\x20\x20\x20\x20\x20\x69\x66\x20\x28\x6f\x66\x66\
\x20\x3c\x20\x32\x30\x20\x7c\x7c\x20\x69\x70\x5b\x39\x5d\x20\x21\x3d\x20\x49\
\x50\x50\x52\x4f\x54\x4f\x5f\x54\x43\x50\x20\x7c\x7c\x20\x28\x69\x70\x5b\x36\
\x5d\x20\x26\x20\x30\x78\x33\x66\x29\x20\x7c\x7c\x20\x69\x70\x5b\x37\x5d\x29\
\x20\x7b\0\x20\x20\x20\x20\x20\x20\x20\x20\x5f\x5f\x62\x75\x69\x6c\x74\x69\x6e\
\x5f\x6d\x65\x6d\x63\x70\x79\x28\x6b\x65\x79\x2d\x3e\x64\x73\x74\x2c\x20\x69\
\x70\x20\x2b\x20\x31\x36\x2c\x20\x34\x29\x3b\0\x20\x20\x20\x20\x20\x20\x20\x20\
\x5f\x5f\x62\x75\x69\x6c\x74\x69\x6e\x5f\x6d\x65\x6d\x63\x70\x79\x28\x6b\x65\
\x79\x2d\x3e\x73\x72\x63\x2c\x20\x69\x70\x20\x2b\x20\x31\x32\x2c\x20\x34\x29\
\x3b\0\x20\x20\x20\x20\x7d\x20\x65\x6c\x73\x65\x20\x69\x66\x20\x28\x69\x70\x5b\
\x30\x5d\x20\x3e\x3e\x20\x34\x20\x3d\x3d\x20\x36\x29\x20\x7b\0\x20\x20\x20\x20\
\x20\x20\x20\x20\x20\x20\x20\x20\x7c\x7c\x20\x62\x70\x66\x5f\x70\x72\x6f\x62\
\x65\x5f\x72\x65\x61\x64\x5f\x6b\x65\x72\x6e\x65\x6c\x28\x69\x70\x2c\x20\x34\
\x30\x2c\x20\x68\x65\x61\x64\x20\x2b\x20\x6f\x66\x66\x73\x65\x74\x29\x29\0\x20\
\x20\x20\x20\x20\x20\x20\x20\x69\x66\x20\x28\x74\x61\x69\x6c\x20\x2d\x20\x6f\
\x66\x66\x73\x65\x74\x20\x3c\x20\x34\x30\0\x20\x20\x20\x20\x20\x20\x20\x20\x74\
\x6f\x74\x61\x6c\x20\x3d\x20\x28\x28\x5f\x5f\x75\x33\x32\x29\x20\x69\x70\x5b\
\x34\x5d\x20\x3c\x3c\x20\x38\x29\x20\x7c\x20\x69\x70\x5b\x35\x5d\x3b\0\x20\x20\
\x20\x20\x20\x20\x20\x20\x69\x66\x20\x28\x74\x6f\x74\x61\x6c\x20\x3d\x3d\x20\
\x30\x29\x20\x7b\0\x20\x20\x20\x20\x20\x20\x20\x20\x5f\x5f\x62\x75\x69\x6c\x74\
\x69\x6e\x5f\x6d\x65\x6d\x63\x70\x79\x28\x6b\x65\x79\x2d\x3e\x64\x73\x74\x2c\
\x20\x69\x70\x20\x2b\x20\x32\x34\x2c\x20\x31\x36\x29\x3b\0\x20\x20\x20\x20\x20\
\x20\x20\x20\x5f\x5f\x62\x75\x69\x6c\x74\x69\x6e\x5f\x6d\x65\x6d\x63\x70\x79\
\x28\x6b\x65\x79\x2d\x3e\x73\x72\x63\x2c\x20\x69\x70\x20\x2b\x20\x38\x2c\x20\
\x31\x36\x29\x3b\0\x20\x20\x20\x20\x20\x20\x20\x20\x74\x6f\x74\x61\x6c\x20\x2b\
\x3d\x20\x34\x30\x3b\0\x20\x20\x20\x20\x20\x20\x20\x20\x6e\x65\x78\x74\x20\x3d\
\x20\x69\x70\x5b\x36\x5d\x3b\0\x20\x20\x20\x20\x20\x20\x20\x20\x66\x6f\x72\x20\
\x28\x69\x20\x3d\x20\x30\x3b\0\x20\x20\x20\x20\x20\x20\x20\x20\x20\x20\x20\x20\
\x7d\x20\x65\x6c\x73\x65\x20\x69\x66\x20\x28\x6e\x65\x78\x74\x20\x3d\x3d\x20\
\x53\x59\x4e\x41\x43\x4b\x5f\x49\x50\x56\x36\x5f\x41\x48\x20\x26\x26\x20\x65\
\x78\x74\x5b\x31\x5d\x20\x3e\x3d\x20\x31\x29\x20\x7b\0\x20\x20\x20\x20\x20\x20\
\x20\x20\x20\x20\x20\x20\x6e\x65\x78\x74\x20\x3d\x20\x65\x78\x74\x5b\x30\x5d\
\x3b\0\x20\x20\x20\x20\x20\x20\x20\x20\x20\x20\x20\x20\x6f\x66\x66\x20\x2b\x3d\
\x20\x73\x74\x65\x70\x3b\0\x20\x20\x20\x20\x20\x20\x20\x20\x69\x66\x20\x28\x6e\
\x65\x78\x74\x20\x21\x3d\x20\x49\x50\x50\x52\x4f\x54\x4f\x5f\x54\x43\x50\x29\
\x20\x7b\0\x20\x20\x20\x20\x20\x20\x20\x20\x7c\x7c\x20\x6f\x66\x66\x20\x3e\x20\
\x53\x59\x4e\x41\x43\x4b\x5f\x4d\x41\x58\x5f\x54\x43\x50\x5f\x4f\x46\x46\x53\
\x45\x54\0\x20\x20\x20\x20\x20\x20\x20\x20\x7c\x7c\x20\x6f\x66\x66\x20\x2b\x20\
\x32\x30\x20\x3e\x20\x74\x61\x69\x6c\x20\x2d\x20\x6f\x66\x66\x73\x65\x74\0\x20\
\x20\x20\x20\x20\x20\x20\x20\x7c\x7c\x20\x6f\x66\x66\x20\x2b\x20\x32\x30\x20\
\x3e\x20\x74\x6f\x74\x61\x6c\x29\0\x20\x20\x20\x20\x69\x66\x20\x28\x62\x70\x66\
\x5f\x70\x72\x6f\x62\x65\x5f\x72\x65\x61\x64\x5f\x6b\x65\x72\x6e\x65\x6c\x28\
\x74\x63\x70\x2c\x20\x32\x30\x2c\x20\x68\x65\x61\x64\x20\x2b\x20\x6f\x66\x66\
\x73\x65\x74\x20\x2b\x20\x6f\x66\x66\x29\x29\x20\x7b\0\x20\x20\x20\x20\x74\x63\
\x70\x5f\x6c\x65\x6e\x20\x3d\x20\x28\x74\x63\x70\x5b\x31\x32\x5d\x20\x3e\x3e\
\x20\x34\x29\x20\x2a\x20\x34\x3b\0\x20\x20\x20\x20\x20\x20\x20\x20\x7c\x7c\x20\
\x6f\x66\x66\x20\x2b\x20\x74\x63\x70\x5f\x6c\x65\x6e\x20\x3e\x20\x53\x59\x4e\
\x41\x43\x4b\x5f\x4d\x41\x58\x5f\x48\x45\x41\x44\x45\x52\x53\0\x20\x20\x20\x20\
\x20\x20\x20\x20\x7c\x7c\x20\x6f\x66\x66\x20\x2b\x20\x74\x63\x70\x5f\x6c\x65\
\x6e\x20\x3e\x20\x74\x6f\x74\x61\x6c\0\x20\x20\x20\x20\x20\x20\x20\x20\x20\x20\
\x20\x20\x20\x20\x20\x20\x7c\x7c\x20\x6f\x66\x66\x20\x2b\x20\x32\x20\x3e\x20\
\x74\x61\x69\x6c\x20\x2d\x20\x6f\x66\x66\x73\x65\x74\0\x20\x20\x20\x20\x20\x20\
\x20\x20\x20\x20\x20\x20\x69\x66\x20\x28\x62\x70\x66\x5f\x70\x72\x6f\x62\x65\
\x5f\x72\x65\x61\x64\x5f\x6b\x65\x72\x6e\x65\x6c\x28\x65\x78\x74\x2c\x20\x32\
\x2c\x20\x68\x65\x61\x64\x20\x2b\x20\x6f\x66\x66\x73\x65\x74\x20\x2b\x20\x6f\
\x66\x66\x29\x29\x20\x7b\0\x20\x20\x20\x20\x20\x20\x20\x20\x20\x20\x20\x20\x20\
\x20\x20\x20\x7c\x7c\x20\x6e\x65\x78\x74\x20\x3d\x3d\x20\x53\x59\x4e\x41\x43\
\x4b\x5f\x49\x50\x56\x36\x5f\x52\x4f\x55\x54\x49\x4e\x47\0\x20\x20\x20\x20\x20\
\x20\x20\x20\x20\x20\x20\x20\x20\x20\x20\x20\x73\x74\x65\x70\x20\x3d\x20\x28\
\x28\x5f\x5f\x75\x33\x32\x29\x20\x65\x78\x74\x5b\x31\x5d\x20\x2b\x20\x31\x29\
\x20\x2a\x20\x38\x3b\0\x20\x20\x20\x20\x72\x65\x74\x75\x72\x6e\x20\x74\x63\x70\
\x5b\x31\x33\x5d\x3b\0\x20\x20\x20\x20\x69\x66\x20\x28\x28\x66\x6c\x61\x67\x73\
\x20\x26\x20\x53\x59\x4e\x41\x43\x4b\x5f\x54\x43\x50\x5f\x46\x4c\x41\x47\x53\
\x29\x20\x21\x3d\x20\x53\x59\x4e\x41\x43\x4b\x5f\x54\x43\x50\x5f\x53\x59\x4e\
\x29\x20\x7b\0\x20\x20\x20\x20\x5f\x5f\x62\x75\x69\x6c\x74\x69\x6e\x5f\x6d\x65\
\x6d\x63\x70\x79\x28\x77\x69\x72\x65\x2e\x73\x72\x63\x2c\x20\x70\x61\x63\x6b\
\x65\x74\x2e\x64\x73\x74\x2c\x20\x31\x36\x29\x3b\0\x20\x20\x20\x20\x77\x69\x72\
\x65\x2e\x70\x72\x6f\x74\x6f\x63\x6f\x6c\x20\x3d\x20\x49\x50\x50\x52\x4f\x54\
\x4f\x5f\x54\x43\x50\x3b\0\x20\x20\x20\x20\x77\x69\x72\x65\x2e\x66\x61\x6d\x69\
\x6c\x79\x20\x3d\x20\x70\x61\x63\x6b\x65\x74\x2e\x66\x61\x6d\x69\x6c\x79\x3b\0\
\x20\x20\x20\x20\x5f\x5f\x62\x75\x69\x6c\x74\x69\x6e\x5f\x6d\x65\x6d\x63\x70\
\x79\x28\x77\x69\x72\x65\x2e\x64\x73\x74\x2c\x20\x70\x61\x63\x6b\x65\x74\x2e\
\x73\x72\x63\x2c\x20\x31\x36\x29\x3b\0\x20\x20\x20\x20\x77\x69\x72\x65\x2e\x64\
\x70\x6f\x72\x74\x20\x3d\x20\x70\x61\x63\x6b\x65\x74\x2e\x73\x70\x6f\x72\x74\
\x3b\0\x20\x20\x20\x20\x77\x69\x72\x65\x2e\x73\x70\x6f\x72\x74\x20\x3d\x20\x70\
\x61\x63\x6b\x65\x74\x2e\x64\x70\x6f\x72\x74\x3b\0\x20\x20\x20\x20\x77\x69\x72\
\x65\x2e\x61\x63\x6b\x20\x3d\x20\x62\x70\x66\x5f\x68\x74\x6f\x6e\x6c\x28\x62\
\x70\x66\x5f\x6e\x74\x6f\x68\x6c\x28\x73\x65\x71\x29\x20\x2b\x20\x31\x29\x3b\0\
\x20\x20\x20\x20\x73\x79\x6e\x61\x63\x6b\x5f\x61\x64\x64\x5f\x65\x78\x70\x65\
\x63\x74\x61\x74\x69\x6f\x6e\x28\x26\x77\x69\x72\x65\x2c\x20\x63\x6f\x6f\x6b\
\x69\x65\x2c\x20\x63\x29\x3b\0\x20\x20\x20\x20\x73\x74\x72\x75\x63\x74\x20\x73\
\x79\x6e\x61\x63\x6b\x5f\x65\x78\x70\x65\x63\x74\x61\x74\x69\x6f\x6e\x20\x20\
\x2a\x65\x2c\x20\x76\x61\x6c\x75\x65\x20\x3d\x20\x7b\0\x20\x20\x20\x20\x69\x66\
\x20\x28\x63\x2d\x3e\x70\x68\x61\x73\x65\x20\x21\x3d\x20\x53\x59\x4e\x41\x43\
\x4b\x5f\x50\x45\x4e\x44\x49\x4e\x47\x29\x20\x7b\0\x20\x20\x20\x20\x69\x66\x20\
\x28\x63\x2d\x3e\x68\x61\x73\x5f\x6b\x65\x79\x20\x26\x26\x20\x5f\x5f\x62\x75\
\x69\x6c\x74\x69\x6e\x5f\x6d\x65\x6d\x63\x6d\x70\x28\x26\x63\x2d\x3e\x6b\x65\
\x79\x2c\x20\x6b\x65\x79\x2c\x20\x73\x69\x7a\x65\x6f\x66\x28\x2a\x6b\x65\x79\
\x29\x29\x20\x21\x3d\x20\x30\x29\x20\x7b\0\x20\x20\x20\x20\x6e\x20\x3d\x20\x62\
\x70\x66\x5f\x6d\x61\x70\x5f\x6c\x6f\x6f\x6b\x75\x70\x5f\x65\x6c\x65\x6d\x28\
\x26\x73\x79\x6e\x61\x63\x6b\x5f\x73\x74\x61\x74\x73\x2c\x20\x26\x69\x64\x29\
\x3b\0\x20\x20\x20\x20\x69\x66\x20\x28\x6e\x29\x20\x7b\0\x20\x20\x20\x20\x20\
\x20\x20\x20\x5f\x5f\x73\x79\x6e\x63\x5f\x66\x65\x74\x63\x68\x5f\x61\x6e\x64\
\x5f\x61\x64\x64\x28\x6e\x2c\x20\x31\x29\x3b\0\x7d\0\x20\x20\x20\x20\x65\x20\
\x3d\x20\x62\x70\x66\x5f\x6d\x61\x70\x5f\x6c\x6f\x6f\x6b\x75\x70\x5f\x65\x6c\
\x65\x6d\x28\x26\x73\x79\x6e\x61\x63\x6b\x5f\x65\x78\x70\x65\x63\x74\x2c\x20\
\x6b\x65\x79\x29\x3b\0\x20\x20\x20\x20\x20\x20\x20\x20\x26\x26\x20\x62\x70\x66\
\x5f\x6d\x61\x70\x5f\x75\x70\x64\x61\x74\x65\x5f\x65\x6c\x65\x6d\x28\x26\x73\
\x79\x6e\x61\x63\x6b\x5f\x65\x78\x70\x65\x63\x74\x2c\x20\x6b\x65\x79\x2c\x20\
\x26\x76\x61\x6c\x75\x65\x2c\x20\x42\x50\x46\x5f\x4e\x4f\x45\x58\x49\x53\x54\
\x29\x29\0\x20\x20\x20\x20\x69\x66\x20\x28\x65\x20\x3d\x3d\x20\x4e\x55\x4c\x4c\
\0\x20\x20\x20\x20\x20\x20\x20\x20\x65\x20\x3d\x20\x62\x70\x66\x5f\x6d\x61\x70\
\x5f\x6c\x6f\x6f\x6b\x75\x70\x5f\x65\x6c\x65\x6d\x28\x26\x73\x79\x6e\x61\x63\
\x6b\x5f\x65\x78\x70\x65\x63\x74\x2c\x20\x6b\x65\x79\x29\x3b\0\x20\x20\x20\x20\
\x20\x20\x20\x20\x69\x66\x20\x28\x65\x20\x3d\x3d\x20\x4e\x55\x4c\x4c\x29\x20\
\x7b\0\x20\x20\x20\x20\x69\x66\x20\x28\x65\x20\x26\x26\x20\x65\x2d\x3e\x63\x6f\
\x6f\x6b\x69\x65\x20\x21\x3d\x20\x63\x6f\x6f\x6b\x69\x65\x29\x20\x7b\0\x20\x20\
\x20\x20\x72\x65\x74\x75\x72\x6e\x20\x62\x70\x66\x5f\x6d\x61\x70\x5f\x6c\x6f\
\x6f\x6b\x75\x70\x5f\x65\x6c\x65\x6d\x28\x26\x73\x79\x6e\x61\x63\x6b\x5f\x63\
\x6f\x6e\x6e\x2c\x20\x26\x63\x6f\x6f\x6b\x69\x65\x29\x20\x21\x3d\x20\x4e\x55\
\x4c\x4c\x3b\0\x20\x20\x20\x20\x20\x20\x20\x20\x69\x66\x20\x28\x73\x79\x6e\x61\
\x63\x6b\x5f\x6f\x77\x6e\x65\x72\x5f\x61\x6c\x69\x76\x65\x28\x65\x2d\x3e\x63\
\x6f\x6f\x6b\x69\x65\x29\x29\x20\x7b\0\x20\x20\x20\x20\x20\x20\x20\x20\x65\x2d\
\x3e\x63\x6f\x6f\x6b\x69\x65\x20\x3d\x20\x63\x6f\x6f\x6b\x69\x65\x3b\0\x20\x20\
\x20\x20\x69\x66\x20\x28\x21\x63\x2d\x3e\x68\x61\x73\x5f\x6b\x65\x79\x29\x20\
\x7b\0\x20\x20\x20\x20\x20\x20\x20\x20\x63\x2d\x3e\x6b\x65\x79\x20\x3d\x20\x2a\
\x6b\x65\x79\x3b\0\x20\x20\x20\x20\x20\x20\x20\x20\x63\x2d\x3e\x68\x61\x73\x5f\
\x6b\x65\x79\x20\x3d\x20\x31\x3b\0\x20\x20\x20\x20\x69\x66\x20\x28\x65\x20\x26\
\x26\x20\x65\x2d\x3e\x63\x6f\x6f\x6b\x69\x65\x20\x3d\x3d\x20\x63\x6f\x6f\x6b\
\x69\x65\x29\x20\x7b\0\x20\x20\x20\x20\x20\x20\x20\x20\x62\x70\x66\x5f\x6d\x61\
\x70\x5f\x64\x65\x6c\x65\x74\x65\x5f\x65\x6c\x65\x6d\x28\x26\x73\x79\x6e\x61\
\x63\x6b\x5f\x65\x78\x70\x65\x63\x74\x2c\x20\x6b\x65\x79\x29\x3b\0\x73\x79\x6e\
\x61\x63\x6b\x5f\x69\x6e\x28\x73\x74\x72\x75\x63\x74\x20\x62\x70\x66\x5f\x6e\
\x66\x5f\x63\x74\x78\x20\x2a\x63\x74\x78\x29\0\x20\x20\x20\x20\x7a\x65\x72\x6f\
\x20\x3d\x20\x30\x3b\0\x20\x20\x20\x20\x73\x74\x72\x75\x63\x74\x20\x73\x79\x6e\
\x61\x63\x6b\x5f\x6b\x65\x79\x20\x20\x20\x20\x20\x20\x20\x20\x20\x20\x20\x20\
\x6b\x65\x79\x20\x3d\x20\x7b\x7d\x3b\0\x20\x20\x20\x20\x69\x66\x20\x28\x21\x73\
\x79\x6e\x61\x63\x6b\x5f\x63\x61\x6e\x64\x69\x64\x61\x74\x65\x28\x63\x74\x78\
\x2d\x3e\x73\x6b\x62\x29\x29\x20\x7b\0\x20\x20\x20\x20\x69\x66\x20\x28\x6f\x66\
\x66\x73\x65\x74\x20\x3e\x20\x74\x61\x69\x6c\x20\x7c\x7c\x20\x74\x61\x69\x6c\
\x20\x2d\x20\x6f\x66\x66\x73\x65\x74\x20\x3c\x20\x53\x59\x4e\x41\x43\x4b\x5f\
\x4d\x49\x4e\x5f\x54\x43\x50\x5f\x56\x34\x29\x20\x7b\0\x20\x20\x20\x20\x69\x66\
\x20\x28\x74\x61\x69\x6c\x20\x2d\x20\x6f\x66\x66\x73\x65\x74\x20\x3e\x3d\x20\
\x53\x59\x4e\x41\x43\x4b\x5f\x46\x4c\x41\x47\x53\x5f\x52\x45\x41\x44\x5f\x56\
\x36\x29\x20\x7b\0\x20\x20\x20\x20\x20\x20\x20\x20\x69\x66\x20\x28\x62\x70\x66\
\x5f\x70\x72\x6f\x62\x65\x5f\x72\x65\x61\x64\x5f\x6b\x65\x72\x6e\x65\x6c\x28\
\x62\x2c\x20\x53\x59\x4e\x41\x43\x4b\x5f\x46\x4c\x41\x47\x53\x5f\x52\x45\x41\
\x44\x5f\x56\x36\x2c\x20\x68\x65\x61\x64\x20\x2b\x20\x6f\x66\x66\x73\x65\x74\
\x29\x29\x20\x7b\0\x20\x20\x20\x20\x7d\x20\x65\x6c\x73\x65\x20\x69\x66\x20\x28\
\x62\x70\x66\x5f\x70\x72\x6f\x62\x65\x5f\x72\x65\x61\x64\x5f\x6b\x65\x72\x6e\
\x65\x6c\x28\x62\x2c\x20\x53\x59\x4e\x41\x43\x4b\x5f\x46\x4c\x41\x47\x53\x5f\
\x52\x45\x41\x44\x5f\x56\x34\x2c\x20\x68\x65\x61\x64\x20\x2b\x20\x6f\x66\x66\
\x73\x65\x74\x29\x29\x20\x7b\0\x20\x20\x20\x20\x69\x66\x20\x28\x62\x5b\x30\x5d\
\x20\x3e\x3e\x20\x34\x20\x3d\x3d\x20\x34\x29\x20\x7b\0\x20\x20\x20\x20\x20\x20\
\x20\x20\x69\x66\x20\x28\x62\x5b\x39\x5d\x20\x21\x3d\x20\x49\x50\x50\x52\x4f\
\x54\x4f\x5f\x54\x43\x50\x20\x7c\x7c\x20\x28\x62\x5b\x36\x5d\x20\x26\x20\x30\
\x78\x33\x66\x29\x20\x7c\x7c\x20\x62\x5b\x37\x5d\x29\x20\x7b\0\x20\x20\x20\x20\
\x20\x20\x20\x20\x69\x66\x20\x28\x62\x5b\x30\x5d\x20\x3c\x20\x30\x78\x34\x35\
\x29\x20\x7b\0\x20\x20\x20\x20\x20\x20\x20\x20\x69\x66\x20\x28\x62\x5b\x30\x5d\
\x20\x3e\x20\x30\x78\x34\x35\x29\x20\x7b\0\x20\x20\x20\x20\x20\x20\x20\x20\x6e\
\x65\x78\x74\x20\x3d\x20\x62\x5b\x36\x5d\x3b\0\x20\x20\x20\x20\x20\x20\x20\x20\
\x20\x20\x20\x20\x20\x20\x20\x20\x20\x20\x20\x7c\x7c\x20\x6e\x65\x78\x74\x20\
\x3d\x3d\x20\x53\x59\x4e\x41\x43\x4b\x5f\x49\x50\x56\x36\x5f\x52\x4f\x55\x54\
\x49\x4e\x47\0\x20\x20\x20\x20\x66\x6c\x61\x67\x73\x20\x3d\x20\x73\x79\x6e\x61\
\x63\x6b\x5f\x70\x61\x72\x73\x65\x5f\x70\x61\x63\x6b\x65\x74\x28\x63\x74\x78\
\x2d\x3e\x73\x6b\x62\x2c\x20\x26\x6b\x65\x79\x2c\x20\x26\x6c\x65\x6e\x67\x74\
\x68\x2c\x20\x26\x73\x65\x71\x29\x3b\0\x20\x20\x20\x20\x20\x20\x20\x20\x6b\x65\
\x79\x2d\x3e\x66\x61\x6d\x69\x6c\x79\x20\x3d\x20\x53\x59\x4e\x41\x43\x4b\x5f\
\x41\x46\x5f\x49\x4e\x45\x54\x3b\0\x20\x20\x20\x20\x20\x20\x20\x20\x69\x66\x20\
\x28\x74\x61\x69\x6c\x20\x2d\x20\x6f\x66\x66\x73\x65\x74\x20\x3c\x20\x53\x59\
\x4e\x41\x43\x4b\x5f\x4d\x49\x4e\x5f\x54\x43\x50\x5f\x56\x36\x29\x20\x7b\0\x20\
\x20\x20\x20\x72\x65\x74\x75\x72\x6e\x20\x28\x66\x6c\x61\x67\x73\x20\x26\x20\
\x53\x59\x4e\x41\x43\x4b\x5f\x54\x43\x50\x5f\x46\x4c\x41\x47\x53\x29\x20\x3d\
\x3d\x20\x28\x53\x59\x4e\x41\x43\x4b\x5f\x54\x43\x50\x5f\x53\x59\x4e\x7c\x53\
\x59\x4e\x41\x43\x4b\x5f\x54\x43\x50\x5f\x41\x43\x4b\x29\x3b\0\x20\x20\x20\x20\
\x20\x20\x20\x20\x6b\x65\x79\x2d\x3e\x66\x61\x6d\x69\x6c\x79\x20\x3d\x20\x53\
\x59\x4e\x41\x43\x4b\x5f\x41\x46\x5f\x49\x4e\x45\x54\x36\x3b\0\x20\x20\x20\x20\
\x6b\x65\x79\x2d\x3e\x70\x72\x6f\x74\x6f\x63\x6f\x6c\x20\x3d\x20\x49\x50\x50\
\x52\x4f\x54\x4f\x5f\x54\x43\x50\x3b\0\x20\x20\x20\x20\x5f\x5f\x62\x75\x69\x6c\
\x74\x69\x6e\x5f\x6d\x65\x6d\x63\x70\x79\x28\x26\x6b\x65\x79\x2d\x3e\x73\x70\
\x6f\x72\x74\x2c\x20\x74\x63\x70\x2c\x20\x32\x29\x3b\0\x20\x20\x20\x20\x5f\x5f\
\x62\x75\x69\x6c\x74\x69\x6e\x5f\x6d\x65\x6d\x63\x70\x79\x28\x26\x6b\x65\x79\
\x2d\x3e\x64\x70\x6f\x72\x74\x2c\x20\x74\x63\x70\x20\x2b\x20\x32\x2c\x20\x32\
\x29\x3b\0\x20\x20\x20\x20\x5f\x5f\x62\x75\x69\x6c\x74\x69\x6e\x5f\x6d\x65\x6d\
\x63\x70\x79\x28\x26\x6b\x65\x79\x2d\x3e\x61\x63\x6b\x2c\x20\x74\x63\x70\x20\
\x2b\x20\x38\x2c\x20\x34\x29\x3b\0\x20\x20\x20\x20\x69\x66\x20\x28\x28\x66\x6c\
\x61\x67\x73\x20\x26\x20\x53\x59\x4e\x41\x43\x4b\x5f\x54\x43\x50\x5f\x46\x4c\
\x41\x47\x53\x29\x20\x21\x3d\x20\x28\x53\x59\x4e\x41\x43\x4b\x5f\x54\x43\x50\
\x5f\x53\x59\x4e\x7c\x53\x59\x4e\x41\x43\x4b\x5f\x54\x43\x50\x5f\x41\x43\x4b\
\x29\x29\x20\x7b\0\x20\x20\x20\x20\x65\x20\x3d\x20\x62\x70\x66\x5f\x6d\x61\x70\
\x5f\x6c\x6f\x6f\x6b\x75\x70\x5f\x65\x6c\x65\x6d\x28\x26\x73\x79\x6e\x61\x63\
\x6b\x5f\x65\x78\x70\x65\x63\x74\x2c\x20\x26\x6b\x65\x79\x29\x3b\0\x20\x20\x20\
\x20\x69\x66\x20\x28\x65\x20\x3d\x3d\x20\x4e\x55\x4c\x4c\x29\x20\x7b\0\x20\x20\
\x20\x20\x74\x6d\x70\x20\x3d\x20\x62\x70\x66\x5f\x6d\x61\x70\x5f\x6c\x6f\x6f\
\x6b\x75\x70\x5f\x65\x6c\x65\x6d\x28\x26\x73\x79\x6e\x61\x63\x6b\x5f\x73\x63\
\x72\x61\x74\x63\x68\x2c\x20\x26\x7a\x65\x72\x6f\x29\x3b\0\x20\x20\x20\x20\x69\
\x66\x20\x28\x74\x6d\x70\x20\x3d\x3d\x20\x4e\x55\x4c\x4c\x29\x20\x7b\0\x20\x20\
\x20\x20\x5f\x5f\x62\x75\x69\x6c\x74\x69\x6e\x5f\x6d\x65\x6d\x73\x65\x74\x28\
\x74\x6d\x70\x2c\x20\x30\x2c\x20\x73\x69\x7a\x65\x6f\x66\x28\x2a\x74\x6d\x70\
\x29\x29\x3b\0\x20\x20\x20\x20\x69\x66\x20\x28\x73\x79\x6e\x61\x63\x6b\x5f\x63\
\x6f\x70\x79\x5f\x68\x65\x61\x64\x65\x72\x73\x28\x63\x74\x78\x2d\x3e\x73\x6b\
\x62\x2c\x20\x74\x6d\x70\x2d\x3e\x68\x65\x61\x64\x65\x72\x73\x2c\x20\x6c\x65\
\x6e\x67\x74\x68\x29\x29\x20\x7b\0\x20\x20\x20\x20\x68\x65\x61\x64\x20\x3d\x20\
\x73\x6b\x62\x2d\x3e\x68\x65\x61\x64\x20\x2b\x20\x73\x6b\x62\x2d\x3e\x6e\x65\
\x74\x77\x6f\x72\x6b\x5f\x68\x65\x61\x64\x65\x72\x3b\0\x20\x20\x20\x20\x61\x73\
\x6d\x20\x76\x6f\x6c\x61\x74\x69\x6c\x65\x28\x22\x22\x20\x3a\x20\x22\x2b\x72\
\x22\x28\x72\x65\x61\x64\x5f\x6c\x65\x6e\x29\x29\x3b\0\x20\x20\x20\x20\x69\x66\
\x20\x28\x72\x65\x61\x64\x5f\x6c\x65\x6e\x20\x3d\x3d\x20\x30\x20\x7c\x7c\x20\
\x72\x65\x61\x64\x5f\x6c\x65\x6e\x20\x3e\x20\x53\x59\x4e\x41\x43\x4b\x5f\x4d\
\x41\x58\x5f\x48\x45\x41\x44\x45\x52\x53\x29\x20\x7b\0\x20\x20\x20\x20\x72\x65\
\x74\x75\x72\x6e\x20\x62\x70\x66\x5f\x70\x72\x6f\x62\x65\x5f\x72\x65\x61\x64\
\x5f\x6b\x65\x72\x6e\x65\x6c\x28\x62\x79\x74\x65\x73\x2c\x20\x72\x65\x61\x64\
\x5f\x6c\x65\x6e\x2c\x20\x68\x65\x61\x64\x29\x20\x3f\x20\x2d\x31\x20\x3a\x20\
\x30\x3b\0\x20\x20\x20\x20\x63\x6f\x6f\x6b\x69\x65\x20\x3d\x20\x65\x2d\x3e\x63\
\x6f\x6f\x6b\x69\x65\x3b\0\x20\x20\x20\x20\x69\x66\x20\x28\x63\x20\x3d\x3d\x20\
\x4e\x55\x4c\x4c\x29\x20\x7b\0\x20\x20\x20\x20\x69\x66\x20\x28\x5f\x5f\x73\x79\
\x6e\x63\x5f\x76\x61\x6c\x5f\x63\x6f\x6d\x70\x61\x72\x65\x5f\x61\x6e\x64\x5f\
\x73\x77\x61\x70\x28\x26\x63\x2d\x3e\x70\x68\x61\x73\x65\x2c\x20\x53\x59\x4e\
\x41\x43\x4b\x5f\x50\x45\x4e\x44\x49\x4e\x47\x2c\x20\x53\x59\x4e\x41\x43\x4b\
\x5f\x43\x4c\x41\x49\x4d\x45\x44\x29\0\x20\x20\x20\x20\x74\x6d\x70\x2d\x3e\x6c\
\x65\x6e\x67\x74\x68\x20\x3d\x20\x6c\x65\x6e\x67\x74\x68\x3b\0\x20\x20\x20\x20\
\x74\x6d\x70\x2d\x3e\x76\x65\x72\x73\x69\x6f\x6e\x20\x3d\x20\x53\x59\x4e\x41\
\x43\x4b\x5f\x56\x45\x52\x53\x49\x4f\x4e\x3b\0\x20\x20\x20\x20\x69\x66\x20\x28\
\x62\x70\x66\x5f\x6d\x61\x70\x5f\x75\x70\x64\x61\x74\x65\x5f\x65\x6c\x65\x6d\
\x28\x26\x73\x79\x6e\x61\x63\x6b\x5f\x63\x61\x70\x74\x75\x72\x65\x2c\x20\x26\
\x63\x6f\x6f\x6b\x69\x65\x2c\x20\x74\x6d\x70\x2c\x20\x42\x50\x46\x5f\x4e\x4f\
\x45\x58\x49\x53\x54\x29\x29\x20\x7b\0\x20\x20\x20\x20\x20\x20\x20\x20\x5f\x5f\
\x73\x79\x6e\x63\x5f\x6c\x6f\x63\x6b\x5f\x74\x65\x73\x74\x5f\x61\x6e\x64\x5f\
\x73\x65\x74\x28\x26\x63\x2d\x3e\x70\x68\x61\x73\x65\x2c\x20\x53\x59\x4e\x41\
\x43\x4b\x5f\x50\x45\x4e\x44\x49\x4e\x47\x29\x3b\0\x20\x20\x20\x20\x5f\x5f\x73\
\x79\x6e\x63\x5f\x6c\x6f\x63\x6b\x5f\x74\x65\x73\x74\x5f\x61\x6e\x64\x5f\x73\
\x65\x74\x28\x26\x63\x2d\x3e\x70\x68\x61\x73\x65\x2c\x20\x53\x59\x4e\x41\x43\
\x4b\x5f\x43\x4f\x4d\x50\x4c\x45\x54\x45\x29\x3b\0\x20\x20\x20\x20\x69\x66\x20\
\x28\x63\x2d\x3e\x68\x61\x73\x5f\x6b\x65\x79\x29\x20\x7b\0\x20\x20\x20\x20\x20\
\x20\x20\x20\x73\x79\x6e\x61\x63\x6b\x5f\x72\x65\x6d\x6f\x76\x65\x5f\x6f\x77\
\x6e\x65\x64\x28\x26\x63\x2d\x3e\x6b\x65\x79\x2c\x20\x63\x6f\x6f\x6b\x69\x65\
\x29\x3b\0\x20\x20\x20\x20\x62\x70\x66\x5f\x6d\x61\x70\x5f\x64\x65\x6c\x65\x74\
\x65\x5f\x65\x6c\x65\x6d\x28\x26\x73\x79\x6e\x61\x63\x6b\x5f\x63\x6f\x6e\x6e\
\x2c\x20\x26\x63\x6f\x6f\x6b\x69\x65\x29\x3b\0\x30\x3a\x30\0\x30\x3a\x34\0\x30\
\x3a\x31\0\x30\x3a\x30\x3a\x34\0\x30\x3a\x30\x3a\x31\x35\x3a\x30\0\x30\x3a\x32\
\x33\0\x30\x3a\x32\x34\0\x30\x3a\x36\0\x30\x3a\x32\x30\x3a\x30\x3a\x34\x39\0\
\x30\x3a\x32\x31\0\x2e\x6d\x61\x70\x73\0\x6c\x69\x63\x65\x6e\x73\x65\0\x6e\x65\
\x74\x66\x69\x6c\x74\x65\x72\0\0\0\x9f\xeb\x01\0\x20\0\0\0\0\0\0\0\x1c\0\0\0\
\x1c\0\0\0\x3c\x13\0\0\x58\x13\0\0\x9c\x01\0\0\x08\0\0\0\xac\x7b\0\0\x02\0\0\0\
\0\0\0\0\x37\0\0\0\xb0\x12\0\0\x0a\x03\0\0\x10\0\0\0\xac\x7b\0\0\x33\x01\0\0\0\
\0\0\0\x7a\x66\0\0\x8f\x66\0\0\0\x6c\x07\0\x08\0\0\0\x7a\x66\0\0\xb2\x66\0\0\
\x22\x88\x07\0\x30\0\0\0\x7a\x66\0\0\xb2\x66\0\0\x2f\x88\x07\0\x60\0\0\0\x7a\
\x66\0\0\xeb\x66\0\0\x0f\xac\x07\0\x68\0\0\0\x7a\x66\0\0\xeb\x66\0\0\x16\xac\
\x07\0\x70\0\0\0\x7a\x66\0\0\x04\x67\0\0\x09\xb0\x07\0\x78\0\0\0\x7a\x66\0\0\
\x1a\x67\0\0\x13\xb4\x07\0\x80\0\0\0\x7a\x66\0\0\x1a\x67\0\0\x18\xb4\x07\0\x88\
\0\0\0\x7a\x66\0\0\x04\x67\0\0\x09\xc0\x07\0\x90\0\0\0\x7a\x66\0\0\x35\x67\0\0\
\x1d\xf4\x07\0\x98\0\0\0\x7a\x66\0\0\x5c\x67\0\0\x1f\xf8\x07\0\xa8\0\0\0\x7a\
\x66\0\0\x93\x67\0\0\x29\x10\x08\0\xb0\0\0\0\x7a\x66\0\0\x93\x67\0\0\x0c\x10\
\x08\0\xb8\0\0\0\x7a\x66\0\0\xc4\x67\0\0\x09\x14\x08\0\xc8\0\0\0\x7a\x66\0\0\
\xdb\x67\0\0\x09\x24\x08\0\xf8\0\0\0\x7a\x66\0\0\x0f\x68\0\0\x13\x2c\x08\0\0\
\x01\0\0\x7a\x66\0\0\x0f\x68\0\0\x19\x2c\x08\0\x08\x01\0\0\x7a\x66\0\0\x0f\x68\
\0\0\x09\x2c\x08\0\x10\x01\0\0\x7a\x66\0\0\x42\x68\0\0\x26\x48\x08\0\x18\x01\0\
\0\x7a\x66\0\0\x85\x68\0\0\x11\x20\x01\0\x20\x01\0\0\x7a\x66\0\0\x9b\x68\0\0\
\x18\x2c\x01\0\x28\x01\0\0\x7a\x66\0\0\xbf\x68\0\0\x1a\x30\x01\0\x30\x01\0\0\
\x7a\x66\0\0\xdd\x68\0\0\x13\x24\x01\0\x38\x01\0\0\x7a\x66\0\0\xff\x68\0\0\x11\
\x28\x01\0\x40\x01\0\0\x7a\x66\0\0\x15\x69\0\0\x09\x50\x01\0\x48\x01\0\0\x7a\
\x66\0\0\x15\x69\0\0\x11\x50\x01\0\x58\x01\0\0\x7a\x66\0\0\x33\x69\0\0\x09\x54\
\x01\0\x70\x01\0\0\x7a\x66\0\0\x51\x69\0\0\x1a\x58\x01\0\x80\x01\0\0\x7a\x66\0\
\0\x82\x69\0\0\x09\x4c\x01\0\x88\x01\0\0\x7a\x66\0\0\x98\x69\0\0\x2c\x74\x01\0\
\x98\x01\0\0\x7a\x66\0\0\0\0\0\0\0\0\0\0\xa0\x01\0\0\x7a\x66\0\0\x98\x69\0\0\
\x09\x74\x01\0\xd0\x01\0\0\x7a\x66\0\0\x98\x69\0\0\x09\x74\x01\0\xd8\x01\0\0\
\x7a\x66\0\0\xd0\x69\0\0\x09\x84\x01\0\xf0\x01\0\0\x7a\x66\0\0\xd0\x69\0\0\x09\
\x84\x01\0\0\x02\0\0\x7a\x66\0\0\xeb\x69\0\0\x1e\x88\x01\0\x10\x02\0\0\x7a\x66\
\0\0\x0d\x6a\0\0\x16\x9c\x01\0\x28\x02\0\0\x7a\x66\0\0\x0d\x6a\0\0\x32\x9c\x01\
\0\x30\x02\0\0\x7a\x66\0\0\x0d\x6a\0\0\x38\x9c\x01\0\x50\x02\0\0\x7a\x66\0\0\
\x0d\x6a\0\0\x40\x9c\x01\0\x78\x02\0\0\x7a\x66\0\0\x58\x6a\0\0\x09\xb4\x01\0\
\xd0\x02\0\0\x7a\x66\0\0\x88\x6a\0\0\x09\xb0\x01\0\x30\x03\0\0\x7a\x66\0\0\xb8\
\x6a\0\0\x05\xbc\x01\0\x40\x03\0\0\x7a\x66\0\0\xda\x6a\0\0\x0d\xc8\x01\0\x50\
\x03\0\0\x7a\x66\0\0\xda\x6a\0\0\x10\xc8\x01\0\x70\x03\0\0\x7a\x66\0\0\x17\x6b\
\0\0\x0d\xc4\x01\0\x78\x03\0\0\x7a\x66\0\0\x36\x6b\0\0\x1a\xdc\x01\0\x80\x03\0\
\0\x7a\x66\0\0\x36\x6b\0\0\x20\xdc\x01\0\x88\x03\0\0\x7a\x66\0\0\x36\x6b\0\0\
\x28\xdc\x01\0\x90\x03\0\0\x7a\x66\0\0\x36\x6b\0\0\x26\xdc\x01\0\x98\x03\0\0\
\x7a\x66\0\0\x64\x6b\0\0\x0d\xe4\x01\0\xa0\x03\0\0\x7a\x66\0\0\x7e\x6b\0\0\x09\
\x04\x02\0\x50\x04\0\0\x7a\x66\0\0\xaf\x6b\0\0\x09\0\x02\0\0\x05\0\0\x7a\x66\0\
\0\x7e\x6b\0\0\x09\x04\x02\0\x30\x05\0\0\x7a\x66\0\0\xaf\x6b\0\0\x09\0\x02\0\
\x88\x05\0\0\x7a\x66\0\0\x7e\x6b\0\0\x09\x04\x02\0\0\x06\0\0\x7a\x66\0\0\xaf\
\x6b\0\0\x09\0\x02\0\x18\x06\0\0\x7a\x66\0\0\x7e\x6b\0\0\x09\x04\x02\0\x20\x06\
\0\0\x7a\x66\0\0\xaf\x6b\0\0\x09\0\x02\0\x80\x06\0\0\x7a\x66\0\0\x7e\x6b\0\0\
\x09\x04\x02\0\xd0\x06\0\0\x7a\x66\0\0\xaf\x6b\0\0\x09\0\x02\0\xe0\x06\0\0\x7a\
\x66\0\0\x7e\x6b\0\0\x09\x04\x02\0\xe8\x06\0\0\x7a\x66\0\0\xaf\x6b\0\0\x09\0\
\x02\0\xf8\x06\0\0\x7a\x66\0\0\x7e\x6b\0\0\x09\x04\x02\0\x18\x07\0\0\x7a\x66\0\
\0\xaf\x6b\0\0\x09\0\x02\0\x40\x07\0\0\x7a\x66\0\0\xdf\x6b\0\0\x0f\xf4\x01\0\
\x50\x07\0\0\x7a\x66\0\0\xf4\x6b\0\0\x10\x0c\x02\0\x58\x07\0\0\x7a\x66\0\0\x0a\
\x6c\0\0\x09\x18\x02\0\x80\x07\0\0\x7a\x66\0\0\x1e\x6c\0\0\x1d\x6c\x02\0\x88\
\x07\0\0\x7a\x66\0\0\x1e\x6c\0\0\x2f\x6c\x02\0\xa8\x07\0\0\x7a\x66\0\0\0\0\0\0\
\0\0\0\0\xb8\x07\0\0\x7a\x66\0\0\x5e\x6c\0\0\x14\x8c\x02\0\xc0\x07\0\0\x7a\x66\
\0\0\x79\x6c\0\0\x11\x88\x02\0\xd0\x07\0\0\x7a\x66\0\0\x0a\x6c\0\0\x09\x18\x02\
\0\xd8\x07\0\0\x7a\x66\0\0\0\0\0\0\0\0\0\0\xe0\x07\0\0\x7a\x66\0\0\x0a\x6c\0\0\
\x09\x18\x02\0\xe8\x07\0\0\x7a\x66\0\0\x92\x6c\0\0\x0d\x98\x02\0\xf0\x07\0\0\
\x7a\x66\0\0\0\0\0\0\0\0\0\0\0\x08\0\0\x7a\x66\0\0\xb5\x6c\0\0\x09\xbc\x02\0\
\x10\x08\0\0\x7a\x66\0\0\xdc\x6c\0\0\x10\xc0\x02\0\x20\x08\0\0\x7a\x66\0\0\0\
\x6d\0\0\x09\xc4\x02\0\x30\x08\0\0\x7a\x66\0\0\x1d\x6d\0\0\x36\xd8\x02\0\x48\
\x08\0\0\x7a\x66\0\0\x1d\x6d\0\0\x09\xd8\x02\0\x88\x08\0\0\x7a\x66\0\0\x1d\x6d\
\0\0\x09\xd8\x02\0\x90\x08\0\0\x7a\x66\0\0\x5c\x6d\0\0\x10\xe8\x02\0\x98\x08\0\
\0\x7a\x66\0\0\x5c\x6d\0\0\x1e\xe8\x02\0\xa8\x08\0\0\x7a\x66\0\0\x7e\x6d\0\0\
\x09\xf4\x02\0\xb0\x08\0\0\x7a\x66\0\0\x7e\x6d\0\0\x10\xf4\x02\0\xb8\x08\0\0\
\x7a\x66\0\0\xac\x6d\0\0\x09\xf8\x02\0\xe0\x08\0\0\x7a\x66\0\0\xcd\x6d\0\0\x11\
\x2c\x02\0\x08\x09\0\0\x7a\x66\0\0\xf8\x6d\0\0\x3d\x44\x02\0\x30\x09\0\0\x7a\
\x66\0\0\xf8\x6d\0\0\x11\x44\x02\0\x68\x09\0\0\x7a\x66\0\0\xf8\x6d\0\0\x11\x44\
\x02\0\x80\x09\0\0\x7a\x66\0\0\x3e\x6e\0\0\x11\x58\x02\0\xa0\x09\0\0\x7a\x66\0\
\0\x6d\x6e\0\0\x21\x64\x02\0\xb0\x09\0\0\x7a\x66\0\0\x9e\x6e\0\0\x0c\x30\x03\0\
\xb8\x09\0\0\x7a\x66\0\0\xb2\x6e\0\0\x10\x50\x08\0\xc0\x09\0\0\x7a\x66\0\0\xb2\
\x6e\0\0\x09\x50\x08\0\xc8\x09\0\0\x7a\x66\0\0\0\0\0\0\0\0\0\0\xf8\x09\0\0\x7a\
\x66\0\0\xea\x6e\0\0\x05\x78\x08\0\x10\x0a\0\0\x7a\x66\0\0\x1a\x6f\0\0\x13\x74\
\x08\0\x18\x0a\0\0\x7a\x66\0\0\x3b\x6f\0\0\x11\x70\x08\0\x28\x0a\0\0\x7a\x66\0\
\0\xea\x6e\0\0\x05\x78\x08\0\x48\x0a\0\0\x7a\x66\0\0\x5c\x6f\0\0\x05\x7c\x08\0\
\x78\x0a\0\0\x7a\x66\0\0\x8c\x6f\0\0\x10\x84\x08\0\x80\x0a\0\0\x7a\x66\0\0\xab\
\x6f\0\0\x10\x80\x08\0\x88\x0a\0\0\x7a\x66\0\0\xca\x6f\0\0\x10\x88\x08\0\xa0\
\x0a\0\0\x7a\x66\0\0\xca\x6f\0\0\x0e\x88\x08\0\xa8\x0a\0\0\x7a\x66\0\0\xf8\x6f\
\0\0\x23\x90\x08\0\xb0\x0a\0\0\x7a\x66\0\0\x26\x70\0\0\x2c\x50\x06\0\xb8\x0a\0\
\0\x7a\x66\0\0\x53\x70\0\0\x0c\x60\x06\0\xc0\x0a\0\0\x7a\x66\0\0\x53\x70\0\0\
\x09\x60\x06\0\xc8\x0a\0\0\x7a\x66\0\0\x79\x70\0\0\x0c\x88\x06\0\xd8\x0a\0\0\
\x7a\x66\0\0\x79\x70\0\0\x14\x88\x06\0\xe8\x0a\0\0\x7a\x66\0\0\x79\x70\0\0\x17\
\x88\x06\0\x48\x0f\0\0\x7a\x66\0\0\x79\x70\0\0\x09\x88\x06\0\x68\x0f\0\0\x7a\
\x66\0\0\0\0\0\0\0\0\0\0\x70\x0f\0\0\x7a\x66\0\0\xc4\x70\0\0\x09\xc0\x05\0\x88\
\x0f\0\0\x7a\x66\0\0\xf5\x70\0\0\x09\xc4\x05\0\x98\x0f\0\0\x7a\x66\0\0\x02\x71\
\0\0\x09\xc8\x05\0\xa0\x0f\0\0\x7a\x66\0\0\x26\x71\0\0\x01\x9c\x08\0\xb8\x0f\0\
\0\x7a\x66\0\0\x28\x71\0\0\x09\x9c\x06\0\xe0\x0f\0\0\x7a\x66\0\0\x5a\x71\0\0\
\x09\xa8\x06\0\xf0\x0f\0\0\x7a\x66\0\0\x5a\x71\0\0\x0c\xa8\x06\0\x28\x10\0\0\
\x7a\x66\0\0\xa4\x71\0\0\x09\xa4\x06\0\x38\x10\0\0\x7a\x66\0\0\xb6\x71\0\0\x0d\
\xb8\x06\0\x60\x10\0\0\x7a\x66\0\0\xec\x71\0\0\x0d\xbc\x06\0\x80\x10\0\0\x7a\
\x66\0\0\0\0\0\0\0\0\0\0\x88\x10\0\0\x7a\x66\0\0\xc4\x70\0\0\x09\xc0\x05\0\xa0\
\x10\0\0\x7a\x66\0\0\xf5\x70\0\0\x09\xc4\x05\0\xb0\x10\0\0\x7a\x66\0\0\x05\x72\
\0\0\x11\xd4\x06\0\xb8\x10\0\0\x7a\x66\0\0\x05\x72\0\0\x09\xd4\x06\0\xd0\x10\0\
\0\x7a\x66\0\0\0\0\0\0\0\0\0\0\xd8\x10\0\0\x7a\x66\0\0\x29\x72\0\0\x0c\x30\x06\
\0\xf0\x10\0\0\x7a\x66\0\0\x68\x72\0\0\x0d\xf8\x06\0\x10\x11\0\0\x7a\x66\0\0\0\
\0\0\0\0\0\0\0\x18\x11\0\0\x7a\x66\0\0\xc4\x70\0\0\x09\xc0\x05\0\x30\x11\0\0\
\x7a\x66\0\0\xf5\x70\0\0\x09\xc4\x05\0\x40\x11\0\0\x7a\x66\0\0\x95\x72\0\0\x13\
\x24\x07\0\x48\x11\0\0\x7a\x66\0\0\xb1\x72\0\0\x0d\x30\x07\0\x58\x11\0\0\x7a\
\x66\0\0\xb1\x72\0\0\x09\x30\x07\0\x60\x11\0\0\x7a\x66\0\0\xc8\x72\0\0\x12\x34\
\x07\0\xa8\x11\0\0\x7a\x66\0\0\xdf\x72\0\0\x14\x38\x07\0\xb0\x11\0\0\x7a\x66\0\
\0\xc8\x72\0\0\x12\x34\x07\0\x28\x12\0\0\x7a\x66\0\0\x53\x70\0\0\x0c\x4c\x07\0\
\x38\x12\0\0\x7a\x66\0\0\x53\x70\0\0\x09\x4c\x07\0\x48\x12\0\0\x7a\x66\0\0\0\0\
\0\0\0\0\0\0\x50\x12\0\0\x7a\x66\0\0\x28\x71\0\0\x09\xf0\x05\0\x68\x12\0\0\x7a\
\x66\0\0\xf7\x72\0\0\x0b\xf8\x05\0\x70\x12\0\0\x7a\x66\0\0\xf7\x72\0\0\x11\xf8\
\x05\0\x78\x12\0\0\x7a\x66\0\0\xf7\x72\0\0\x09\xf8\x05\0\x88\x12\0\0\x7a\x66\0\
\0\x1b\x73\0\0\x09\xfc\x05\0\xb0\x12\0\0\x7a\x66\0\0\x4d\x73\0\0\0\xb0\x08\0\
\xb8\x12\0\0\x7a\x66\0\0\x6f\x73\0\0\x0a\xd8\x08\0\xc0\x12\0\0\x7a\x66\0\0\x7d\
\x73\0\0\x22\xc4\x08\0\xf8\x12\0\0\x7a\x66\0\0\xa8\x73\0\0\x20\xf0\x08\0\0\x13\
\0\0\x7a\x66\0\0\x85\x68\0\0\x11\x9c\x03\0\x08\x13\0\0\x7a\x66\0\0\xff\x68\0\0\
\x11\xa4\x03\0\x10\x13\0\0\x7a\x66\0\0\xdd\x68\0\0\x13\xa0\x03\0\x18\x13\0\0\
\x7a\x66\0\0\xcf\x73\0\0\x17\xb4\x03\0\x20\x13\0\0\x7a\x66\0\0\xcf\x73\0\0\x1f\
\xb4\x03\0\x28\x13\0\0\x7a\x66\0\0\xcf\x73\0\0\x09\xb4\x03\0\x38\x13\0\0\x7a\
\x66\0\0\0\0\0\0\0\0\0\0\x40\x13\0\0\x7a\x66\0\0\x0d\x74\0\0\x09\xc4\x03\0\x50\
\x13\0\0\x7a\x66\0\0\x3e\x74\0\0\x0d\xc8\x03\0\x70\x13\0\0\x7a\x66\0\0\x3e\x74\
\0\0\x0d\xc8\x03\0\x88\x13\0\0\x7a\x66\0\0\x8b\x74\0\0\x10\xd8\x03\0\xa8\x13\0\
\0\x7a\x66\0\0\x8b\x74\0\0\x10\xd8\x03\0\xb0\x13\0\0\x7a\x66\0\0\xdb\x74\0\0\
\x09\xe8\x03\0\xc8\x13\0\0\x7a\x66\0\0\xdb\x74\0\0\x09\xe8\x03\0\xd8\x13\0\0\
\x7a\x66\0\0\xf5\x74\0\0\x0d\xf0\x03\0\xe0\x13\0\0\x7a\x66\0\0\xf5\x74\0\0\x21\
\xf0\x03\0\xe8\x13\0\0\x7a\x66\0\0\xf5\x74\0\0\x25\xf0\x03\0\xf0\x13\0\0\x7a\
\x66\0\0\xf5\x74\0\0\x2a\xf0\x03\0\x10\x14\0\0\x7a\x66\0\0\xf5\x74\0\0\x32\xf0\
\x03\0\x18\x14\0\0\x7a\x66\0\0\x31\x75\0\0\x0d\0\x04\0\x28\x14\0\0\x7a\x66\0\0\
\x4c\x75\0\0\x0d\x10\x04\0\x38\x14\0\0\x7a\x66\0\0\x67\x75\0\0\x10\x30\x04\0\
\x40\x14\0\0\x7a\x66\0\0\x92\x6c\0\0\x0d\x38\x04\0\x48\x14\0\0\x7a\x66\0\0\x7c\
\x75\0\0\x14\x40\x04\0\x68\x14\0\0\x7a\x66\0\0\xae\x75\0\0\x26\0\x09\0\x70\x14\
\0\0\x7a\x66\0\0\x85\x68\0\0\x11\x20\x01\0\x78\x14\0\0\x7a\x66\0\0\x9b\x68\0\0\
\x18\x2c\x01\0\x80\x14\0\0\x7a\x66\0\0\xbf\x68\0\0\x1a\x30\x01\0\x88\x14\0\0\
\x7a\x66\0\0\xdd\x68\0\0\x13\x24\x01\0\x90\x14\0\0\x7a\x66\0\0\xff\x68\0\0\x11\
\x28\x01\0\x98\x14\0\0\x7a\x66\0\0\x15\x69\0\0\x09\x50\x01\0\xa0\x14\0\0\x7a\
\x66\0\0\x15\x69\0\0\x11\x50\x01\0\xb0\x14\0\0\x7a\x66\0\0\x33\x69\0\0\x09\x54\
\x01\0\xc8\x14\0\0\x7a\x66\0\0\x51\x69\0\0\x1a\x58\x01\0\xd8\x14\0\0\x7a\x66\0\
\0\x82\x69\0\0\x09\x4c\x01\0\xe0\x14\0\0\x7a\x66\0\0\x98\x69\0\0\x2c\x74\x01\0\
\xe8\x14\0\0\x7a\x66\0\0\x98\x69\0\0\x09\x74\x01\0\xf8\x14\0\0\x7a\x66\0\0\0\0\
\0\0\0\0\0\0\0\x15\0\0\x7a\x66\0\0\x98\x69\0\0\x09\x74\x01\0\x20\x15\0\0\x7a\
\x66\0\0\x98\x69\0\0\x09\x74\x01\0\x28\x15\0\0\x7a\x66\0\0\xd0\x69\0\0\x09\x84\
\x01\0\x40\x15\0\0\x7a\x66\0\0\xd0\x69\0\0\x09\x84\x01\0\x50\x15\0\0\x7a\x66\0\
\0\xeb\x69\0\0\x1e\x88\x01\0\x60\x15\0\0\x7a\x66\0\0\x0d\x6a\0\0\x16\x9c\x01\0\
\x78\x15\0\0\x7a\x66\0\0\x0d\x6a\0\0\x32\x9c\x01\0\x80\x15\0\0\x7a\x66\0\0\x0d\
\x6a\0\0\x38\x9c\x01\0\xa0\x15\0\0\x7a\x66\0\0\x0d\x6a\0\0\x40\x9c\x01\0\xd0\
\x15\0\0\x7a\x66\0\0\x88\x6a\0\0\x09\xb0\x01\0\x28\x16\0\0\x7a\x66\0\0\xee\x75\
\0\0\x15\xac\x01\0\x30\x16\0\0\x7a\x66\0\0\x88\x6a\0\0\x09\xb0\x01\0\x38\x16\0\
\0\x7a\x66\0\0\x58\x6a\0\0\x09\xb4\x01\0\xa8\x16\0\0\x7a\x66\0\0\x14\x76\0\0\
\x0d\x54\x04\0\xb8\x16\0\0\x7a\x66\0\0\0\0\0\0\0\0\0\0\xd0\x16\0\0\x7a\x66\0\0\
\x45\x76\0\0\x13\x7c\x04\0\xd8\x16\0\0\x7a\x66\0\0\xa8\x73\0\0\x09\xf0\x08\0\
\xe0\x16\0\0\x7a\x66\0\0\x26\x71\0\0\x01\xf8\x09\0\xf0\x16\0\0\x7a\x66\0\0\xda\
\x6a\0\0\x0d\xc8\x01\0\0\x17\0\0\x7a\x66\0\0\xda\x6a\0\0\x10\xc8\x01\0\x18\x17\
\0\0\x7a\x66\0\0\x17\x6b\0\0\x0d\xc4\x01\0\x20\x17\0\0\x7a\x66\0\0\x36\x6b\0\0\
\x1a\xdc\x01\0\x28\x17\0\0\x7a\x66\0\0\x36\x6b\0\0\x20\xdc\x01\0\x30\x17\0\0\
\x7a\x66\0\0\x36\x6b\0\0\x28\xdc\x01\0\x38\x17\0\0\x7a\x66\0\0\x36\x6b\0\0\x26\
\xdc\x01\0\x48\x17\0\0\x7a\x66\0\0\x64\x6b\0\0\x0d\xe4\x01\0\x50\x17\0\0\x7a\
\x66\0\0\xaf\x6b\0\0\x09\0\x02\0\x98\x18\0\0\x7a\x66\0\0\x7e\x6b\0\0\x09\x04\
\x02\0\xf0\x18\0\0\x7a\x66\0\0\xaf\x6b\0\0\x09\0\x02\0\x58\x19\0\0\x7a\x66\0\0\
\x7e\x6b\0\0\x09\x04\x02\0\x60\x1a\0\0\x7a\x66\0\0\x8f\x76\0\0\x15\xfc\x01\0\
\x68\x1a\0\0\x7a\x66\0\0\xaf\x6b\0\0\x09\0\x02\0\xa8\x1a\0\0\x7a\x66\0\0\x7e\
\x6b\0\0\x09\x04\x02\0\xe8\x1a\0\0\x7a\x66\0\0\xdf\x6b\0\0\x0f\xf4\x01\0\xf8\
\x1a\0\0\x7a\x66\0\0\xf4\x6b\0\0\x10\x0c\x02\0\x10\x1b\0\0\x7a\x66\0\0\x0a\x6c\
\0\0\x09\x18\x02\0\x30\x1b\0\0\x7a\x66\0\0\x1e\x6c\0\0\x1d\x6c\x02\0\x38\x1b\0\
\0\x7a\x66\0\0\x1e\x6c\0\0\x2f\x6c\x02\0\x58\x1b\0\0\x7a\x66\0\0\0\0\0\0\0\0\0\
\0\x68\x1b\0\0\x7a\x66\0\0\x5e\x6c\0\0\x14\x8c\x02\0\x70\x1b\0\0\x7a\x66\0\0\
\x79\x6c\0\0\x11\x88\x02\0\x80\x1b\0\0\x7a\x66\0\0\x0a\x6c\0\0\x09\x18\x02\0\
\x88\x1b\0\0\x7a\x66\0\0\0\0\0\0\0\0\0\0\x90\x1b\0\0\x7a\x66\0\0\x0a\x6c\0\0\
\x09\x18\x02\0\x98\x1b\0\0\x7a\x66\0\0\x92\x6c\0\0\x0d\x98\x02\0\xa0\x1b\0\0\
\x7a\x66\0\0\0\0\0\0\0\0\0\0\xb0\x1b\0\0\x7a\x66\0\0\xb5\x6c\0\0\x09\xbc\x02\0\
\xc8\x1b\0\0\x7a\x66\0\0\xdc\x6c\0\0\x10\xc0\x02\0\xd8\x1b\0\0\x7a\x66\0\0\0\
\x6d\0\0\x09\xc4\x02\0\xf0\x1b\0\0\x7a\x66\0\0\x1d\x6d\0\0\x36\xd8\x02\0\x08\
\x1c\0\0\x7a\x66\0\0\x1d\x6d\0\0\x09\xd8\x02\0\x20\x1c\0\0\x7a\x66\0\0\x1d\x6d\
\0\0\x09\xd8\x02\0\x28\x1c\0\0\x7a\x66\0\0\x5c\x6d\0\0\x10\xe8\x02\0\x30\x1c\0\
\0\x7a\x66\0\0\x5c\x6d\0\0\x1e\xe8\x02\0\x40\x1c\0\0\x7a\x66\0\0\x7e\x6d\0\0\
\x09\xf4\x02\0\x48\x1c\0\0\x7a\x66\0\0\x7e\x6d\0\0\x10\xf4\x02\0\x50\x1c\0\0\
\x7a\x66\0\0\xac\x6d\0\0\x09\xf8\x02\0\x88\x1c\0\0\x7a\x66\0\0\xcd\x6d\0\0\x11\
\x2c\x02\0\xb8\x1c\0\0\x7a\x66\0\0\xf8\x6d\0\0\x3d\x44\x02\0\xd0\x1c\0\0\x7a\
\x66\0\0\xf8\x6d\0\0\x11\x44\x02\0\0\x1d\0\0\x7a\x66\0\0\xf8\x6d\0\0\x11\x44\
\x02\0\x20\x1d\0\0\x7a\x66\0\0\x3e\x6e\0\0\x11\x58\x02\0\x40\x1d\0\0\x7a\x66\0\
\0\x6d\x6e\0\0\x21\x64\x02\0\x58\x1d\0\0\x7a\x66\0\0\xb6\x76\0\0\x13\x18\x03\0\
\x60\x1d\0\0\x7a\x66\0\0\xd7\x76\0\0\x05\x1c\x03\0\x70\x1d\0\0\x7a\x66\0\0\x02\
\x77\0\0\x05\x20\x03\0\x80\x1d\0\0\x7a\x66\0\0\x31\x77\0\0\x05\x24\x03\0\xa8\
\x1d\0\0\x7a\x66\0\0\x9e\x6e\0\0\x0c\x30\x03\0\xb0\x1d\0\0\x7a\x66\0\0\x5e\x77\
\0\0\x10\x08\x09\0\xb8\x1d\0\0\x7a\x66\0\0\x5e\x77\0\0\x09\x08\x09\0\xc8\x1d\0\
\0\x7a\x66\0\0\xa7\x77\0\0\x09\x18\x09\0\xf0\x1d\0\0\x7a\x66\0\0\xda\x77\0\0\
\x09\x20\x09\0\0\x1e\0\0\x7a\x66\0\0\xef\x77\0\0\x0b\x30\x09\0\x28\x1e\0\0\x7a\
\x66\0\0\x26\x78\0\0\x09\x34\x09\0\x38\x1e\0\0\x7a\x66\0\0\x3d\x78\0\0\x05\x44\
\x09\0\x48\x20\0\0\x7a\x66\0\0\x69\x78\0\0\x22\x4c\x09\0\x50\x20\0\0\x7a\x66\0\
\0\xa8\x78\0\0\x11\xac\x04\0\x58\x20\0\0\x7a\x66\0\0\xa8\x78\0\0\x1d\xac\x04\0\
\x60\x20\0\0\x7a\x66\0\0\xd4\x78\0\0\x05\xbc\x04\0\x68\x20\0\0\x7a\x66\0\0\xfb\
\x78\0\0\x17\xc4\x04\0\x78\x20\0\0\x7a\x66\0\0\xa8\x78\0\0\x16\xac\x04\0\x80\
\x20\0\0\x7a\x66\0\0\x69\x78\0\0\x2c\x4c\x09\0\x90\x20\0\0\x7a\x66\0\0\x35\x79\
\0\0\x0c\xd4\x04\0\x98\x20\0\0\x7a\x66\0\0\x69\x78\0\0\x09\x4c\x09\0\xa0\x20\0\
\0\x7a\x66\0\0\x77\x79\0\0\x11\x5c\x09\0\xa8\x20\0\0\x7a\x66\0\0\x77\x79\0\0\
\x0c\x5c\x09\0\xb8\x20\0\0\x7a\x66\0\0\x77\x79\0\0\x11\x5c\x09\0\xc0\x20\0\0\
\x7a\x66\0\0\xdb\x67\0\0\x09\x6c\x09\0\xe0\x20\0\0\x7a\x66\0\0\x8f\x79\0\0\x09\
\x70\x09\0\xf0\x20\0\0\x7a\x66\0\0\xa4\x79\0\0\x09\x88\x09\0\x10\x21\0\0\x7a\
\x66\0\0\xa4\x79\0\0\x09\x88\x09\0\x18\x21\0\0\x7a\x66\0\0\xf3\x79\0\0\x11\xa4\
\x09\0\x28\x21\0\0\x7a\x66\0\0\x0d\x7a\0\0\x12\xa0\x09\0\x38\x21\0\0\x7a\x66\0\
\0\xf3\x79\0\0\x11\xa4\x09\0\x40\x21\0\0\x7a\x66\0\0\x30\x7a\0\0\x09\xac\x09\0\
\x68\x21\0\0\x7a\x66\0\0\x30\x7a\0\0\x09\xac\x09\0\x78\x21\0\0\x7a\x66\0\0\x7b\
\x7a\0\0\x09\xb0\x09\0\xa0\x21\0\0\x7a\x66\0\0\xc4\x70\0\0\x09\xc0\x05\0\xb8\
\x21\0\0\x7a\x66\0\0\xf5\x70\0\0\x09\xc4\x05\0\xc8\x21\0\0\x7a\x66\0\0\xb8\x7a\
\0\0\x05\xc4\x09\0\xd0\x21\0\0\x7a\x66\0\0\xf2\x7a\0\0\x0c\xcc\x09\0\xd8\x21\0\
\0\x7a\x66\0\0\xf2\x7a\0\0\x09\xcc\x09\0\xe0\x21\0\0\x7a\x66\0\0\x08\x7b\0\0\
\x26\xd0\x09\0\xe8\x21\0\0\x7a\x66\0\0\x08\x7b\0\0\x21\xd0\x09\0\xf0\x21\0\0\
\x7a\x66\0\0\x28\x71\0\0\x09\xf0\x05\0\x10\x22\0\0\x7a\x66\0\0\xf7\x72\0\0\x0b\
\xf8\x05\0\x18\x22\0\0\x7a\x66\0\0\xf7\x72\0\0\x11\xf8\x05\0\x20\x22\0\0\x7a\
\x66\0\0\xf7\x72\0\0\x09\xf8\x05\0\x28\x22\0\0\x7a\x66\0\0\x1b\x73\0\0\x09\xfc\
\x05\0\x50\x22\0\0\x7a\x66\0\0\x36\x7b\0\0\x05\xe4\x09\0\x90\x22\0\0\x7a\x66\0\
\0\xc4\x70\0\0\x09\xc0\x05\0\xa8\x22\0\0\x7a\x66\0\0\xf5\x70\0\0\x09\xc4\x05\0\
\xb8\x22\0\0\x7a\x66\0\0\x02\x71\0\0\x09\xc8\x05\0\x10\0\0\0\xac\x7b\0\0\x19\0\
\0\0\x60\0\0\0\x32\0\0\0\x66\x7b\0\0\0\0\0\0\x68\0\0\0\x38\0\0\0\x6a\x7b\0\0\0\
\0\0\0\x78\0\0\0\x32\0\0\0\x6e\x7b\0\0\0\0\0\0\x80\0\0\0\xca\0\0\0\x6e\x7b\0\0\
\0\0\0\0\x90\0\0\0\x29\x02\0\0\x72\x7b\0\0\0\0\0\0\xa8\0\0\0\x29\x02\0\0\x78\
\x7b\0\0\0\0\0\0\x10\x01\0\0\x32\0\0\0\x6e\x7b\0\0\0\0\0\0\x18\x01\0\0\xca\0\0\
\0\x81\x7b\0\0\0\0\0\0\x20\x01\0\0\xca\0\0\0\x86\x7b\0\0\0\0\0\0\x28\x01\0\0\
\xca\0\0\0\x8b\x7b\0\0\0\0\0\0\x30\x01\0\0\xca\0\0\0\x8f\x7b\0\0\0\0\0\0\x38\
\x01\0\0\xca\0\0\0\x99\x7b\0\0\0\0\0\0\xf8\x12\0\0\x32\0\0\0\x6e\x7b\0\0\0\0\0\
\0\0\x13\0\0\xca\0\0\0\x81\x7b\0\0\0\0\0\0\x08\x13\0\0\xca\0\0\0\x99\x7b\0\0\0\
\0\0\0\x10\x13\0\0\xca\0\0\0\x8f\x7b\0\0\0\0\0\0\x68\x14\0\0\x32\0\0\0\x6e\x7b\
\0\0\0\0\0\0\x70\x14\0\0\xca\0\0\0\x81\x7b\0\0\0\0\0\0\x78\x14\0\0\xca\0\0\0\
\x86\x7b\0\0\0\0\0\0\x80\x14\0\0\xca\0\0\0\x8b\x7b\0\0\0\0\0\0\x88\x14\0\0\xca\
\0\0\0\x8f\x7b\0\0\0\0\0\0\x90\x14\0\0\xca\0\0\0\x99\x7b\0\0\0\0\0\0\x48\x20\0\
\0\x32\0\0\0\x6e\x7b\0\0\0\0\0\0\x50\x20\0\0\xca\0\0\0\x81\x7b\0\0\0\0\0\0\x58\
\x20\0\0\xca\0\0\0\x8f\x7b\0\0\0\0\0\0\0\0\0\0\0\0\0\0\0\0\0\0\0\0\0\0\0\0\0\0\
\0\0\0\0\0\0\0\0\0\0\0\0\0\0\0\0\0\0\0\0\0\0\0\0\0\0\0\0\0\0\0\0\0\0\0\0\0\0\0\
\0\0\0\0\0\0\0\0\0\x01\0\0\0\x03\0\0\0\x20\0\0\0\0\0\0\0\0\0\0\0\0\0\0\0\x40\0\
\0\0\0\0\0\0\xfa\x01\0\0\0\0\0\0\0\0\0\0\0\0\0\0\x01\0\0\0\0\0\0\0\0\0\0\0\0\0\
\0\0\x09\0\0\0\x02\0\0\0\0\0\0\0\0\0\0\0\0\0\0\0\0\0\0\0\x40\x02\0\0\0\0\0\0\
\xe0\x04\0\0\0\0\0\0\x01\0\0\0\0\0\0\0\x08\0\0\0\0\0\0\0\x18\0\0\0\0\0\0\0\x11\
\0\0\0\x01\0\0\0\x06\0\0\0\0\0\0\0\0\0\0\0\0\0\0\0\x20\x07\0\0\0\0\0\0\xc8\x22\
\0\0\0\0\0\0\0\0\0\0\0\0\0\0\x08\0\0\0\0\0\0\0\0\0\0\0\0\0\0\0\x1b\0\0\0\x01\0\
\0\0\x03\0\0\0\0\0\0\0\0\0\0\0\0\0\0\0\xe8\x29\0\0\0\0\0\0\xa8\0\0\0\0\0\0\0\0\
\0\0\0\0\0\0\0\x08\0\0\0\0\0\0\0\0\0\0\0\0\0\0\0\x21\0\0\0\x01\0\0\0\x03\0\0\0\
\0\0\0\0\0\0\0\0\0\0\0\0\x90\x2a\0\0\0\0\0\0\x04\0\0\0\0\0\0\0\0\0\0\0\0\0\0\0\
\x01\0\0\0\0\0\0\0\0\0\0\0\0\0\0\0\xde\x01\0\0\x09\0\0\0\x40\0\0\0\0\0\0\0\0\0\
\0\0\0\0\0\0\x98\x2a\0\0\0\0\0\0\x30\x01\0\0\0\0\0\0\x02\0\0\0\x03\0\0\0\x08\0\
\0\0\0\0\0\0\x10\0\0\0\0\0\0\0\xec\x01\0\0\x01\0\0\0\0\0\0\0\0\0\0\0\0\0\0\0\0\
\0\0\0\xc8\x2b\0\0\0\0\0\0\xfe\x02\x01\0\0\0\0\0\0\0\0\0\0\0\0\0\x08\0\0\0\0\0\
\0\0\0\0\0\0\0\0\0\0\xf1\x01\0\0\x01\0\0\0\0\0\0\0\0\0\0\0\0\0\0\0\0\0\0\0\xc8\
\x2e\x01\0\0\0\0\0\x14\x15\0\0\0\0\0\0\0\0\0\0\0\0\0\0\x08\0\0\0\0\0\0\0\0\0\0\
\0\0\0\0\0";

	*sz = sizeof(data) - 1;
	return (const void *)data;
}

#ifdef __cplusplus
struct ngx_ebpf *ngx_ebpf::open(const struct bpf_object_open_opts *opts) { return ngx_ebpf__open_opts(opts); }
struct ngx_ebpf *ngx_ebpf::open_and_load() { return ngx_ebpf__open_and_load(); }
int ngx_ebpf::load(struct ngx_ebpf *skel) { return ngx_ebpf__load(skel); }
int ngx_ebpf::attach(struct ngx_ebpf *skel) { return ngx_ebpf__attach(skel); }
void ngx_ebpf::detach(struct ngx_ebpf *skel) { ngx_ebpf__detach(skel); }
void ngx_ebpf::destroy(struct ngx_ebpf *skel) { ngx_ebpf__destroy(skel); }
const void *ngx_ebpf::elf_bytes(size_t *sz) { return ngx_ebpf__elf_bytes(sz); }
#endif /* __cplusplus */

__attribute__((unused)) static void
ngx_ebpf__assert(struct ngx_ebpf *s __attribute__((unused)))
{
#ifdef __cplusplus
#define _Static_assert static_assert
#endif
#ifdef __cplusplus
#undef _Static_assert
#endif
}

#endif /* __NGX_EBPF_SKEL_H__ */
